client_name_sheet,crm_customer_id,crm_customer_name,customer_match_method,source_sheet,sheet_serial,sheet_ttspl,sheet_model,sheet_per_month_rate,sheet_rent_amount,match_by,crm_serial_id,crm_serial_number,crm_ttspl,crm_monthly_rate,rate_status
GRAYOPUS TECHNOLOGIES PRIVATE LIMITED,105,GRAYOPUS TECHNOLOGIES PRIVATE LIMITED,name,LOT,BFT81F3,TTSPL2989,Dell Latitude 5411,1899,1899,ttspl,727,BFT81F3,TTSPL2989,1899,RATE_OK
GRAYOPUS TECHNOLOGIES PRIVATE LIMITED,105,GRAYOPUS TECHNOLOGIES PRIVATE LIMITED,name,LOT,68GR793,TTSPL2990,Dell Latitude 5411,1899,1899,ttspl,728,68GR793,TTSPL2990,1899,RATE_OK
GRAYOPUS TECHNOLOGIES PRIVATE LIMITED,105,GRAYOPUS TECHNOLOGIES PRIVATE LIMITED,name,LOT,9GLXL63,TTSPL2992,Dell Latitude 5410,1899,1899,ttspl,729,9GLXL63,TTSPL2992,1899,RATE_OK
GRAYOPUS TECHNOLOGIES PRIVATE LIMITED,105,GRAYOPUS TECHNOLOGIES PRIVATE LIMITED,name,LOT,61W7063,TTSPL2996,Dell Latitude 5410,1899,1899,ttspl,730,61W7063,TTSPL2996,1899,RATE_OK
GRAYOPUS TECHNOLOGIES PRIVATE LIMITED,105,GRAYOPUS TECHNOLOGIES PRIVATE LIMITED,name,LOT,2QKD893,TTSPL3012,Dell Latitude 5411,1899,1899,ttspl,733,2QKD893,TTSPL3012,1899,RATE_OK
GRAYOPUS TECHNOLOGIES PRIVATE LIMITED,105,GRAYOPUS TECHNOLOGIES PRIVATE LIMITED,name,LOT,DCZL473,TTSPL3013,Dell Latitude 5411,1899,1899,ttspl,734,DCZL473,TTSPL3013,1899,RATE_OK
GRAYOPUS TECHNOLOGIES PRIVATE LIMITED,105,GRAYOPUS TECHNOLOGIES PRIVATE LIMITED,name,LOT,5CD1131RYM,TTSPL2940,HP 14S-DQ2xxx,1899,1899,ttspl,2265,5CD1131RYM,TTSPL2940,1899,RATE_OK
GRAYOPUS TECHNOLOGIES PRIVATE LIMITED,105,GRAYOPUS TECHNOLOGIES PRIVATE LIMITED,name,LOT,PC1NVAXG,TTSPL3539,Lenovo Thinkpad X-13,1899,1899,ttspl,738,PC1NVAXG,TTSPL3539,1899,RATE_OK
GRAYOPUS TECHNOLOGIES PRIVATE LIMITED,105,GRAYOPUS TECHNOLOGIES PRIVATE LIMITED,name,LOT,PF25W6C1,TTSPL4402,Lenovo Thinkpad T490,2199,2199,ttspl,739,PF25W6C1,TTSPL4402,2199,RATE_OK
GRAYOPUS TECHNOLOGIES PRIVATE LIMITED,105,GRAYOPUS TECHNOLOGIES PRIVATE LIMITED,name,LOT,PF2BT0AZ,TTSPL4403,Lenovo Thinkpad T490,2199,2199,ttspl,740,PF2BT0AZ,TTSPL4403,2199,RATE_OK
GRAYOPUS TECHNOLOGIES PRIVATE LIMITED,105,GRAYOPUS TECHNOLOGIES PRIVATE LIMITED,name,LOT,PF2AYJZ7,TTSPL4407,Lenovo Thinkpad T490,2199,2199,ttspl,741,PF2AYJZ7,TTSPL4407,2199,RATE_OK
GRAYOPUS TECHNOLOGIES PRIVATE LIMITED,105,GRAYOPUS TECHNOLOGIES PRIVATE LIMITED,name,LOT,PF2642AW,TTSPL4411,Lenovo Thinkpad T490,2199,2199,ttspl,742,PF2642AW,TTSPL4411,2199,RATE_OK
GRAYOPUS TECHNOLOGIES PRIVATE LIMITED,105,GRAYOPUS TECHNOLOGIES PRIVATE LIMITED,name,LOT,PF261Z15,TTSPL4412,Lenovo Thinkpad T490,2199,2199,ttspl,743,PF261Z15,TTSPL4412,2199,RATE_OK
GRAYOPUS TECHNOLOGIES PRIVATE LIMITED,105,GRAYOPUS TECHNOLOGIES PRIVATE LIMITED,name,LOT,PF2BV7ST,TTSPL4417,Lenovo Thinkpad T490,2199,2199,ttspl,744,PF2BV7ST,TTSPL4417,2199,RATE_OK
GRAYOPUS TECHNOLOGIES PRIVATE LIMITED,105,GRAYOPUS TECHNOLOGIES PRIVATE LIMITED,name,LOT,687H8D3,TTSPL4500,Dell Latitude 5420,1899,1899,ttspl,745,687H8D3,TTSPL4500,1899,RATE_OK
GRAYOPUS TECHNOLOGIES PRIVATE LIMITED,105,GRAYOPUS TECHNOLOGIES PRIVATE LIMITED,name,LOT,J9TN4D3,TTSPL4562,Dell Latitude 5420,1899,1899,ttspl,746,J9TN4D3,TTSPL4562,1899,RATE_OK
GRAYOPUS TECHNOLOGIES PRIVATE LIMITED,105,GRAYOPUS TECHNOLOGIES PRIVATE LIMITED,name,LOT,9L6R2F3,TTSPL4670,Dell Latitude 5420,2199,2199,ttspl,747,9L6R2F3,TTSPL4670,2199,RATE_OK
GRAYOPUS TECHNOLOGIES PRIVATE LIMITED,105,GRAYOPUS TECHNOLOGIES PRIVATE LIMITED,name,LOT,1Q370J3,TTSPL4788,Dell Latitude 5420,1899,1899,ttspl,749,1Q370J3,TTSPL4788,1899,RATE_OK
GRAYOPUS TECHNOLOGIES PRIVATE LIMITED,105,GRAYOPUS TECHNOLOGIES PRIVATE LIMITED,name,LOT,26R5HK3,TTSPL5796,Dell Latitude 5420,2599,2599,ttspl,2403,26R5HK3,TTSPL5796,2599,RATE_OK
GRAYOPUS TECHNOLOGIES PRIVATE LIMITED,105,GRAYOPUS TECHNOLOGIES PRIVATE LIMITED,name,LOT,HQGF0B3,TTSPL3442,Dell Latitude 5310 (TOUCH SCREEN),1899,1899,ttspl,750,HQGF0B3,TTSPL3442,1899,RATE_OK
GRAYOPUS TECHNOLOGIES PRIVATE LIMITED,105,GRAYOPUS TECHNOLOGIES PRIVATE LIMITED,name,LOT,CKP1T93,TTSPL6272,Dell Latitude 3410,1899,1899,ttspl,2404,CKP1T93,TTSPL6272,1899,RATE_OK
GRAYOPUS TECHNOLOGIES PRIVATE LIMITED,105,GRAYOPUS TECHNOLOGIES PRIVATE LIMITED,name,LOT,5T21M63,TTSPL2991,Dell Latitude 5410,1899,1899,ttspl,2947,5T21M63,TTSPL2991,1899,RATE_OK
GRAYOPUS TECHNOLOGIES PRIVATE LIMITED,105,GRAYOPUS TECHNOLOGIES PRIVATE LIMITED,name,LOT,16LS203,TTSPL6536,Dell Latitude 3410,1799,1799,ttspl,3527,16LS203,TTSPL6536,1799,RATE_OK
GRAYOPUS TECHNOLOGIES PRIVATE LIMITED,105,GRAYOPUS TECHNOLOGIES PRIVATE LIMITED,name,LOT,32ZBRG3,TTSPL6610,Dell Latitude 3420,1799,1799,ttspl,2730,32ZBRG3,TTSPL6610,1799,RATE_OK
GRAYOPUS TECHNOLOGIES PRIVATE LIMITED,105,GRAYOPUS TECHNOLOGIES PRIVATE LIMITED,name,LOT,3LK5QG3,TTSPL6266,Dell Latitude 3420,1799,1799,ttspl,3766,3LK5QG3,TTSPL6266,1799,RATE_OK
GRAYOPUS TECHNOLOGIES PRIVATE LIMITED,105,GRAYOPUS TECHNOLOGIES PRIVATE LIMITED,name,LOT,9Q33C63,TTSPL6666,Dell Latitude 3410,1799,1799,ttspl,3475,9Q33C63,TTSPL6666,1799,RATE_OK
GRAYOPUS TECHNOLOGIES PRIVATE LIMITED,105,GRAYOPUS TECHNOLOGIES PRIVATE LIMITED,name,LOT,J0X68G3,TTSPL7439,Dell Latitude 5420,1899,2634.1,ttspl,8203,J0X68G3,TTSPL7439,1899,RATE_OK
GRAYOPUS TECHNOLOGIES PRIVATE LIMITED,105,GRAYOPUS TECHNOLOGIES PRIVATE LIMITED,name,LOT,2J7F0J3,TTSPL7536,Dell Latitude 5420,1899,2389.06,ttspl,8452,2J7F0J3,TTSPL7536,1899,RATE_OK
E N COMMUNICATION PRIVATE LIMITED,104,E N COMMUNICATION PRIVATE LIMITED,name,LOT,5J9L163,TTSPL4100,Dell Latitude 5410,1799,1799,ttspl,2189,5J9L163,TTSPL4100,1799,RATE_OK
E N COMMUNICATION PRIVATE LIMITED,104,E N COMMUNICATION PRIVATE LIMITED,name,LOT,CMKL163,TTSPL4101,Dell Latitude 5410,1799,1799,ttspl,2190,CMKL163,TTSPL4101,1799,RATE_OK
E N COMMUNICATION PRIVATE LIMITED,104,E N COMMUNICATION PRIVATE LIMITED,name,LOT,1MGM163,TTSPL4102,Dell Latitude 5410,1799,1799,ttspl,2191,1MGM163,TTSPL4102,1799,RATE_OK
E N COMMUNICATION PRIVATE LIMITED,104,E N COMMUNICATION PRIVATE LIMITED,name,LOT,3KSZFB3,TTSPL4106,Dell Latitude 5410,1799,1799,ttspl,2192,3KSZFB3,TTSPL4106,1799,RATE_OK
E N COMMUNICATION PRIVATE LIMITED,104,E N COMMUNICATION PRIVATE LIMITED,name,LOT,37PL163,TTSPL4107,Dell Latitude 5410,1799,1799,ttspl,2193,37PL163,TTSPL4107,1799,RATE_OK
E N COMMUNICATION PRIVATE LIMITED,104,E N COMMUNICATION PRIVATE LIMITED,name,LOT,3FRJ163,TTSPL4108,Dell Latitude 5410,1799,1799,ttspl,2194,3FRJ163,TTSPL4108,1799,RATE_OK
E N COMMUNICATION PRIVATE LIMITED,104,E N COMMUNICATION PRIVATE LIMITED,name,LOT,74PL163,TTSPL4109,Dell Latitude 5410,1799,1799,ttspl,2195,74PL163,TTSPL4109,1799,RATE_OK
E N COMMUNICATION PRIVATE LIMITED,104,E N COMMUNICATION PRIVATE LIMITED,name,LOT,G95P163,TTSPL4111,Dell Latitude 5410,1799,1799,ttspl,2196,G95P163,TTSPL4111,1799,RATE_OK
E N COMMUNICATION PRIVATE LIMITED,104,E N COMMUNICATION PRIVATE LIMITED,name,LOT,JGQHDB3,TTSPL3800,Dell Latitude 5410,1799,1799,ttspl,2197,JGQHDB3,TTSPL3800,1799,RATE_OK
E N COMMUNICATION PRIVATE LIMITED,104,E N COMMUNICATION PRIVATE LIMITED,name,LOT,BZT5273,TTSPL3801,Dell Latitude 5410,1799,1799,ttspl,2198,BZT5273,TTSPL3801,1799,RATE_OK
RHOPHI ANALYTICS LLP,106,RHOPHI ANALYTICS LLP (Punjab),name,LOT,FVFDRBDYQ05D,TTSPL3175,Apple MacBook Pro M1,5499,5499,ttspl,441,FVFDRBDYQ05D,TTSPL3175,5499,RATE_OK
RHOPHI ANALYTICS LLP,106,RHOPHI ANALYTICS LLP (Punjab),name,LOT,K9J9L39W7Q,TTSPL3215,MacBook Pro M2,6999,6999,ttspl,2089,K9J9L39W7Q,TTSPL3215,6999,RATE_OK
RHOPHI ANALYTICS LLP,106,RHOPHI ANALYTICS LLP (Punjab),name,LOT,FVFFFD62Q05D,TTSPL3255,Apple Macbook Pro,5490,5490,ttspl,2091,FVFFFD62Q05D,TTSPL3255,5490,RATE_OK
RHOPHI ANALYTICS LLP,106,RHOPHI ANALYTICS LLP (Punjab),name,LOT,KWJN07F9JW,TTSPL4316,Apple Macbook Air,5499,5499,ttspl,2093,KWJN07F9JW,TTSPL4316,5499,RATE_OK
RHOPHI ANALYTICS LLP,106,RHOPHI ANALYTICS LLP (Punjab),name,LOT,G49QKGJDPQ,TTSPL4317,Apple Macbook Air,5499,5499,ttspl,2094,G49QKGJDPQ,TTSPL4317,5499,RATE_OK
RHOPHI ANALYTICS LLP,106,RHOPHI ANALYTICS LLP (Punjab),name,LOT,K2Q74HYH27,TTSPL4318,Apple Macbook Air,5499,5499,ttspl,2095,K2Q74HYH27,TTSPL4318,5499,RATE_OK
RHOPHI ANALYTICS LLP,106,RHOPHI ANALYTICS LLP (Punjab),name,LOT,CYQJ4V1W2R,TTSPL4428,Apple Macbook Air,5499,5499,ttspl,2096,CYQJ4V1W2R,TTSPL4428,5499,RATE_OK
RHOPHI ANALYTICS LLP,106,RHOPHI ANALYTICS LLP (Punjab),name,LOT,GFQW49XJN3,TTSPL4567,Apple Macbook Air,5999,5999,ttspl,444,GFQW49XJN3,TTSPL4567,5999,RATE_OK
RHOPHI ANALYTICS LLP,106,RHOPHI ANALYTICS LLP (Punjab),name,LOT,CND1234MJ8,TTSPL3991,HP Elitebook 1040 G8,3999,3999,ttspl,445,CND1234MJ8,TTSPL3991,3999,RATE_OK
RHOPHI ANALYTICS LLP,106,RHOPHI ANALYTICS LLP (Punjab),name,LOT,C02GQ1LXQ05D,TTSPL2891,Apple Macbook Pro,4999,4999,ttspl,2099,C02GQ1LXQ05D,TTSPL2891,4999,RATE_OK
RHOPHI ANALYTICS LLP,106,RHOPHI ANALYTICS LLP (Punjab),name,LOT,CND12403NS,TTSPL4171,HP Elitebook 1040 G8,3999,3999,ttspl,446,CND12403NS,TTSPL4171,3999,RATE_OK
RHOPHI ANALYTICS LLP,106,RHOPHI ANALYTICS LLP (Punjab),name,LOT,CND1234MCM,TTSPL4008,HP Elitebook 1040 G8,3999,3999,ttspl,450,CND1234MCM,TTSPL4008,3999,RATE_OK
RHOPHI ANALYTICS LLP,106,RHOPHI ANALYTICS LLP (Punjab),name,LOT,L19YPTQYF0,TTSPL5533,Apple Macbook Air,5499,5499,ttspl,452,L19YPTQYF0,TTSPL5533,5499,RATE_OK
RHOPHI ANALYTICS LLP,106,RHOPHI ANALYTICS LLP (Punjab),name,LOT,FP7L2QYW4J,TTSPL5842,Apple Macbook Air,5499,5499,ttspl,453,FP7L2QYW4J,TTSPL5842,5499,RATE_OK
RHOPHI ANALYTICS LLP,106,RHOPHI ANALYTICS LLP (Punjab),name,LOT,GW3P0CXW2J,TTSPL6000,Apple MACBOOK AIR,5499,5499,ttspl,2255,GW3P0CXW2J,TTSPL6000,5499,RATE_OK
RHOPHI ANALYTICS LLP,106,RHOPHI ANALYTICS LLP (Punjab),name,LOT,CQ0LH6K5WH,TTSPL5854,Apple Macbook Pro,8999,8999,ttspl,2256,CQ0LH6K5WH,TTSPL5854,8999,RATE_OK
RHOPHI ANALYTICS LLP,106,RHOPHI ANALYTICS LLP (Punjab),name,LOT,PF55GD4K,TTSPL4969,Lenovo V14 (Gen 3),2999,2999,ttspl,456,PF55GD4K,TTSPL4969,2999,RATE_OK
RHOPHI ANALYTICS LLP,106,RHOPHI ANALYTICS LLP (Punjab),name,LOT,FCJYDQG9N5,TTSPL6042,APPLE MACBOOK AIR,5499,5499,ttspl,2257,FCJYDQG9N5,TTSPL6042,5499,RATE_OK
RHOPHI ANALYTICS LLP,106,RHOPHI ANALYTICS LLP (Punjab),name,LOT,XJ63QP179Q,TTSPL2812,Apple Macbook Pro,5499,5499,ttspl,2101,XJ63QP179Q,TTSPL2812,5499,RATE_OK
RHOPHI ANALYTICS LLP,106,RHOPHI ANALYTICS LLP (Punjab),name,LOT,FVFDVDEPQ05D,TTSPL3890,Apple Macbook Pro,3999,3999,ttspl,457,FVFDVDEPQ05D,TTSPL3890,3999,RATE_OK
RHOPHI ANALYTICS LLP,106,RHOPHI ANALYTICS LLP (Punjab),name,LOT,FVFFM0CEQ05D,TTSPL3173,Apple Macbook Pro,3999,3999,ttspl,458,FVFFM0CEQ05D,TTSPL3173,3999,RATE_OK
RHOPHI ANALYTICS LLP,106,RHOPHI ANALYTICS LLP (Punjab),name,LOT,C6V6XXN2Q0,TTSPL6947,Apple Macbook Air,5499,5499,ttspl,3554,C6V6XXN2Q0,TTSPL6947,5499,RATE_OK
RHOPHI ANALYTICS LLP,106,RHOPHI ANALYTICS LLP (Punjab),name,LOT,K52N4GJJVQ,TTSPL6980,Apple Macbook Pro,10000,10000,ttspl,3587,K52N4GJJVQ,TTSPL6980,10000,RATE_OK
RHOPHI ANALYTICS LLP,106,RHOPHI ANALYTICS LLP (Punjab),name,LOT,D37HHX4C6P,TTSPL7016,Apple Macbook Pro,10000,10000,ttspl,3623,D37HHX4C6P,TTSPL7016,10000,RATE_OK
RHOPHI ANALYTICS LLP,106,RHOPHI ANALYTICS LLP (Punjab),name,LOT,2GKR0T3,TTSPL6952,Dell Latitude 7330 (Touch),3999,3999,ttspl,3559,2GKR0T3,TTSPL6952,3999,RATE_OK
RHOPHI ANALYTICS LLP,106,RHOPHI ANALYTICS LLP (Punjab),name,LOT,C02FCRWVQ6L4,TTSPL5304,Apple Macbook Air,3999,3999,ttspl,2181,C02FCRWVQ6L4,TTSPL5304,3999,RATE_OK
RHOPHI ANALYTICS LLP,106,RHOPHI ANALYTICS LLP (Punjab),name,LOT,L7J5QVK6C7,TTSPL6945,Apple Macbook Air,5499,5499,ttspl,3552,L7J5QVK6C7,TTSPL6945,5499,RATE_OK
RHOPHI ANALYTICS LLP,106,RHOPHI ANALYTICS LLP (Punjab),name,LOT,FVFGK2K1Q05N,TTSPL2887,Apple Macbook Pro,5000,5000,ttspl,2103,FVFGK2K1Q05N,TTSPL2887,5000,RATE_OK
RHOPHI ANALYTICS LLP,106,RHOPHI ANALYTICS LLP (Punjab),name,LOT,5VRD2B3,TTSPL6689,Dell Latitude 3420,2499,2499,ttspl,2761,5VRD2B3,TTSPL6689,2499,RATE_OK
RHOPHI ANALYTICS LLP,106,RHOPHI ANALYTICS LLP (Punjab),name,LOT,FVFHGAPLQ05D,TTSPL3676,Apple Macbook Pro,5499,5499,ttspl,2200,FVFHGAPLQ05D,TTSPL3676,5499,RATE_OK
RHOPHI ANALYTICS LLP,106,RHOPHI ANALYTICS LLP (Punjab),name,LOT,FVFFDG60Q05D,TTSPL3176,Apple Macbook Pro (2020 model),4500,4500,ttspl,455,FVFFDG60Q05D,TTSPL3176,4500,RATE_OK
RHOPHI ANALYTICS LLP,106,RHOPHI ANALYTICS LLP (Punjab),name,LOT,D096N1VP41,TTSPL7353,Apple Macbook Air,6999,6999,ttspl,4064,D096N1VP41,TTSPL7353,6999,RATE_OK
RHOPHI ANALYTICS LLP,106,RHOPHI ANALYTICS LLP (Punjab),name,LOT,LRRVYDJRW0,TTSPL7354,Apple Macbook Air,6999,6999,ttspl,4065,LRRVYDJRW0,TTSPL7354,6999,RATE_OK
RHOPHI ANALYTICS LLP,106,RHOPHI ANALYTICS LLP (Punjab),name,LOT,F1YYYN77YF,TTSPL7355,Apple Macbook Air,6999,6999,ttspl,4066,F1YYYN77YF,TTSPL7355,6999,RATE_OK
RHOPHI ANALYTICS LLP,106,RHOPHI ANALYTICS LLP (Punjab),name,LOT,FVFGW7NQQ05D,TTSPL2356,Apple MacBook Pro,4999,4999,ttspl,2234,FVFGW7NQQ05D,TTSPL2356,4999,RATE_OK
RHOPHI ANALYTICS LLP,106,RHOPHI ANALYTICS LLP (Punjab),name,LOT,2TK24709PP,TTSPL7364,HP ELITEBOOK 640 G9,3999,3999,ttspl,4075,2TK24709PP,TTSPL7364,3999,RATE_OK
RHOPHI ANALYTICS LLP,106,RHOPHI ANALYTICS LLP (Punjab),name,LOT,F764GD4PHF,TTSPL6019,Apple Macbook Air,5499,5499,ttspl,2302,F764GD4PHF,TTSPL6019,5499,RATE_OK
RHOPHI ANALYTICS LLP,106,RHOPHI ANALYTICS LLP (Punjab),name,LOT,HWGG44JVX3,TTSPL5452,Apple MacBook Pro,8999,8999,ttspl,2214,HWGG44JVX3,TTSPL5452,8999,RATE_OK
RHOPHI ANALYTICS LLP,106,RHOPHI ANALYTICS LLP (Punjab),name,LOT,FVFG6CSRQ05D,TTSPL3172,Apple MacBook Pro,4500,4500,ttspl,443,FVFG6CSRQ05D,TTSPL3172,4500,RATE_OK
RHOPHI ANALYTICS LLP,106,RHOPHI ANALYTICS LLP (Punjab),name,LOT,5S332F3,TTSPL3470,Dell Latitude 5420,3999,7869,ttspl,1039,5S332F3,TTSPL3470,3999,RATE_OK
RHOPHI ANALYTICS LLP,106,RHOPHI ANALYTICS LLP (Punjab),name,LOT,GJY1HXFFQ0,TTSPL4371,Apple Macbook Air,5499,8337.19,ttspl,2045,GJY1HXFFQ0,TTSPL4371,5499,RATE_OK
RHOPHI ANALYTICS LLP,106,RHOPHI ANALYTICS LLP (Punjab),name,LOT,JWCX3T97YG,TTSPL5224,Apple Macbook Air (15 INCH),5499,6918.1,ttspl,2063,JWCX3T97YG,TTSPL5224,5499,RATE_OK
RHOPHI ANALYTICS LLP,106,RHOPHI ANALYTICS LLP (Punjab),name,LOT,FC41GC6JM6,TTSPL7539,Apple Macbook Air,8499,10966.45,ttspl,8455,FC41GC6JM6,TTSPL7539,8499,RATE_OK
RHOPHI ANALYTICS LLP,106,RHOPHI ANALYTICS LLP (Punjab),name,LOT,CND1234MFT,TTSPL3979,HP Elitebook X360 1040 G8,3999,4644,ttspl,1056,CND1234MFT,TTSPL3979,3999,RATE_OK
Kinolve Software India Pvt Ltd,965,Kinolve Software India Pvt Ltd,name,LOT,PF227WN2,TTSPL3182,Lenovo Thinkpad T-490,2500,2500,ttspl_other_customer,269,PF227WN2,TTSPL3182,2500,RATE_OK
Kinolve Software India Pvt Ltd,965,Kinolve Software India Pvt Ltd,name,LOT,1KYQ793,TTSPL3783,Dell Latitude 5410,2500,2500,ttspl_other_customer,271,1KYQ793,TTSPL3783,2500,RATE_OK
Kinolve Software India Pvt Ltd,965,Kinolve Software India Pvt Ltd,name,LOT,MNNMBNV,TTSPL3059,Dell Latitude 5410,2500,2500,ttspl_other_customer,272,MNNMBNV,TTSPL3059,2500,RATE_OK
Kinolve Software India Pvt Ltd,965,Kinolve Software India Pvt Ltd,name,LOT,5RWFFL3,TTSPL4248,Dell Latitude 5320,3500,3500,ttspl_other_customer,275,5RWFFL3,TTSPL4248,3500,RATE_OK
Kinolve Software India Pvt Ltd,965,Kinolve Software India Pvt Ltd,name,LOT,CND1234ZL8,TTSPL4262,HP Elitebook 1040 G8,3500,3500,ttspl_other_customer,278,CND1234ZL8,TTSPL4262,3500,RATE_OK
Kinolve Software India Pvt Ltd,965,Kinolve Software India Pvt Ltd,name,LOT,8RHKP93,TTSPL4292,Dell Latitude 5320,3500,3500,ttspl_other_customer,281,8RHKP93,TTSPL4292,3500,RATE_OK
Kinolve Software India Pvt Ltd,965,Kinolve Software India Pvt Ltd,name,LOT,F1TX303,TTSPL4087,Dell Latitude 5310,2500,2500,ttspl_other_customer,282,F1TX303,TTSPL4087,2500,RATE_OK
Kinolve Software India Pvt Ltd,965,Kinolve Software India Pvt Ltd,name,LOT,CND1387HC7,TTSPL4296,HP Elitebook X360 1030 G8,3500,3500,ttspl_other_customer,283,CND1387HC7,TTSPL4296,3500,RATE_OK
Kinolve Software India Pvt Ltd,965,Kinolve Software India Pvt Ltd,name,LOT,CND1387HCK,TTSPL4297,HP Elitebook X360 1030 G8,3500,3500,ttspl_other_customer,284,CND1387HCK,TTSPL4297,3500,RATE_OK
Kinolve Software India Pvt Ltd,965,Kinolve Software India Pvt Ltd,name,LOT,CND1387HCD,TTSPL4299,HP Elitebook X360 1030 G8,3500,3500,ttspl_other_customer,286,CND1387HCD,TTSPL4299,3500,RATE_OK
Kinolve Software India Pvt Ltd,965,Kinolve Software India Pvt Ltd,name,LOT,GRF53B3,TTSPL4307,Dell Latitude 5320,3500,3500,ttspl_other_customer,287,GRF53B3,TTSPL4307,3500,RATE_OK
Kinolve Software India Pvt Ltd,965,Kinolve Software India Pvt Ltd,name,LOT,JRF53B3,TTSPL4308,Dell Latitude 5320,3500,3500,ttspl_other_customer,288,JRF53B3,TTSPL4308,3500,RATE_OK
Kinolve Software India Pvt Ltd,965,Kinolve Software India Pvt Ltd,name,LOT,PC2830BE,TTSPL4358,Lenovo Thinkpad X-13,2500,2500,ttspl_other_customer,291,PC2830BE,TTSPL4358,2500,RATE_OK
Kinolve Software India Pvt Ltd,965,Kinolve Software India Pvt Ltd,name,LOT,PC28HQ0E,TTSPL4362,Lenovo Thinkpad X-13,2500,2500,ttspl_other_customer,292,PC28HQ0E,TTSPL4362,2500,RATE_OK
Kinolve Software India Pvt Ltd,965,Kinolve Software India Pvt Ltd,name,LOT,1M381J3,TTSPL3719,Dell Latitude 5420,3499,3499,ttspl_other_customer,294,1M381J3,TTSPL3719,3499,RATE_OK
Kinolve Software India Pvt Ltd,965,Kinolve Software India Pvt Ltd,name,LOT,F5FP0MJKGL,TTSPL4474,Apple Macbook Air,5499,5499,ttspl_other_customer,2084,F5FP0MJKGL,TTSPL4474,5499,RATE_OK
Kinolve Software India Pvt Ltd,965,Kinolve Software India Pvt Ltd,name,LOT,PG04FAHK,TTSPL4974,Lenovo V14 (Gen 3),2500,2500,ttspl_other_customer,300,PG04FAHK,TTSPL4974,2500,RATE_OK
Kinolve Software India Pvt Ltd,965,Kinolve Software India Pvt Ltd,name,LOT,PF5E77BB,TTSPL5054,Lenovo V14 (Gen 3),3500,3500,ttspl_other_customer,302,PF5E77BB,TTSPL5054,3500,RATE_OK
Kinolve Software India Pvt Ltd,965,Kinolve Software India Pvt Ltd,name,LOT,PF56QWY7,TTSPL5057,Lenovo V14 (Gen 3),3500,3500,ttspl_other_customer,304,PF56QWY7,TTSPL5057,3500,RATE_OK
Kinolve Software India Pvt Ltd,965,Kinolve Software India Pvt Ltd,name,LOT,PF56LJRV,TTSPL5059,Lenovo V14 (Gen 3),3500,3500,ttspl_other_customer,305,PF56LJRV,TTSPL5059,3500,RATE_OK
Kinolve Software India Pvt Ltd,965,Kinolve Software India Pvt Ltd,name,LOT,PF53CLN9,TTSPL5109,Lenovo V14 (Gen 3),2500,2500,ttspl_other_customer,306,PF53CLN9,TTSPL5109,2500,RATE_OK
Kinolve Software India Pvt Ltd,965,Kinolve Software India Pvt Ltd,name,LOT,PF55FX4L,TTSPL5121,Lenovo V14 (Gen 3),2500,2500,ttspl_other_customer,307,PF55FX4L,TTSPL5121,2500,RATE_OK
Kinolve Software India Pvt Ltd,965,Kinolve Software India Pvt Ltd,name,LOT,PG04GTDY,TTSPL5128,Lenovo V14 (Gen 3),2500,2500,ttspl_other_customer,308,PG04GTDY,TTSPL5128,2500,RATE_OK
Kinolve Software India Pvt Ltd,965,Kinolve Software India Pvt Ltd,name,LOT,DY1JPJXD0J,TTSPL5223,Apple Macbook Air,5000,5000,ttspl_other_customer,2085,DY1JPJXD0J,TTSPL5223,5000,RATE_OK
Kinolve Software India Pvt Ltd,965,Kinolve Software India Pvt Ltd,name,LOT,CND1234MFM,TTSPL3986,HP Elitebook 1040 G8,3500,3500,ttspl_other_customer,311,CND1234MFM,TTSPL3986,3500,RATE_OK
Kinolve Software India Pvt Ltd,965,Kinolve Software India Pvt Ltd,name,LOT,CND1235182,TTSPL4195,HP Elitebook 1040 G8,3500,3500,ttspl_other_customer,314,CND1235182,TTSPL4195,3500,RATE_OK
Kinolve Software India Pvt Ltd,965,Kinolve Software India Pvt Ltd,name,LOT,5CD4438VS4,TTSPL5512,HP Probook 450 G10,4199,4199,ttspl_other_customer,316,5CD4438VS4,TTSPL5512,4199,RATE_OK
Kinolve Software India Pvt Ltd,965,Kinolve Software India Pvt Ltd,name,LOT,42TH2J3,TTSPL5786,Dell Latitude 5420,3500,3500,ttspl_other_customer,318,42TH2J3,TTSPL5786,3500,RATE_OK
Kinolve Software India Pvt Ltd,965,Kinolve Software India Pvt Ltd,name,LOT,1PTVXT3,TTSPL5342,Dell Latitude 5430,2499,2499,ttspl_other_customer,2773,1PTVXT3,TTSPL5342,2499,RATE_OK
Kinolve Software India Pvt Ltd,965,Kinolve Software India Pvt Ltd,name,LOT,5CD0511GLN,TTSPL6048,HP Probook 430 G8,2499,2499,ttspl_other_customer,2329,5CD0511GLN,TTSPL6048,2499,RATE_OK
Kinolve Software India Pvt Ltd,965,Kinolve Software India Pvt Ltd,name,LOT,D1M1QM3,TTSPL5699,Dell Latitude 5420,2499,2499,ttspl_other_customer,2330,D1M1QM3,TTSPL5699,2499,RATE_OK
Kinolve Software India Pvt Ltd,965,Kinolve Software India Pvt Ltd,name,LOT,33TP3T3,TTSPL6372,Dell Latitude 7330,3500,3500,ttspl_other_customer,322,33TP3T3,TTSPL6372,3500,RATE_OK
Kinolve Software India Pvt Ltd,965,Kinolve Software India Pvt Ltd,name,LOT,583S0T3,TTSPL6370,Dell Latitude 7330,3500,3500,ttspl_other_customer,323,583S0T3,TTSPL6370,3500,RATE_OK
Kinolve Software India Pvt Ltd,965,Kinolve Software India Pvt Ltd,name,LOT,J4YN8S3,TTSPL3977,Dell Latitude 3420,1,1,ttspl_other_customer,2087,J4YN8S3,TTSPL3977,1,RATE_OK
Kinolve Software India Pvt Ltd,965,Kinolve Software India Pvt Ltd,name,LOT,GKWB2J3,TTSPL6354,Dell Latitude 5420,3499,3499,ttspl_other_customer,2334,GKWB2J3,TTSPL6354,3499,RATE_OK
Kinolve Software India Pvt Ltd,965,Kinolve Software India Pvt Ltd,name,LOT,FQ6PKR3,TTSPL6366,Dell Latitude 7430,2500,2500,ttspl_other_customer,324,FQ6PKR3,TTSPL6366,2500,RATE_OK
Kinolve Software India Pvt Ltd,965,Kinolve Software India Pvt Ltd,name,LOT,7T043F3,TTSPL6804,Dell Latitude 5420,3499,3499,ttspl_other_customer,326,7T043F3,TTSPL6804,3499,RATE_OK
Kinolve Software India Pvt Ltd,965,Kinolve Software India Pvt Ltd,name,LOT,PG02JQ5F,TTSPL6416,Lenovo Thinkpad E14 (Gen 2),2499,2499,ttspl_other_customer,2856,PG02JQ5F,TTSPL6416,2499,RATE_OK
Kinolve Software India Pvt Ltd,965,Kinolve Software India Pvt Ltd,name,LOT,BRZ66G3,TTSPL6818,Dell Latitude 7420,3499,3499,ttspl_other_customer,327,BRZ66G3,TTSPL6818,3499,RATE_OK
Kinolve Software India Pvt Ltd,965,Kinolve Software India Pvt Ltd,name,LOT,5CG1404S2V,TTSPL6861,HP Elitebook 840 G8,3500,3500,ttspl_other_customer,329,5CG1404S2V,TTSPL6861,3500,RATE_OK
Kinolve Software India Pvt Ltd,965,Kinolve Software India Pvt Ltd,name,LOT,H3FF4G3,TTSPL6967,Dell Latitude 7420,3499,3499,ttspl_other_customer,3574,H3FF4G3,TTSPL6967,3499,RATE_OK
Kinolve Software India Pvt Ltd,965,Kinolve Software India Pvt Ltd,name,LOT,5CG2028BPF,TTSPL7000,HP Elitebook 840 G8,3499,3499,ttspl_other_customer,3607,5CG2028BPF,TTSPL7000,3499,RATE_OK
Kinolve Software India Pvt Ltd,965,Kinolve Software India Pvt Ltd,name,LOT,5CG31304L7,TTSPL7003,HP Elitebook 840 G8,3499,3499,ttspl_other_customer,3610,5CG31304L7,TTSPL7003,3499,RATE_OK
Kinolve Software India Pvt Ltd,965,Kinolve Software India Pvt Ltd,name,LOT,5CG2312P62,TTSPL7004,HP Elitebook 840 G8,3499,3499,ttspl_other_customer,3611,5CG2312P62,TTSPL7004,3499,RATE_OK
Kinolve Software India Pvt Ltd,965,Kinolve Software India Pvt Ltd,name,LOT,CND1260XR7,TTSPL4940,HP Elitebook X360 1040 G7,3499,3499,ttspl_other_customer,428,CND1260XR7,TTSPL4940,3499,RATE_OK
Kinolve Software India Pvt Ltd,965,Kinolve Software India Pvt Ltd,name,LOT,8C076G3,TTSPL7020,Dell Latitude 7420,3499,3499,ttspl_other_customer,3583,8C076G3,TTSPL7020,3499,RATE_OK
Kinolve Software India Pvt Ltd,965,Kinolve Software India Pvt Ltd,name,LOT,3LG66L3,TTSPL6977,Dell Latitude 7420,3499,3499,ttspl_other_customer,3584,3LG66L3,TTSPL6977,3499,RATE_OK
Kinolve Software India Pvt Ltd,965,Kinolve Software India Pvt Ltd,name,LOT,5CG1417LKX,TTSPL7030,HP Elitebook 830 G8,3499,3499,ttspl_other_customer,3660,5CG1417LKX,TTSPL7030,3499,RATE_OK
Kinolve Software India Pvt Ltd,965,Kinolve Software India Pvt Ltd,name,LOT,JTM66G3,TTSPL6966,Dell Latitude 7420,3499,3499,ttspl_other_customer,3573,JTM66G3,TTSPL6966,3499,RATE_OK
Kinolve Software India Pvt Ltd,965,Kinolve Software India Pvt Ltd,name,LOT,4B3XZH3,TTSPL4815,Dell Latitude 5420,3500,3500,ttspl_other_customer,168,4B3XZH3,TTSPL4815,3500,RATE_OK
Kinolve Software India Pvt Ltd,965,Kinolve Software India Pvt Ltd,name,LOT,BRQWZH3,TTSPL4752,Dell Latitude 5420,3500,3500,ttspl_other_customer,145,BRQWZH3,TTSPL4752,3500,RATE_OK
Kinolve Software India Pvt Ltd,965,Kinolve Software India Pvt Ltd,name,LOT,5CD13757BP,TTSPL6442,HP Probook 440 G8,3499,3499,ttspl_other_customer,2326,5CD13757BP,TTSPL6442,3499,RATE_OK
Kinolve Software India Pvt Ltd,965,Kinolve Software India Pvt Ltd,name,LOT,48K60J3,TTSPL4782,Dell Latitude 5420,3499,3499,ttspl_other_customer,162,48K60J3,TTSPL4782,3499,RATE_OK
Kinolve Software India Pvt Ltd,965,Kinolve Software India Pvt Ltd,name,LOT,7DWG2J3,TTSPL5692,Dell Latitude 5420,3499,3499,ttspl_other_customer,2480,7DWG2J3,TTSPL5692,3499,RATE_OK
Kinolve Software India Pvt Ltd,965,Kinolve Software India Pvt Ltd,name,LOT,5CG1412PLH,TTSPL7042,HP Elitebook 830 G8,3499,3499,ttspl_other_customer,3672,5CG1412PLH,TTSPL7042,3499,RATE_OK
Kinolve Software India Pvt Ltd,965,Kinolve Software India Pvt Ltd,name,LOT,JYH42F3,TTSPL3734,Dell Latitude 5420,3999,3999,ttspl_other_customer,787,JYH42F3,TTSPL3734,3999,RATE_OK
Kinolve Software India Pvt Ltd,965,Kinolve Software India Pvt Ltd,name,LOT,95M72F3,TTSPL6813,Dell Latitude 5420,3499,3499,ttspl_other_customer,1135,95M72F3,TTSPL6813,3499,RATE_OK
Kinolve Software India Pvt Ltd,965,Kinolve Software India Pvt Ltd,name,LOT,CND1361TQL,TTSPL4192,HP Elitebook 1040 G8,3500,3500,ttspl_other_customer,1307,CND1361TQL,TTSPL4192,3500,RATE_OK
Kinolve Software India Pvt Ltd,965,Kinolve Software India Pvt Ltd,name,LOT,F5R92J3,TTSPL3477,Dell Latitude 5420,3999,3999,ttspl_other_customer,56,F5R92J3,TTSPL3477,3999,RATE_OK
Kinolve Software India Pvt Ltd,965,Kinolve Software India Pvt Ltd,name,LOT,66Z95B3,TTSPL4300,Dell Latitude 5320,3499,3499,ttspl_other_customer,1082,66Z95B3,TTSPL4300,3499,RATE_OK
Kinolve Software India Pvt Ltd,965,Kinolve Software India Pvt Ltd,name,LOT,CND1234ZYM,TTSPL4009,HP Elitebook 1040 G8,3499,3499,ttspl_other_customer,1060,CND1234ZYM,TTSPL4009,3499,RATE_OK
Kinolve Software India Pvt Ltd,965,Kinolve Software India Pvt Ltd,name,LOT,JMN4HK3,TTSPL5695,Dell Latitude 5420,3499,3499,ttspl_other_customer,2313,JMN4HK3,TTSPL5695,3499,RATE_OK
Kinolve Software India Pvt Ltd,965,Kinolve Software India Pvt Ltd,name,LOT,G7W2BC3,TTSPL4607,Dell Latitude 5420 (Touch Screen),3499,3499,ttspl_other_customer,321,G7W2BC3,TTSPL4607,3499,RATE_OK
Kinolve Software India Pvt Ltd,965,Kinolve Software India Pvt Ltd,name,LOT,5CD211D3WJ,TTSPL5138,HP Probook 440 G8,3499,3499,ttspl_other_customer,1448,5CD211D3WJ,TTSPL5138,3499,RATE_OK
Kinolve Software India Pvt Ltd,965,Kinolve Software India Pvt Ltd,name,LOT,5HSWCK3,TTSPL4638,Dell Latitude 5420,3500,3500,ttspl_other_customer,1425,5HSWCK3,TTSPL4638,3500,RATE_OK
Kinolve Software India Pvt Ltd,965,Kinolve Software India Pvt Ltd,name,LOT,D5GVZH3,TTSPL4758,Dell Latitude 5420,3500,3500,ttspl_other_customer,1251,D5GVZH3,TTSPL4758,3500,RATE_OK
Kinolve Software India Pvt Ltd,965,Kinolve Software India Pvt Ltd,name,LOT,G235BC3,TTSPL4612,Dell Latitude 5420 (Touch Screen),3500,3500,ttspl_other_customer,1099,G235BC3,TTSPL4612,3500,RATE_OK
Kinolve Software India Pvt Ltd,965,Kinolve Software India Pvt Ltd,name,LOT,5CG211BCTT,TTSPL6679,HP Probook 840 G8,3500,3500,ttspl_other_customer,234,5CG211BCTT,TTSPL6679,3500,RATE_OK
Kinolve Software India Pvt Ltd,965,Kinolve Software India Pvt Ltd,name,LOT,4TFB4G3,TTSPL6959,Dell Latitude 7420,3500,3500,ttspl_other_customer,3566,4TFB4G3,TTSPL6959,3500,RATE_OK
Kinolve Software India Pvt Ltd,965,Kinolve Software India Pvt Ltd,name,LOT,9KRL2J3,TTSPL3469,Dell Latitude 5420,3500,3500,ttspl_other_customer,1038,9KRL2J3,TTSPL3469,3500,RATE_OK
Kinolve Software India Pvt Ltd,965,Kinolve Software India Pvt Ltd,name,LOT,B9Y95B3,TTSPL4277,Dell Latitude 5320,3500,3500,ttspl_other_customer,1312,B9Y95B3,TTSPL4277,3500,RATE_OK
Kinolve Software India Pvt Ltd,965,Kinolve Software India Pvt Ltd,name,LOT,CND124043Y,TTSPL4030,HP Elitebook 1040 G8,3500,3500,ttspl_other_customer,317,CND124043Y,TTSPL4030,3500,RATE_OK
Kinolve Software India Pvt Ltd,965,Kinolve Software India Pvt Ltd,name,LOT,5CG2121W5D,TTSPL6683,HP Probook 840 G8,3500,3500,ttspl_other_customer,236,5CG2121W5D,TTSPL6683,3500,RATE_OK
Kinolve Software India Pvt Ltd,965,Kinolve Software India Pvt Ltd,name,LOT,5CG2010G23,TTSPL6848,HP Elitebook 840 G8,3500,3500,ttspl_other_customer,245,5CG2010G23,TTSPL6848,3500,RATE_OK
Kinolve Software India Pvt Ltd,965,Kinolve Software India Pvt Ltd,name,LOT,F6CK1J3,TTSPL3737,Dell Latitude 5420,3500,3500,ttspl_other_customer,3767,F6CK1J3,TTSPL3737,3500,RATE_OK
Kinolve Software India Pvt Ltd,965,Kinolve Software India Pvt Ltd,name,LOT,5CG31302WC,TTSPL7007,HP Elitebook 840 G8,3500,3500,ttspl_other_customer,3614,5CG31302WC,TTSPL7007,3500,RATE_OK
Kinolve Software India Pvt Ltd,965,Kinolve Software India Pvt Ltd,name,LOT,5CG2028CDZ,TTSPL6989,HP Elitebook 840 G8,3500,3500,ttspl_other_customer,3596,5CG2028CDZ,TTSPL6989,3500,RATE_OK
Kinolve Software India Pvt Ltd,965,Kinolve Software India Pvt Ltd,name,LOT,5CG20286Z6,TTSPL6932,HP Elitebook 840 G8,3500,3500,ttspl_other_customer,261,5CG20286Z6,TTSPL6932,3500,RATE_OK
Kinolve Software India Pvt Ltd,965,Kinolve Software India Pvt Ltd,name,LOT,8W8XZH3,TTSPL4769,Dell Latitude 5420,3500,6887.1,ttspl_other_customer,569,8W8XZH3,TTSPL4769,3500,RATE_OK
Kinolve Software India Pvt Ltd,965,Kinolve Software India Pvt Ltd,name,LOT,JGGXZH3,TTSPL4825,Dell Latitude 5420,3500,6887.1,ttspl_other_customer,3272,JGGXZH3,TTSPL4825,3500,RATE_OK
Kinolve Software India Pvt Ltd,965,Kinolve Software India Pvt Ltd,name,LOT,7D25HK3,TTSPL6220,Dell Latitude 5420,3500,2935.48,UNMATCHED,,,,,NOT_IN_CRM_ACTIVE
Kinolve Software India Pvt Ltd,965,Kinolve Software India Pvt Ltd,name,LOT,7N2K2J3,TTSPL6299,Dell Latitude 5420,3500,6887.1,ttspl_other_customer,2494,7N2K2J3,TTSPL6299,3500,RATE_OK
Kinolve Software India Pvt Ltd,965,Kinolve Software India Pvt Ltd,name,LOT,J7QB043,TTSPL6811,Dell Latitude 5420,3500,6887.1,ttspl_other_customer,1963,J7QB043,TTSPL6811,3500,RATE_OK
Kinolve Software India Pvt Ltd,965,Kinolve Software India Pvt Ltd,name,LOT,5CG3050JKJ,TTSPL6883,HP Elitebook 840 G8,3500,5870.97,ttspl_other_customer,1508,5CG3050JKJ,TTSPL6883,3500,RATE_OK
Kinolve Software India Pvt Ltd,965,Kinolve Software India Pvt Ltd,name,LOT,CND1387HBM,TTSPL4298,HP Elitebook X360 1030 G8,3500,1693.55,UNMATCHED,,,,,NOT_IN_CRM_ACTIVE
Kinolve Software India Pvt Ltd,965,Kinolve Software India Pvt Ltd,name,LOT,CND124038K,TTSPL4029,HP Elitebook X360 1030 G8,3500,5532.26,ttspl_other_customer,309,CND124038K,TTSPL4029,3500,RATE_OK
Kinolve Software India Pvt Ltd,965,Kinolve Software India Pvt Ltd,name,LOT,964H3F3,TTSPL3484,Dell Latitude 5420,3500,5532.26,ttspl_other_customer,65,964H3F3,TTSPL3484,3500,RATE_OK
Kinolve Software India Pvt Ltd,965,Kinolve Software India Pvt Ltd,name,LOT,CND1234MV6,TTSPL4011,HP Elitebook X360 1030 G8,3500,5532.26,ttspl_other_customer,3689,CND1234MV6,TTSPL4011,3500,RATE_OK
Kinolve Software India Pvt Ltd,965,Kinolve Software India Pvt Ltd,name,LOT,18PXVM3,TTSPL6513,Dell Latitude 5420,3500,5532.26,ttspl_other_customer,2455,18PXVM3,TTSPL6513,3500,RATE_OK
Kinolve Software India Pvt Ltd,965,Kinolve Software India Pvt Ltd,name,LOT,DXK2GY3,TTSPL7420,Dell Latitude 7440,3700,4058.06,ttspl_other_customer,8184,DXK2GY3,TTSPL7420,3700,RATE_OK
Kinolve Software India Pvt Ltd,965,Kinolve Software India Pvt Ltd,name,LOT,9CTQ9Y3,TTSPL7457,Dell Latitude 7440,3700,4058.06,ttspl_other_customer,8221,9CTQ9Y3,TTSPL7457,3700,RATE_OK
Kinolve Software India Pvt Ltd,965,Kinolve Software India Pvt Ltd,name,LOT,J80R9Y3,TTSPL7459,Dell Latitude 7440,3700,4058.06,ttspl_other_customer,8223,J80R9Y3,TTSPL7459,3700,RATE_OK
SELECTASTRO PRIVATE LIMITED,107,SelectAstro Private Limited,name,LOT,T4NRCX04T843188,TTSPL5050,Asus TUF Gaming A15,5090,5090,ttspl,71,T4NRCX04T843188,TTSPL5050,5090,RATE_OK
SELECTASTRO PRIVATE LIMITED,107,SelectAstro Private Limited,name,LOT,T4NRCX04T829185,TTSPL5048,Asus TUF Gaming A15,5090,5090,ttspl,72,T4NRCX04T829185,TTSPL5048,5090,RATE_OK
SELECTASTRO PRIVATE LIMITED,107,SelectAstro Private Limited,name,LOT,JYW1PQ3,TTSPL4663,Dell Latitude 5420,2900,2900,ttspl,73,JYW1PQ3,TTSPL4663,2900,RATE_OK
SELECTASTRO PRIVATE LIMITED,107,SelectAstro Private Limited,name,LOT,T7NRCX02X176294,TTSPL5529,Asus TUF Gaming A15,5090,5090,ttspl,75,T7NRCX02X176294,TTSPL5529,5090,RATE_OK
SELECTASTRO PRIVATE LIMITED,107,SelectAstro Private Limited,name,LOT,5CD437P9K6,TTSPL5506,HP Probook 450 G10,3899,3899,ttspl,78,5CD437P9K6,TTSPL5506,3899,RATE_OK
SELECTASTRO PRIVATE LIMITED,107,SelectAstro Private Limited,name,LOT,2SZ3JL3,TTSPL5721,Dell Latitude 3420,1899,1899,ttspl,2316,2SZ3JL3,TTSPL5721,1899,RATE_OK
SELECTASTRO PRIVATE LIMITED,107,SelectAstro Private Limited,name,LOT,5CD1315Y9Q,TTSPL5326,HP Probook 440 G8,1899,1899,ttspl,2764,5CD1315Y9Q,TTSPL5326,1899,RATE_OK
SELECTASTRO PRIVATE LIMITED,107,SelectAstro Private Limited,name,LOT,5CD141CK5S,TTSPL5406,HP Probook 440 G8,1899,1899,ttspl,2765,5CD141CK5S,TTSPL5406,1899,RATE_OK
SELECTASTRO PRIVATE LIMITED,107,SelectAstro Private Limited,name,LOT,5CD1315YQ4,TTSPL5371,HP Probook 440 G8,1899,1899,ttspl,2767,5CD1315YQ4,TTSPL5371,1899,RATE_OK
SELECTASTRO PRIVATE LIMITED,107,SelectAstro Private Limited,name,LOT,PF32HEZK,TTSPL4698,Lenovo Thinkpad T14,1899,1899,ttspl,81,PF32HEZK,TTSPL4698,1899,RATE_OK
SELECTASTRO PRIVATE LIMITED,107,SelectAstro Private Limited,name,LOT,5CD112LV32,TTSPL6047,HP Probook 440 G8,1899,1899,ttspl,2317,5CD112LV32,TTSPL6047,1899,RATE_OK
SELECTASTRO PRIVATE LIMITED,107,SelectAstro Private Limited,name,LOT,40DM1J3,TTSPL3488,Dell Latitude 5420,2899,2899,ttspl,85,40DM1J3,TTSPL3488,2899,RATE_OK
SELECTASTRO PRIVATE LIMITED,107,SelectAstro Private Limited,name,LOT,PF33BMZR,TTSPL5627,Lenovo Thinkpad E14,1899,1899,ttspl,86,PF33BMZR,TTSPL5627,1899,RATE_OK
SELECTASTRO PRIVATE LIMITED,107,SelectAstro Private Limited,name,LOT,1HK5QG3,TTSPL5837,Dell Latitude 3420,1899,1899,ttspl,2318,1HK5QG3,TTSPL5837,1899,RATE_OK
SELECTASTRO PRIVATE LIMITED,107,SelectAstro Private Limited,name,LOT,PF4C7NF1,TTSPL6426,Lenovo Legion 5,5599,5599,ttspl,87,PF4C7NF1,TTSPL6426,5599,RATE_OK
SELECTASTRO PRIVATE LIMITED,107,SelectAstro Private Limited,name,LOT,T9NRCX06F342393,TTSPL6943,Asus TUF Gaming A15,5599,5599,ttspl,3550,T9NRCX06F342393,TTSPL6943,5599,RATE_OK
SELECTASTRO PRIVATE LIMITED,107,SelectAstro Private Limited,name,LOT,5CG23117X1,TTSPL7008,HP Elitebook 840 G8,3099,3099,ttspl,3615,5CG23117X1,TTSPL7008,3099,RATE_OK
SELECTASTRO PRIVATE LIMITED,107,SelectAstro Private Limited,name,LOT,T9NRCX04R62338D,TTSPL7014,Asus TUF Gaming A15,7599,7599,ttspl,3621,T9NRCX04R62338D,TTSPL7014,7599,RATE_OK
SELECTASTRO PRIVATE LIMITED,107,SelectAstro Private Limited,name,LOT,7QG66L3,TTSPL6978,Dell Latitude 7420,2999,2999,ttspl,3582,7QG66L3,TTSPL6978,2999,RATE_OK
SELECTASTRO PRIVATE LIMITED,107,SelectAstro Private Limited,name,LOT,8P92QG3,TTSPL6598,Dell Latitude 3420,1999,1999,ttspl,2759,8P92QG3,TTSPL6598,1999,RATE_OK
SELECTASTRO PRIVATE LIMITED,107,SelectAstro Private Limited,name,LOT,5YZBRG3,TTSPL6063,Dell Latitude 3420,1999,1999,ttspl,3757,5YZBRG3,TTSPL6063,1899,RATE_MISMATCH
SELECTASTRO PRIVATE LIMITED,107,SelectAstro Private Limited,name,LOT,8DR5M72,TTSPL4098,Dell Latitude E7470,1499,1499,ttspl,1751,8DR5M72,TTSPL4098,1499,RATE_OK
SELECTASTRO PRIVATE LIMITED,107,SelectAstro Private Limited,name,LOT,CDTLZH3,TTSPL7328,Dell Latitude 5420,1899,1899,ttspl,4033,CDTLZH3,TTSPL7328,1899,RATE_OK
SELECTASTRO PRIVATE LIMITED,107,SelectAstro Private Limited,name,LOT,5CG0278J6M,TTSPL7392,HP PROBOOK 640 G5,1399,947.71,UNMATCHED,,,,,NOT_IN_CRM_ACTIVE
SELECTASTRO PRIVATE LIMITED,107,SelectAstro Private Limited,name,LOT,5CG0274LN0,TTSPL7389,HP PROBOOK 640 G5,1399,90.25,UNMATCHED,,,,,NOT_IN_CRM_ACTIVE
SELECTASTRO PRIVATE LIMITED,107,SelectAstro Private Limited,name,LOT,5CG0278CJB,TTSPL7387,HP PROBOOK 640 G5,1399,90.25,ttspl_other_customer,8150,5CG0278CJB,TTSPL7387,1300,RATE_MISMATCH
FLEET LABS TECHNOLOGIES PRIVATE LIMITED (Apna Mart),94,FLEET LABS TECHNOLOGIES PRIVATE LIMITED,name,LOT,BYZVY93,TTSPL4265,Dell Latitude 5320,2999,2999,ttspl,1320,BYZVY93,TTSPL4265,2699,RATE_MISMATCH
FLEET LABS TECHNOLOGIES PRIVATE LIMITED (Apna Mart),94,FLEET LABS TECHNOLOGIES PRIVATE LIMITED,name,LOT,PF2R16LG,TTSPL4325,Lenovo Thinkpad T14,2199,2199,ttspl,1321,PF2R16LG,TTSPL4325,2199,RATE_OK
FLEET LABS TECHNOLOGIES PRIVATE LIMITED (Apna Mart),94,FLEET LABS TECHNOLOGIES PRIVATE LIMITED,name,LOT,PF2R3LT8,TTSPL4329,Lenovo Thinkpad T14,2199,2199,ttspl,1322,PF2R3LT8,TTSPL4329,2199,RATE_OK
FLEET LABS TECHNOLOGIES PRIVATE LIMITED (Apna Mart),94,FLEET LABS TECHNOLOGIES PRIVATE LIMITED,name,LOT,PF2R3CXS,TTSPL4330,Lenovo Thinkpad T14,2199,2199,ttspl,1323,PF2R3CXS,TTSPL4330,2199,RATE_OK
FLEET LABS TECHNOLOGIES PRIVATE LIMITED (Apna Mart),94,FLEET LABS TECHNOLOGIES PRIVATE LIMITED,name,LOT,PF2R1F7Z,TTSPL4333,Lenovo Thinkpad T14,2199,2199,ttspl,1324,PF2R1F7Z,TTSPL4333,2199,RATE_OK
FLEET LABS TECHNOLOGIES PRIVATE LIMITED (Apna Mart),94,FLEET LABS TECHNOLOGIES PRIVATE LIMITED,name,LOT,PF2R17M9,TTSPL4342,Lenovo Thinkpad T14,2199,2199,ttspl,1327,PF2R17M9,TTSPL4342,2199,RATE_OK
FLEET LABS TECHNOLOGIES PRIVATE LIMITED (Apna Mart),94,FLEET LABS TECHNOLOGIES PRIVATE LIMITED,name,LOT,PF2R358E,TTSPL4323,Lenovo Thinkpad T14,2199,2199,ttspl,1328,PF2R358E,TTSPL4323,2199,RATE_OK
FLEET LABS TECHNOLOGIES PRIVATE LIMITED (Apna Mart),94,FLEET LABS TECHNOLOGIES PRIVATE LIMITED,name,LOT,PF2R3LSM,TTSPL4337,Lenovo Thinkpad T14,2199,2199,ttspl,1332,PF2R3LSM,TTSPL4337,2199,RATE_OK
FLEET LABS TECHNOLOGIES PRIVATE LIMITED (Apna Mart),94,FLEET LABS TECHNOLOGIES PRIVATE LIMITED,name,LOT,PF2R3G4X,TTSPL4349,Lenovo Thinkpad T14,2199,2199,ttspl,1334,PF2R3G4X,TTSPL4349,2199,RATE_OK
FLEET LABS TECHNOLOGIES PRIVATE LIMITED (Apna Mart),94,FLEET LABS TECHNOLOGIES PRIVATE LIMITED,name,LOT,PF2R3EJW,TTSPL4350,Lenovo Thinkpad T14,2199,2199,ttspl,1335,PF2R3EJW,TTSPL4350,2199,RATE_OK
FLEET LABS TECHNOLOGIES PRIVATE LIMITED (Apna Mart),94,FLEET LABS TECHNOLOGIES PRIVATE LIMITED,name,LOT,PC261P45,TTSPL4381,Lenovo Thinkpad X-13,1899,1899,ttspl,1337,PC261P45,TTSPL4381,1899,RATE_OK
FLEET LABS TECHNOLOGIES PRIVATE LIMITED (Apna Mart),94,FLEET LABS TECHNOLOGIES PRIVATE LIMITED,name,LOT,PC28VS3X,TTSPL4384,Lenovo Thinkpad X-13,1899,1899,ttspl,1339,PC28VS3X,TTSPL4384,1899,RATE_OK
FLEET LABS TECHNOLOGIES PRIVATE LIMITED (Apna Mart),94,FLEET LABS TECHNOLOGIES PRIVATE LIMITED,name,LOT,JJRBXZ2,TTSPL4083,Dell Latitude 5310,1899,1899,ttspl,1341,JJRBXZ2,TTSPL4083,1899,RATE_OK
FLEET LABS TECHNOLOGIES PRIVATE LIMITED (Apna Mart),94,FLEET LABS TECHNOLOGIES PRIVATE LIMITED,name,LOT,PC261MHD,TTSPL4396,Lenovo Thinkpad X-13,1899,1899,ttspl,1342,PC261MHD,TTSPL4396,1899,RATE_OK
FLEET LABS TECHNOLOGIES PRIVATE LIMITED (Apna Mart),94,FLEET LABS TECHNOLOGIES PRIVATE LIMITED,name,LOT,3VZP963,TTSPL4120,Dell Latitude 5310,2199,2199,ttspl,1345,3VZP963,TTSPL4120,2199,RATE_OK
FLEET LABS TECHNOLOGIES PRIVATE LIMITED (Apna Mart),94,FLEET LABS TECHNOLOGIES PRIVATE LIMITED,name,LOT,PF2BTDYN,TTSPL4399,Lenovo Thinkpad T490,2199,2199,ttspl,1347,PF2BTDYN,TTSPL4399,2199,RATE_OK
FLEET LABS TECHNOLOGIES PRIVATE LIMITED (Apna Mart),94,FLEET LABS TECHNOLOGIES PRIVATE LIMITED,name,LOT,FVWK6G3,TTSPL4512,Dell Latitude 5420,2199,2199,ttspl,1348,FVWK6G3,TTSPL4512,2199,RATE_OK
FLEET LABS TECHNOLOGIES PRIVATE LIMITED (Apna Mart),94,FLEET LABS TECHNOLOGIES PRIVATE LIMITED,name,LOT,DD5YYD3,TTSPL3762,Dell Latitude 5420,2699,2699,ttspl,1350,DD5YYD3,TTSPL3762,2699,RATE_OK
FLEET LABS TECHNOLOGIES PRIVATE LIMITED (Apna Mart),94,FLEET LABS TECHNOLOGIES PRIVATE LIMITED,name,LOT,78J73J3,TTSPL4509,Dell Latitude 5420,2699,2699,ttspl,1351,78J73J3,TTSPL4509,2699,RATE_OK
FLEET LABS TECHNOLOGIES PRIVATE LIMITED (Apna Mart),94,FLEET LABS TECHNOLOGIES PRIVATE LIMITED,name,LOT,BH2H2F3,TTSPL4579,Dell Latitude 5420,2699,2699,ttspl,1353,BH2H2F3,TTSPL4579,2699,RATE_OK
FLEET LABS TECHNOLOGIES PRIVATE LIMITED (Apna Mart),94,FLEET LABS TECHNOLOGIES PRIVATE LIMITED,name,LOT,2W3C2F3,TTSPL4587,Dell Latitude 5420,2699,2699,ttspl,1356,2W3C2F3,TTSPL4587,2699,RATE_OK
FLEET LABS TECHNOLOGIES PRIVATE LIMITED (Apna Mart),94,FLEET LABS TECHNOLOGIES PRIVATE LIMITED,name,LOT,B0XD2F3,TTSPL4597,Dell Latitude 5420,2699,2699,ttspl,1359,B0XD2F3,TTSPL4597,2699,RATE_OK
FLEET LABS TECHNOLOGIES PRIVATE LIMITED (Apna Mart),94,FLEET LABS TECHNOLOGIES PRIVATE LIMITED,name,LOT,2W2P8G3,TTSPL4605,Dell Latitude 5420,2699,2699,ttspl,1360,2W2P8G3,TTSPL4605,2699,RATE_OK
FLEET LABS TECHNOLOGIES PRIVATE LIMITED (Apna Mart),94,FLEET LABS TECHNOLOGIES PRIVATE LIMITED,name,LOT,42T04M3,TTSPL4595,Dell Latitude 5420,2699,2699,ttspl,1365,42T04M3,TTSPL4595,2699,RATE_OK
FLEET LABS TECHNOLOGIES PRIVATE LIMITED (Apna Mart),94,FLEET LABS TECHNOLOGIES PRIVATE LIMITED,name,LOT,4GWN3F3,TTSPL4596,Dell Latitude 5420,2699,2699,ttspl,1366,4GWN3F3,TTSPL4596,2699,RATE_OK
FLEET LABS TECHNOLOGIES PRIVATE LIMITED (Apna Mart),94,FLEET LABS TECHNOLOGIES PRIVATE LIMITED,name,LOT,CY131F3,TTSPL4599,Dell Latitude 5420,2699,2699,ttspl,1368,CY131F3,TTSPL4599,2699,RATE_OK
FLEET LABS TECHNOLOGIES PRIVATE LIMITED (Apna Mart),94,FLEET LABS TECHNOLOGIES PRIVATE LIMITED,name,LOT,HGZP2F3,TTSPL4624,Dell Latitude 5420,2199,2199,ttspl,1372,HGZP2F3,TTSPL4624,2199,RATE_OK
FLEET LABS TECHNOLOGIES PRIVATE LIMITED (Apna Mart),94,FLEET LABS TECHNOLOGIES PRIVATE LIMITED,name,LOT,D7NXZH3,TTSPL4737,Dell Latitude 5420,2699,2699,ttspl,1374,D7NXZH3,TTSPL4737,2699,RATE_OK
FLEET LABS TECHNOLOGIES PRIVATE LIMITED (Apna Mart),94,FLEET LABS TECHNOLOGIES PRIVATE LIMITED,name,LOT,C70WZH3,TTSPL4748,Dell Latitude 5420,2699,2699,ttspl,1375,C70WZH3,TTSPL4748,2699,RATE_OK
FLEET LABS TECHNOLOGIES PRIVATE LIMITED (Apna Mart),94,FLEET LABS TECHNOLOGIES PRIVATE LIMITED,name,LOT,DFM50J3,TTSPL4820,Dell Latitude 5420,2699,2699,ttspl,1380,DFM50J3,TTSPL4820,2699,RATE_OK
FLEET LABS TECHNOLOGIES PRIVATE LIMITED (Apna Mart),94,FLEET LABS TECHNOLOGIES PRIVATE LIMITED,name,LOT,8XKYZH3,TTSPL4844,Dell Latitude 5420,2699,2699,ttspl,1381,8XKYZH3,TTSPL4844,2699,RATE_OK
FLEET LABS TECHNOLOGIES PRIVATE LIMITED (Apna Mart),94,FLEET LABS TECHNOLOGIES PRIVATE LIMITED,name,LOT,2ZJ60J3,TTSPL4853,Dell Latitude 5420,2699,2699,ttspl,1382,2ZJ60J3,TTSPL4853,2699,RATE_OK
FLEET LABS TECHNOLOGIES PRIVATE LIMITED (Apna Mart),94,FLEET LABS TECHNOLOGIES PRIVATE LIMITED,name,LOT,B5CL9K3,TTSPL4522,Dell Latitude 5420,2699,2699,ttspl,1384,B5CL9K3,TTSPL4522,2699,RATE_OK
FLEET LABS TECHNOLOGIES PRIVATE LIMITED (Apna Mart),94,FLEET LABS TECHNOLOGIES PRIVATE LIMITED,name,LOT,HKQWZH3,TTSPL4784,Dell Latitude 5420,2699,2699,ttspl,1385,HKQWZH3,TTSPL4784,2699,RATE_OK
FLEET LABS TECHNOLOGIES PRIVATE LIMITED (Apna Mart),94,FLEET LABS TECHNOLOGIES PRIVATE LIMITED,name,LOT,BDM50J3,TTSPL4834,Dell Latitude 5420,2699,2699,ttspl,1388,BDM50J3,TTSPL4834,2699,RATE_OK
FLEET LABS TECHNOLOGIES PRIVATE LIMITED (Apna Mart),94,FLEET LABS TECHNOLOGIES PRIVATE LIMITED,name,LOT,4YJWZH3,TTSPL4852,Dell Latitude 5420,2699,2699,ttspl,1390,4YJWZH3,TTSPL4852,2699,RATE_OK
FLEET LABS TECHNOLOGIES PRIVATE LIMITED (Apna Mart),94,FLEET LABS TECHNOLOGIES PRIVATE LIMITED,name,LOT,PF319C1N,TTSPL4709,Lenovo Thinkpad T14,1899,1899,ttspl,1391,PF319C1N,TTSPL4709,1899,RATE_OK
FLEET LABS TECHNOLOGIES PRIVATE LIMITED (Apna Mart),94,FLEET LABS TECHNOLOGIES PRIVATE LIMITED,name,LOT,2NCD4M3,TTSPL4643,Dell Latitude 5420,2199,2199,ttspl,1392,2NCD4M3,TTSPL4643,2199,RATE_OK
FLEET LABS TECHNOLOGIES PRIVATE LIMITED (Apna Mart),94,FLEET LABS TECHNOLOGIES PRIVATE LIMITED,name,LOT,DP791F3,TTSPL4664,Dell Latitude 5420 (Touch Screen),2699,2699,ttspl,1396,DP791F3,TTSPL4664,2699,RATE_OK
FLEET LABS TECHNOLOGIES PRIVATE LIMITED (Apna Mart),94,FLEET LABS TECHNOLOGIES PRIVATE LIMITED,name,LOT,8WQWZH3,TTSPL4757,Dell Latitude 5420,2699,2699,ttspl,1397,8WQWZH3,TTSPL4757,2699,RATE_OK
FLEET LABS TECHNOLOGIES PRIVATE LIMITED (Apna Mart),94,FLEET LABS TECHNOLOGIES PRIVATE LIMITED,name,LOT,9TZ50J3,TTSPL4767,Dell Latitude 5420,2699,2699,ttspl,1398,9TZ50J3,TTSPL4767,2699,RATE_OK
FLEET LABS TECHNOLOGIES PRIVATE LIMITED (Apna Mart),94,FLEET LABS TECHNOLOGIES PRIVATE LIMITED,name,LOT,18GVZH3,TTSPL4778,Dell Latitude 5420,2699,2699,ttspl,1400,18GVZH3,TTSPL4778,2699,RATE_OK
FLEET LABS TECHNOLOGIES PRIVATE LIMITED (Apna Mart),94,FLEET LABS TECHNOLOGIES PRIVATE LIMITED,name,LOT,1M970J3,TTSPL4814,Dell Latitude 5420,2699,2699,ttspl,1401,1M970J3,TTSPL4814,2699,RATE_OK
FLEET LABS TECHNOLOGIES PRIVATE LIMITED (Apna Mart),94,FLEET LABS TECHNOLOGIES PRIVATE LIMITED,name,LOT,B2DYZH3,TTSPL4849,Dell Latitude 5420,2699,2699,ttspl,1402,B2DYZH3,TTSPL4849,2699,RATE_OK
FLEET LABS TECHNOLOGIES PRIVATE LIMITED (Apna Mart),94,FLEET LABS TECHNOLOGIES PRIVATE LIMITED,name,LOT,DG0WZH3,TTSPL4835,Dell Latitude 5420,2199,2199,ttspl,1404,DG0WZH3,TTSPL4835,2199,RATE_OK
FLEET LABS TECHNOLOGIES PRIVATE LIMITED (Apna Mart),94,FLEET LABS TECHNOLOGIES PRIVATE LIMITED,name,LOT,PG04GTK3,TTSPL4970,Lenovo V14 (Gen 3),2499,2499,ttspl,1408,PG04GTK3,TTSPL4970,2499,RATE_OK
FLEET LABS TECHNOLOGIES PRIVATE LIMITED (Apna Mart),94,FLEET LABS TECHNOLOGIES PRIVATE LIMITED,name,LOT,PG04FGYN,TTSPL4973,Lenovo V14 (Gen 3),2499,2499,ttspl,1409,PG04FGYN,TTSPL4973,2499,RATE_OK
FLEET LABS TECHNOLOGIES PRIVATE LIMITED (Apna Mart),94,FLEET LABS TECHNOLOGIES PRIVATE LIMITED,name,LOT,PF55GAWA,TTSPL4975,Lenovo V14 (Gen 3),2499,2499,ttspl,1410,PF55GAWA,TTSPL4975,2499,RATE_OK
FLEET LABS TECHNOLOGIES PRIVATE LIMITED (Apna Mart),94,FLEET LABS TECHNOLOGIES PRIVATE LIMITED,name,LOT,PG04GTHN,TTSPL4980,Lenovo V14 (Gen 3),2499,2499,ttspl,1411,PG04GTHN,TTSPL4980,2499,RATE_OK
FLEET LABS TECHNOLOGIES PRIVATE LIMITED (Apna Mart),94,FLEET LABS TECHNOLOGIES PRIVATE LIMITED,name,LOT,PG04FGY9,TTSPL4982,Lenovo V14 (Gen 3),2499,2499,ttspl,1412,PG04FGY9,TTSPL4982,2499,RATE_OK
FLEET LABS TECHNOLOGIES PRIVATE LIMITED (Apna Mart),94,FLEET LABS TECHNOLOGIES PRIVATE LIMITED,name,LOT,PG04FH3A,TTSPL4985,Lenovo V14 (Gen 3),2499,2499,ttspl,1414,PG04FH3A,TTSPL4985,2499,RATE_OK
FLEET LABS TECHNOLOGIES PRIVATE LIMITED (Apna Mart),94,FLEET LABS TECHNOLOGIES PRIVATE LIMITED,name,LOT,PG04FAMY,TTSPL4997,Lenovo V14 (Gen 3),2499,2499,ttspl,1415,PG04FAMY,TTSPL4997,2499,RATE_OK
FLEET LABS TECHNOLOGIES PRIVATE LIMITED (Apna Mart),94,FLEET LABS TECHNOLOGIES PRIVATE LIMITED,name,LOT,PG04FAHX,TTSPL4998,Lenovo V14 (Gen 3),2499,2499,ttspl,1416,PG04FAHX,TTSPL4998,2499,RATE_OK
FLEET LABS TECHNOLOGIES PRIVATE LIMITED (Apna Mart),94,FLEET LABS TECHNOLOGIES PRIVATE LIMITED,name,LOT,PG04FE32,TTSPL5001,Lenovo V14 (Gen 3),2499,2499,ttspl,1418,PG04FE32,TTSPL5001,2499,RATE_OK
FLEET LABS TECHNOLOGIES PRIVATE LIMITED (Apna Mart),94,FLEET LABS TECHNOLOGIES PRIVATE LIMITED,name,LOT,PG04FH31,TTSPL5003,Lenovo V14 (Gen 3),2499,2499,ttspl,1420,PG04FH31,TTSPL5003,2499,RATE_OK
FLEET LABS TECHNOLOGIES PRIVATE LIMITED (Apna Mart),94,FLEET LABS TECHNOLOGIES PRIVATE LIMITED,name,LOT,PG04FH33,TTSPL5008,Lenovo V14 (Gen 3),2499,2499,ttspl,1421,PG04FH33,TTSPL5008,2499,RATE_OK
FLEET LABS TECHNOLOGIES PRIVATE LIMITED (Apna Mart),94,FLEET LABS TECHNOLOGIES PRIVATE LIMITED,name,LOT,PG04FGYK,TTSPL5009,Lenovo V14 (Gen 3),2499,2499,ttspl,1422,PG04FGYK,TTSPL5009,2499,RATE_OK
FLEET LABS TECHNOLOGIES PRIVATE LIMITED (Apna Mart),94,FLEET LABS TECHNOLOGIES PRIVATE LIMITED,name,LOT,PG04FGZ1,TTSPL5010,Lenovo V14 (Gen 3),2499,2499,ttspl,1423,PG04FGZ1,TTSPL5010,2499,RATE_OK
FLEET LABS TECHNOLOGIES PRIVATE LIMITED (Apna Mart),94,FLEET LABS TECHNOLOGIES PRIVATE LIMITED,name,LOT,PG04FGY4,TTSPL5015,Lenovo V14 (Gen 3),2499,2499,ttspl,1424,PG04FGY4,TTSPL5015,2499,RATE_OK
FLEET LABS TECHNOLOGIES PRIVATE LIMITED (Apna Mart),94,FLEET LABS TECHNOLOGIES PRIVATE LIMITED,name,LOT,3S4G2F3,TTSPL4658,Dell Latitude 5420 (Touch Screen),2699,2699,ttspl,1426,3S4G2F3,TTSPL4658,2699,RATE_OK
FLEET LABS TECHNOLOGIES PRIVATE LIMITED (Apna Mart),94,FLEET LABS TECHNOLOGIES PRIVATE LIMITED,name,LOT,DR4ZR93,TTSPL4302,Dell Latitude 5320,2699,2699,ttspl,1429,DR4ZR93,TTSPL4302,2699,RATE_OK
FLEET LABS TECHNOLOGIES PRIVATE LIMITED (Apna Mart),94,FLEET LABS TECHNOLOGIES PRIVATE LIMITED,name,LOT,G8XYYD3,TTSPL3761,Dell Latitude 5420,2699,2699,ttspl,1430,G8XYYD3,TTSPL3761,2699,RATE_OK
FLEET LABS TECHNOLOGIES PRIVATE LIMITED (Apna Mart),94,FLEET LABS TECHNOLOGIES PRIVATE LIMITED,name,LOT,DVKP3F3,TTSPL4630,Dell Latitude 5420 (Touch Screen),2699,2699,ttspl,1431,DVKP3F3,TTSPL4630,2699,RATE_OK
FLEET LABS TECHNOLOGIES PRIVATE LIMITED (Apna Mart),94,FLEET LABS TECHNOLOGIES PRIVATE LIMITED,name,LOT,9P0YZH3,TTSPL4851,Dell Latitude 5420,2699,2699,ttspl,1433,9P0YZH3,TTSPL4851,2699,RATE_OK
FLEET LABS TECHNOLOGIES PRIVATE LIMITED (Apna Mart),94,FLEET LABS TECHNOLOGIES PRIVATE LIMITED,name,LOT,GZMVZH3,TTSPL4804,Dell Latitude 5420,2199,2199,ttspl,1437,GZMVZH3,TTSPL4804,2199,RATE_OK
FLEET LABS TECHNOLOGIES PRIVATE LIMITED (Apna Mart),94,FLEET LABS TECHNOLOGIES PRIVATE LIMITED,name,LOT,5CD211D3RC,TTSPL5141,HP Probook 440 G8,2699,2699,ttspl,1439,5CD211D3RC,TTSPL5141,2699,RATE_OK
FLEET LABS TECHNOLOGIES PRIVATE LIMITED (Apna Mart),94,FLEET LABS TECHNOLOGIES PRIVATE LIMITED,name,LOT,5RGL1J3,TTSPL3721,Dell Latitude 5420,2699,2699,ttspl,1440,5RGL1J3,TTSPL3721,2699,RATE_OK
FLEET LABS TECHNOLOGIES PRIVATE LIMITED (Apna Mart),94,FLEET LABS TECHNOLOGIES PRIVATE LIMITED,name,LOT,7XPM3F3,TTSPL4631,Dell Latitude 5420 (Touch Screen),2699,2699,ttspl,1441,7XPM3F3,TTSPL4631,2699,RATE_OK
FLEET LABS TECHNOLOGIES PRIVATE LIMITED (Apna Mart),94,FLEET LABS TECHNOLOGIES PRIVATE LIMITED,name,LOT,CND1234M2H,TTSPL4253,HP Elitebook 1040 G8,2699,2699,ttspl,1446,CND1234M2H,TTSPL4253,2699,RATE_OK
FLEET LABS TECHNOLOGIES PRIVATE LIMITED (Apna Mart),94,FLEET LABS TECHNOLOGIES PRIVATE LIMITED,name,LOT,5CD211D3MT,TTSPL5133,HP Probook 440 G8,2699,2699,ttspl,1447,5CD211D3MT,TTSPL5133,2699,RATE_OK
FLEET LABS TECHNOLOGIES PRIVATE LIMITED (Apna Mart),94,FLEET LABS TECHNOLOGIES PRIVATE LIMITED,name,LOT,T5NRCX06E781218,TTSPL5530,Asus TUF Gaming A15,6999,6999,ttspl,1450,T5NRCX06E781218,TTSPL5530,6999,RATE_OK
FLEET LABS TECHNOLOGIES PRIVATE LIMITED (Apna Mart),94,FLEET LABS TECHNOLOGIES PRIVATE LIMITED,name,LOT,CKRZ1J3,TTSPL5693,Dell Latitude 5420,2699,2699,ttspl,2478,CKRZ1J3,TTSPL5693,2699,RATE_OK
FLEET LABS TECHNOLOGIES PRIVATE LIMITED (Apna Mart),94,FLEET LABS TECHNOLOGIES PRIVATE LIMITED,name,LOT,PG04FGZ8,TTSPL5005,Lenovo V14 (Gen 3),2499,2499,ttspl,1451,PG04FGZ8,TTSPL5005,2499,RATE_OK
FLEET LABS TECHNOLOGIES PRIVATE LIMITED (Apna Mart),94,FLEET LABS TECHNOLOGIES PRIVATE LIMITED,name,LOT,PG04GTEC,TTSPL5118,Lenovo V14 (Gen 3),2499,2499,ttspl,1452,PG04GTEC,TTSPL5118,2499,RATE_OK
FLEET LABS TECHNOLOGIES PRIVATE LIMITED (Apna Mart),94,FLEET LABS TECHNOLOGIES PRIVATE LIMITED,name,LOT,2PN4HK3,TTSPL5691,Dell Latitude 5420,2699,2699,ttspl,2479,2PN4HK3,TTSPL5691,2699,RATE_OK
FLEET LABS TECHNOLOGIES PRIVATE LIMITED (Apna Mart),94,FLEET LABS TECHNOLOGIES PRIVATE LIMITED,name,LOT,7F05HK3,TTSPL5697,Dell Latitude 5420,2699,2699,ttspl,2481,7F05HK3,TTSPL5697,2699,RATE_OK
FLEET LABS TECHNOLOGIES PRIVATE LIMITED (Apna Mart),94,FLEET LABS TECHNOLOGIES PRIVATE LIMITED,name,LOT,FZQ5HK3,TTSPL5780,Dell Latitude 5420,2699,2699,ttspl,2482,FZQ5HK3,TTSPL5780,2699,RATE_OK
FLEET LABS TECHNOLOGIES PRIVATE LIMITED (Apna Mart),94,FLEET LABS TECHNOLOGIES PRIVATE LIMITED,name,LOT,64PXVM3,TTSPL5789,Dell Latitude 5420,2699,2699,ttspl,2484,64PXVM3,TTSPL5789,2699,RATE_OK
FLEET LABS TECHNOLOGIES PRIVATE LIMITED (Apna Mart),94,FLEET LABS TECHNOLOGIES PRIVATE LIMITED,name,LOT,255J2J3,TTSPL5782,Dell Latitude 5420 (Touch Screen),2699,2699,ttspl,2487,255J2J3,TTSPL5782,2699,RATE_OK
FLEET LABS TECHNOLOGIES PRIVATE LIMITED (Apna Mart),94,FLEET LABS TECHNOLOGIES PRIVATE LIMITED,name,LOT,3MB93B3,TTSPL4254,Dell Latitude 5320,2699,2699,ttspl,1455,3MB93B3,TTSPL4254,2699,RATE_OK
FLEET LABS TECHNOLOGIES PRIVATE LIMITED (Apna Mart),94,FLEET LABS TECHNOLOGIES PRIVATE LIMITED,name,LOT,3BYP2F3,TTSPL4593,Dell Latitude 5420,2699,2699,ttspl,1364,3BYP2F3,TTSPL4593,2699,RATE_OK
FLEET LABS TECHNOLOGIES PRIVATE LIMITED (Apna Mart),94,FLEET LABS TECHNOLOGIES PRIVATE LIMITED,name,LOT,PG04GTJG,TTSPL5127,Lenovo V14 (Gen 3),2499,2499,ttspl,1463,PG04GTJG,TTSPL5127,2499,RATE_OK
FLEET LABS TECHNOLOGIES PRIVATE LIMITED (Apna Mart),94,FLEET LABS TECHNOLOGIES PRIVATE LIMITED,name,LOT,PF55FX5X,TTSPL5103,Lenovo V14 (Gen 3),2499,2499,ttspl,1464,PF55FX5X,TTSPL5103,2499,RATE_OK
FLEET LABS TECHNOLOGIES PRIVATE LIMITED (Apna Mart),94,FLEET LABS TECHNOLOGIES PRIVATE LIMITED,name,LOT,PG04FE21,TTSPL5012,Lenovo V14 (Gen 3),2499,2499,ttspl,1465,PG04FE21,TTSPL5012,2499,RATE_OK
FLEET LABS TECHNOLOGIES PRIVATE LIMITED (Apna Mart),94,FLEET LABS TECHNOLOGIES PRIVATE LIMITED,name,LOT,PG04FAJD,TTSPL5120,Lenovo V14 (Gen 3),2499,2499,ttspl,1466,PG04FAJD,TTSPL5120,2499,RATE_OK
FLEET LABS TECHNOLOGIES PRIVATE LIMITED (Apna Mart),94,FLEET LABS TECHNOLOGIES PRIVATE LIMITED,name,LOT,PG04GTGY,TTSPL5102,Lenovo V14 (Gen 3),2499,2499,ttspl,1467,PG04GTGY,TTSPL5102,2499,RATE_OK
FLEET LABS TECHNOLOGIES PRIVATE LIMITED (Apna Mart),94,FLEET LABS TECHNOLOGIES PRIVATE LIMITED,name,LOT,6MBP1J3,TTSPL3722,Dell Latitude 5420,2199,2199,ttspl,1468,6MBP1J3,TTSPL3722,2199,RATE_OK
FLEET LABS TECHNOLOGIES PRIVATE LIMITED (Apna Mart),94,FLEET LABS TECHNOLOGIES PRIVATE LIMITED,name,LOT,2C28HK3,TTSPL6269,Dell Latitude 5420,2699,2699,ttspl,2490,2C28HK3,TTSPL6269,2699,RATE_OK
FLEET LABS TECHNOLOGIES PRIVATE LIMITED (Apna Mart),94,FLEET LABS TECHNOLOGIES PRIVATE LIMITED,name,LOT,B6V02J3,TTSPL6222,Dell Latitude 5420,2199,2199,ttspl,2491,B6V02J3,TTSPL6222,2199,RATE_OK
FLEET LABS TECHNOLOGIES PRIVATE LIMITED (Apna Mart),94,FLEET LABS TECHNOLOGIES PRIVATE LIMITED,name,LOT,F0PXVM3,TTSPL6322,Dell Latitude 5420,2699,2699,ttspl,2492,F0PXVM3,TTSPL6322,2699,RATE_OK
FLEET LABS TECHNOLOGIES PRIVATE LIMITED (Apna Mart),94,FLEET LABS TECHNOLOGIES PRIVATE LIMITED,name,LOT,JFTT1B3,TTSPL6061,Dell Latitude 3420,1899,1899,ttspl,2493,JFTT1B3,TTSPL6061,1899,RATE_OK
FLEET LABS TECHNOLOGIES PRIVATE LIMITED (Apna Mart),94,FLEET LABS TECHNOLOGIES PRIVATE LIMITED,name,LOT,PF55GD4N,TTSPL4968,Lenovo V14 (Gen 3),2499,2499,ttspl,1470,PF55GD4N,TTSPL4968,2499,RATE_OK
FLEET LABS TECHNOLOGIES PRIVATE LIMITED (Apna Mart),94,FLEET LABS TECHNOLOGIES PRIVATE LIMITED,name,LOT,DCJB2J3,TTSPL6315,Dell Latitude 5420,2699,2699,ttspl,2496,DCJB2J3,TTSPL6315,2699,RATE_OK
FLEET LABS TECHNOLOGIES PRIVATE LIMITED (Apna Mart),94,FLEET LABS TECHNOLOGIES PRIVATE LIMITED,name,LOT,FH2SHK3,TTSPL6362,Dell Latitude 5420,2699,2699,ttspl,2497,FH2SHK3,TTSPL6362,2699,RATE_OK
FLEET LABS TECHNOLOGIES PRIVATE LIMITED (Apna Mart),94,FLEET LABS TECHNOLOGIES PRIVATE LIMITED,name,LOT,4QFC2J3,TTSPL6432,Dell Latitude 5420,2699,2699,ttspl,2499,4QFC2J3,TTSPL6432,2699,RATE_OK
FLEET LABS TECHNOLOGIES PRIVATE LIMITED (Apna Mart),94,FLEET LABS TECHNOLOGIES PRIVATE LIMITED,name,LOT,GVX5HK3,TTSPL6525,Dell Latitude 5420,2699,2699,ttspl,2502,GVX5HK3,TTSPL6525,2699,RATE_OK
FLEET LABS TECHNOLOGIES PRIVATE LIMITED (Apna Mart),94,FLEET LABS TECHNOLOGIES PRIVATE LIMITED,name,LOT,63CJ2J3,TTSPL6364,Dell Latitude 5420,2699,2699,ttspl,2503,63CJ2J3,TTSPL6364,2699,RATE_OK
FLEET LABS TECHNOLOGIES PRIVATE LIMITED (Apna Mart),94,FLEET LABS TECHNOLOGIES PRIVATE LIMITED,name,LOT,PG04FHAB,TTSPL4977,Lenovo V14 (Gen 3),2499,2499,ttspl,1472,PG04FHAB,TTSPL4977,2499,RATE_OK
FLEET LABS TECHNOLOGIES PRIVATE LIMITED (Apna Mart),94,FLEET LABS TECHNOLOGIES PRIVATE LIMITED,name,LOT,PF54RFCH,TTSPL5105,Lenovo V14 (Gen 3),2499,2499,ttspl,1473,PF54RFCH,TTSPL5105,2499,RATE_OK
FLEET LABS TECHNOLOGIES PRIVATE LIMITED (Apna Mart),94,FLEET LABS TECHNOLOGIES PRIVATE LIMITED,name,LOT,95WP2F3,TTSPL4668,Dell Latitude 5420 (Touch Screen),2699,2699,ttspl,1475,95WP2F3,TTSPL4668,2699,RATE_OK
FLEET LABS TECHNOLOGIES PRIVATE LIMITED (Apna Mart),94,FLEET LABS TECHNOLOGIES PRIVATE LIMITED,name,LOT,4V3TRG3,TTSPL6437,Dell Latitude 3420,2699,2699,ttspl,2506,4V3TRG3,TTSPL6437,2699,RATE_OK
FLEET LABS TECHNOLOGIES PRIVATE LIMITED (Apna Mart),94,FLEET LABS TECHNOLOGIES PRIVATE LIMITED,name,LOT,GWNXVM3,TTSPL6516,Dell Latitude 5420,2699,2699,ttspl,2507,GWNXVM3,TTSPL6516,2699,RATE_OK
FLEET LABS TECHNOLOGIES PRIVATE LIMITED (Apna Mart),94,FLEET LABS TECHNOLOGIES PRIVATE LIMITED,name,LOT,7RC82J3,TTSPL6254,Dell Latitude 5420,2699,2699,ttspl,2508,7RC82J3,TTSPL6254,2699,RATE_OK
FLEET LABS TECHNOLOGIES PRIVATE LIMITED (Apna Mart),94,FLEET LABS TECHNOLOGIES PRIVATE LIMITED,name,LOT,9N25HK3,TTSPL6436,Dell Latitude 5420,2699,2699,ttspl,2509,9N25HK3,TTSPL6436,2699,RATE_OK
FLEET LABS TECHNOLOGIES PRIVATE LIMITED (Apna Mart),94,FLEET LABS TECHNOLOGIES PRIVATE LIMITED,name,LOT,CWMT5D3,TTSPL4594,Dell Latitude 5420,2699,2699,ttspl,1477,CWMT5D3,TTSPL4594,2699,RATE_OK
FLEET LABS TECHNOLOGIES PRIVATE LIMITED (Apna Mart),94,FLEET LABS TECHNOLOGIES PRIVATE LIMITED,name,LOT,FXCM1J3,TTSPL3729,Dell Latitude 5420,2699,2699,ttspl,1478,FXCM1J3,TTSPL3729,2699,RATE_OK
FLEET LABS TECHNOLOGIES PRIVATE LIMITED (Apna Mart),94,FLEET LABS TECHNOLOGIES PRIVATE LIMITED,name,LOT,JH0C4M3,TTSPL4654,Dell Latitude 5420 (Touch Screen),2699,2699,ttspl,1479,JH0C4M3,TTSPL4654,2699,RATE_OK
FLEET LABS TECHNOLOGIES PRIVATE LIMITED (Apna Mart),94,FLEET LABS TECHNOLOGIES PRIVATE LIMITED,name,LOT,J94N2T3,TTSPL6688,Dell Latitude 7330,2699,2699,ttspl,1484,J94N2T3,TTSPL6688,2699,RATE_OK
FLEET LABS TECHNOLOGIES PRIVATE LIMITED (Apna Mart),94,FLEET LABS TECHNOLOGIES PRIVATE LIMITED,name,LOT,32PXVM3,TTSPL6433,Dell Latitude 5420,2699,2699,ttspl,2512,32PXVM3,TTSPL6433,2699,RATE_OK
FLEET LABS TECHNOLOGIES PRIVATE LIMITED (Apna Mart),94,FLEET LABS TECHNOLOGIES PRIVATE LIMITED,name,LOT,PF2AZAZC,TTSPL4400,Lenovo Thinkpad T490,2699,2699,ttspl,1485,PF2AZAZC,TTSPL4400,2699,RATE_OK
FLEET LABS TECHNOLOGIES PRIVATE LIMITED (Apna Mart),94,FLEET LABS TECHNOLOGIES PRIVATE LIMITED,name,LOT,DPWR5D3,TTSPL6762,Dell Latitude 7420,2699,2699,ttspl,1486,DPWR5D3,TTSPL6762,2699,RATE_OK
FLEET LABS TECHNOLOGIES PRIVATE LIMITED (Apna Mart),94,FLEET LABS TECHNOLOGIES PRIVATE LIMITED,name,LOT,89756G3,TTSPL6766,Dell Latitude 7420,2699,2699,ttspl,1489,89756G3,TTSPL6766,2699,RATE_OK
FLEET LABS TECHNOLOGIES PRIVATE LIMITED (Apna Mart),94,FLEET LABS TECHNOLOGIES PRIVATE LIMITED,name,LOT,1H9C4G3,TTSPL6767,Dell Latitude 7420,2699,2699,ttspl,1490,1H9C4G3,TTSPL6767,2699,RATE_OK
FLEET LABS TECHNOLOGIES PRIVATE LIMITED (Apna Mart),94,FLEET LABS TECHNOLOGIES PRIVATE LIMITED,name,LOT,71JB4G3,TTSPL6768,Dell Latitude 7420,2699,2699,ttspl,1491,71JB4G3,TTSPL6768,2699,RATE_OK
FLEET LABS TECHNOLOGIES PRIVATE LIMITED (Apna Mart),94,FLEET LABS TECHNOLOGIES PRIVATE LIMITED,name,LOT,BKBX0F3,TTSPL6770,Dell Latitude 7420,2699,2699,ttspl,1493,BKBX0F3,TTSPL6770,2699,RATE_OK
FLEET LABS TECHNOLOGIES PRIVATE LIMITED (Apna Mart),94,FLEET LABS TECHNOLOGIES PRIVATE LIMITED,name,LOT,H292LR3,TTSPL6368,Dell Latitude 7430,2499,2499,ttspl,1494,H292LR3,TTSPL6368,2499,RATE_OK
FLEET LABS TECHNOLOGIES PRIVATE LIMITED (Apna Mart),94,FLEET LABS TECHNOLOGIES PRIVATE LIMITED,name,LOT,B1Z32F3,TTSPL6891,Dell Latitude 5420,2699,2699,ttspl,1497,B1Z32F3,TTSPL6891,2699,RATE_OK
FLEET LABS TECHNOLOGIES PRIVATE LIMITED (Apna Mart),94,FLEET LABS TECHNOLOGIES PRIVATE LIMITED,name,LOT,CG4D4G3,TTSPL6894,Dell Latitude 5420,2699,2699,ttspl,1499,CG4D4G3,TTSPL6894,2699,RATE_OK
FLEET LABS TECHNOLOGIES PRIVATE LIMITED (Apna Mart),94,FLEET LABS TECHNOLOGIES PRIVATE LIMITED,name,LOT,5CG3050KGF,TTSPL6862,HP Elitebook 840 G8,2699,2699,ttspl,1500,5CG3050KGF,TTSPL6862,2699,RATE_OK
FLEET LABS TECHNOLOGIES PRIVATE LIMITED (Apna Mart),94,FLEET LABS TECHNOLOGIES PRIVATE LIMITED,name,LOT,5CG2417HWV,TTSPL6872,HP Elitebook 840 G8,2699,2699,ttspl,1504,5CG2417HWV,TTSPL6872,2699,RATE_OK
FLEET LABS TECHNOLOGIES PRIVATE LIMITED (Apna Mart),94,FLEET LABS TECHNOLOGIES PRIVATE LIMITED,name,LOT,5CG3050JT5,TTSPL6877,HP Elitebook 840 G8,2699,2699,ttspl,1505,5CG3050JT5,TTSPL6877,2699,RATE_OK
FLEET LABS TECHNOLOGIES PRIVATE LIMITED (Apna Mart),94,FLEET LABS TECHNOLOGIES PRIVATE LIMITED,name,LOT,5CG208B2CX,TTSPL6882,HP Elitebook 840 G8,2699,2699,ttspl,1507,5CG208B2CX,TTSPL6882,2699,RATE_OK
FLEET LABS TECHNOLOGIES PRIVATE LIMITED (Apna Mart),94,FLEET LABS TECHNOLOGIES PRIVATE LIMITED,name,LOT,5CG2311825,TTSPL6888,HP Elitebook 840 G8,2699,2699,ttspl,1511,5CG2311825,TTSPL6888,2699,RATE_OK
FLEET LABS TECHNOLOGIES PRIVATE LIMITED (Apna Mart),94,FLEET LABS TECHNOLOGIES PRIVATE LIMITED,name,LOT,9FH1LR3,TTSPL6574,Dell Latitude 7430,2499,2499,ttspl,1512,9FH1LR3,TTSPL6574,2499,RATE_OK
FLEET LABS TECHNOLOGIES PRIVATE LIMITED (Apna Mart),94,FLEET LABS TECHNOLOGIES PRIVATE LIMITED,name,LOT,G2QD4J3,TTSPL6957,Dell Latitude 7420,2699,2699,ttspl,3564,G2QD4J3,TTSPL6957,2699,RATE_OK
FLEET LABS TECHNOLOGIES PRIVATE LIMITED (Apna Mart),94,FLEET LABS TECHNOLOGIES PRIVATE LIMITED,name,LOT,19J89K3,TTSPL6962,Dell Latitude 7420,2699,2699,ttspl,3569,19J89K3,TTSPL6962,2699,RATE_OK
FLEET LABS TECHNOLOGIES PRIVATE LIMITED (Apna Mart),94,FLEET LABS TECHNOLOGIES PRIVATE LIMITED,name,LOT,1080C93,TTSPL6969,Dell Latitude 7420,2699,2699,ttspl,3576,1080C93,TTSPL6969,2699,RATE_OK
FLEET LABS TECHNOLOGIES PRIVATE LIMITED (Apna Mart),94,FLEET LABS TECHNOLOGIES PRIVATE LIMITED,name,LOT,2NV72J3,TTSPL6970,Dell Latitude 7420,2699,2699,ttspl,3577,2NV72J3,TTSPL6970,2699,RATE_OK
FLEET LABS TECHNOLOGIES PRIVATE LIMITED (Apna Mart),94,FLEET LABS TECHNOLOGIES PRIVATE LIMITED,name,LOT,BSNK6G3,TTSPL6971,Dell Latitude 7420,2699,2699,ttspl,3578,BSNK6G3,TTSPL6971,2699,RATE_OK
FLEET LABS TECHNOLOGIES PRIVATE LIMITED (Apna Mart),94,FLEET LABS TECHNOLOGIES PRIVATE LIMITED,name,LOT,1HCB4G3,TTSPL6973,Dell Latitude 7420,2699,2699,ttspl,3580,1HCB4G3,TTSPL6973,2699,RATE_OK
FLEET LABS TECHNOLOGIES PRIVATE LIMITED (Apna Mart),94,FLEET LABS TECHNOLOGIES PRIVATE LIMITED,name,LOT,D3PXVM3,TTSPL6298,Dell Latitude 5420,2699,2699,ttspl,3530,D3PXVM3,TTSPL6298,2699,RATE_OK
FLEET LABS TECHNOLOGIES PRIVATE LIMITED (Apna Mart),94,FLEET LABS TECHNOLOGIES PRIVATE LIMITED,name,LOT,9P6C2J3,TTSPL3730,Dell Latitude 5420,2699,2699,ttspl,442,9P6C2J3,TTSPL3730,2699,RATE_OK
FLEET LABS TECHNOLOGIES PRIVATE LIMITED (Apna Mart),94,FLEET LABS TECHNOLOGIES PRIVATE LIMITED,name,LOT,5CG2146Y91,TTSPL6984,HP Elitebook 840 G8,2699,2699,UNMATCHED,,,,,NOT_IN_CRM_ACTIVE
FLEET LABS TECHNOLOGIES PRIVATE LIMITED (Apna Mart),94,FLEET LABS TECHNOLOGIES PRIVATE LIMITED,name,LOT,5CG1417RM2,TTSPL7034,HP Elitebook 830 G8,2699,2699,ttspl,3665,5CG1417RM2,TTSPL7034,2699,RATE_OK
FLEET LABS TECHNOLOGIES PRIVATE LIMITED (Apna Mart),94,FLEET LABS TECHNOLOGIES PRIVATE LIMITED,name,LOT,5CG1417LKV,TTSPL7036,HP Elitebook 830 G8,2699,2699,ttspl,3666,5CG1417LKV,TTSPL7036,2699,RATE_OK
FLEET LABS TECHNOLOGIES PRIVATE LIMITED (Apna Mart),94,FLEET LABS TECHNOLOGIES PRIVATE LIMITED,name,LOT,5CG1426Z5T,TTSPL7038,HP Elitebook 830 G8,2699,2699,ttspl,3668,5CG1426Z5T,TTSPL7038,2699,RATE_OK
FLEET LABS TECHNOLOGIES PRIVATE LIMITED (Apna Mart),94,FLEET LABS TECHNOLOGIES PRIVATE LIMITED,name,LOT,5CG2064VQM,TTSPL7039,HP Elitebook 830 G8,2699,2699,ttspl,3669,5CG2064VQM,TTSPL7039,2699,RATE_OK
FLEET LABS TECHNOLOGIES PRIVATE LIMITED (Apna Mart),94,FLEET LABS TECHNOLOGIES PRIVATE LIMITED,name,LOT,5CG2162G47,TTSPL7041,HP Elitebook 830 G8,2699,2699,ttspl,3671,5CG2162G47,TTSPL7041,2699,RATE_OK
FLEET LABS TECHNOLOGIES PRIVATE LIMITED (Apna Mart),94,FLEET LABS TECHNOLOGIES PRIVATE LIMITED,name,LOT,JC9X4B3,TTSPL7043,Dell Latitude 5320 (Touch Screen),2699,2699,ttspl,3673,JC9X4B3,TTSPL7043,2699,RATE_OK
FLEET LABS TECHNOLOGIES PRIVATE LIMITED (Apna Mart),94,FLEET LABS TECHNOLOGIES PRIVATE LIMITED,name,LOT,5CG14661WP,TTSPL7031,HP Elitebook 830 G8,2699,2699,ttspl,3661,5CG14661WP,TTSPL7031,2699,RATE_OK
FLEET LABS TECHNOLOGIES PRIVATE LIMITED (Apna Mart),94,FLEET LABS TECHNOLOGIES PRIVATE LIMITED,name,LOT,PF2R3K9K,TTSPL4334,Lenovo Thinkpad T14,2199,2199,ttspl,3176,PF2R3K9K,TTSPL4334,2199,RATE_OK
FLEET LABS TECHNOLOGIES PRIVATE LIMITED (Apna Mart),94,FLEET LABS TECHNOLOGIES PRIVATE LIMITED,name,LOT,6HY8PQ3,TTSPL4644,Dell Latitude 5420,2699,2699,ttspl,1112,6HY8PQ3,TTSPL4644,2699,RATE_OK
FLEET LABS TECHNOLOGIES PRIVATE LIMITED (Apna Mart),94,FLEET LABS TECHNOLOGIES PRIVATE LIMITED,name,LOT,DLWN3F3,TTSPL4671,Dell Latitude 5420 (Touch Screen),2699,2699,ttspl,57,DLWN3F3,TTSPL4671,2699,RATE_OK
FLEET LABS TECHNOLOGIES PRIVATE LIMITED (Apna Mart),94,FLEET LABS TECHNOLOGIES PRIVATE LIMITED,name,LOT,CW0K8C3,TTSPL4616,Dell Latitude 5420 (Touch Screen),2699,2699,ttspl,52,CW0K8C3,TTSPL4616,2699,RATE_OK
FLEET LABS TECHNOLOGIES PRIVATE LIMITED (Apna Mart),94,FLEET LABS TECHNOLOGIES PRIVATE LIMITED,name,LOT,51F7S93,TTSPL4291,Dell Latitude 5320,2699,2699,ttspl,1300,51F7S93,TTSPL4291,2699,RATE_OK
FLEET LABS TECHNOLOGIES PRIVATE LIMITED (Apna Mart),94,FLEET LABS TECHNOLOGIES PRIVATE LIMITED,name,LOT,6X361F3,TTSPL3735,Dell Latitude 5420,2699,2699,ttspl,1045,6X361F3,TTSPL3735,2699,RATE_OK
FLEET LABS TECHNOLOGIES PRIVATE LIMITED (Apna Mart),94,FLEET LABS TECHNOLOGIES PRIVATE LIMITED,name,LOT,FWJW8G3,TTSPL4320,Dell Latitude 5320,2699,2699,ttspl,290,FWJW8G3,TTSPL4320,2699,RATE_OK
FLEET LABS TECHNOLOGIES PRIVATE LIMITED (Apna Mart),94,FLEET LABS TECHNOLOGIES PRIVATE LIMITED,name,LOT,533XZH3,TTSPL4761,Dell Latitude 5420,2699,2699,ttspl,1377,533XZH3,TTSPL4761,2699,RATE_OK
FLEET LABS TECHNOLOGIES PRIVATE LIMITED (Apna Mart),94,FLEET LABS TECHNOLOGIES PRIVATE LIMITED,name,LOT,BBR60J3,TTSPL4798,Dell Latitude 5420,2699,2699,ttspl,1114,BBR60J3,TTSPL4798,2699,RATE_OK
FLEET LABS TECHNOLOGIES PRIVATE LIMITED (Apna Mart),94,FLEET LABS TECHNOLOGIES PRIVATE LIMITED,name,LOT,4DFB4G3,TTSPL6955,Dell Latitude 7420,2699,2699,ttspl,3562,4DFB4G3,TTSPL6955,2699,RATE_OK
FLEET LABS TECHNOLOGIES PRIVATE LIMITED (Apna Mart),94,FLEET LABS TECHNOLOGIES PRIVATE LIMITED,name,LOT,2PLVFG3,TTSPL7045,Dell Latitude 5320 (Touch Screen),2699,2699,ttspl,3675,2PLVFG3,TTSPL7045,2699,RATE_OK
FLEET LABS TECHNOLOGIES PRIVATE LIMITED (Apna Mart),94,FLEET LABS TECHNOLOGIES PRIVATE LIMITED,name,LOT,1PX5HK3,TTSPL6313,Dell Latitude 5420,2699,2699,ttspl,2495,1PX5HK3,TTSPL6313,2699,RATE_OK
FLEET LABS TECHNOLOGIES PRIVATE LIMITED (Apna Mart),94,FLEET LABS TECHNOLOGIES PRIVATE LIMITED,name,LOT,GY5WZH3,TTSPL4792,Dell Latitude 5420,2699,2699,ttspl,505,GY5WZH3,TTSPL4792,2699,RATE_OK
FLEET LABS TECHNOLOGIES PRIVATE LIMITED (Apna Mart),94,FLEET LABS TECHNOLOGIES PRIVATE LIMITED,name,LOT,1DF7S93,TTSPL4276,Dell Latitude 5320,2699,2699,ttspl,1879,1DF7S93,TTSPL4276,2699,RATE_OK
FLEET LABS TECHNOLOGIES PRIVATE LIMITED (Apna Mart),94,FLEET LABS TECHNOLOGIES PRIVATE LIMITED,name,LOT,9CF7S93,TTSPL4286,Dell Latitude 5320,2699,2699,ttspl,2029,9CF7S93,TTSPL4286,2699,RATE_OK
FLEET LABS TECHNOLOGIES PRIVATE LIMITED (Apna Mart),94,FLEET LABS TECHNOLOGIES PRIVATE LIMITED,name,LOT,5CD211D3PV,TTSPL5140,HP Probook 440 G8,2699,2699,ttspl,1443,5CD211D3PV,TTSPL5140,2699,RATE_OK
FLEET LABS TECHNOLOGIES PRIVATE LIMITED (Apna Mart),94,FLEET LABS TECHNOLOGIES PRIVATE LIMITED,name,LOT,15HB4M3,TTSPL4586,Dell Latitude 5420 (Touch Screen),2849,2849,ttspl,1355,15HB4M3,TTSPL4586,2849,RATE_OK
FLEET LABS TECHNOLOGIES PRIVATE LIMITED (Apna Mart),94,FLEET LABS TECHNOLOGIES PRIVATE LIMITED,name,LOT,63TP3F3,TTSPL4603,Dell Latitude 5420 (Touch Screen),2699,2699,ttspl,1992,63TP3F3,TTSPL4603,2699,RATE_OK
FLEET LABS TECHNOLOGIES PRIVATE LIMITED (Apna Mart),94,FLEET LABS TECHNOLOGIES PRIVATE LIMITED,name,LOT,905MNQ3,TTSPL4619,Dell Latitude 5420 (Touch Screen),2699,2699,ttspl,160,905MNQ3,TTSPL4619,2699,RATE_OK
FLEET LABS TECHNOLOGIES PRIVATE LIMITED (Apna Mart),94,FLEET LABS TECHNOLOGIES PRIVATE LIMITED,name,LOT,975K1J3,TTSPL3468,Dell Latitude 5420,2199,2199,ttspl,270,975K1J3,TTSPL3468,2199,RATE_OK
FLEET LABS TECHNOLOGIES PRIVATE LIMITED (Apna Mart),94,FLEET LABS TECHNOLOGIES PRIVATE LIMITED,name,LOT,2TK25007L8,TTSPL7369,HP ELITEBOOK 640 G9,2699,2699,ttspl,4080,2TK25007L8,TTSPL7369,2699,RATE_OK
FLEET LABS TECHNOLOGIES PRIVATE LIMITED (Apna Mart),94,FLEET LABS TECHNOLOGIES PRIVATE LIMITED,name,LOT,2TK2450F00,TTSPL7370,HP ELITEBOOK 640 G9,2699,2699,ttspl,4081,2TK2450F00,TTSPL7370,2699,RATE_OK
FLEET LABS TECHNOLOGIES PRIVATE LIMITED (Apna Mart),94,FLEET LABS TECHNOLOGIES PRIVATE LIMITED,name,LOT,2TK2500DBJ,TTSPL7374,HP ELITEBOOK 640 G9,2699,2699,ttspl,4085,2TK2500DBJ,TTSPL7374,2699,RATE_OK
FLEET LABS TECHNOLOGIES PRIVATE LIMITED (Apna Mart),94,FLEET LABS TECHNOLOGIES PRIVATE LIMITED,name,LOT,2TK2450DTX,TTSPL7347,HP ELITEBOOK 640 G9,2699,2699,ttspl,4054,2TK2450DTX,TTSPL7347,2699,RATE_OK
FLEET LABS TECHNOLOGIES PRIVATE LIMITED (Apna Mart),94,FLEET LABS TECHNOLOGIES PRIVATE LIMITED,name,LOT,2TK24501D4,TTSPL7368,HP ELITEBOOK 640 G9,2699,2699,ttspl,4079,2TK24501D4,TTSPL7368,2699,RATE_OK
FLEET LABS TECHNOLOGIES PRIVATE LIMITED (Apna Mart),94,FLEET LABS TECHNOLOGIES PRIVATE LIMITED,name,LOT,2TK24500R6,TTSPL7371,HP ELITEBOOK 640 G9,2699,2699,ttspl,4082,2TK24500R6,TTSPL7371,2699,RATE_OK
FLEET LABS TECHNOLOGIES PRIVATE LIMITED (Apna Mart),94,FLEET LABS TECHNOLOGIES PRIVATE LIMITED,name,LOT,2TK24609NR,TTSPL7372,HP ELITEBOOK 640 G9,2699,2699,ttspl,4083,2TK24609NR,TTSPL7372,2699,RATE_OK
FLEET LABS TECHNOLOGIES PRIVATE LIMITED (Apna Mart),94,FLEET LABS TECHNOLOGIES PRIVATE LIMITED,name,LOT,2TK2450F46,TTSPL7373,HP ELITEBOOK 640 G9,2699,2699,ttspl,4084,2TK2450F46,TTSPL7373,2699,RATE_OK
FLEET LABS TECHNOLOGIES PRIVATE LIMITED (Apna Mart),94,FLEET LABS TECHNOLOGIES PRIVATE LIMITED,name,LOT,2TK2440K05,TTSPL7375,HP ELITEBOOK 640 G9,2699,2699,ttspl,4086,2TK2440K05,TTSPL7375,2699,RATE_OK
FLEET LABS TECHNOLOGIES PRIVATE LIMITED (Apna Mart),94,FLEET LABS TECHNOLOGIES PRIVATE LIMITED,name,LOT,2TK2450DT1,TTSPL7376,HP ELITEBOOK 640 G9,2699,2699,ttspl,4087,2TK2450DT1,TTSPL7376,2699,RATE_OK
FLEET LABS TECHNOLOGIES PRIVATE LIMITED (Apna Mart),94,FLEET LABS TECHNOLOGIES PRIVATE LIMITED,name,LOT,R913GZBJ,TTSPL7239,Lenovo Thinkpad L13,1899,1899,ttspl,3898,R913GZBJ,TTSPL7239,1899,RATE_OK
FLEET LABS TECHNOLOGIES PRIVATE LIMITED (Apna Mart),94,FLEET LABS TECHNOLOGIES PRIVATE LIMITED,name,LOT,47PXVM3,TTSPL6523,Dell Latitude 5420,2699,2699,ttspl,2633,47PXVM3,TTSPL6523,2699,RATE_OK
FLEET LABS TECHNOLOGIES PRIVATE LIMITED (Apna Mart),94,FLEET LABS TECHNOLOGIES PRIVATE LIMITED,name,LOT,81TTPN3,TTSPL4673,Dell Latitude 5420,2699,2699,ttspl,1557,81TTPN3,TTSPL4673,2699,RATE_OK
FLEET LABS TECHNOLOGIES PRIVATE LIMITED (Apna Mart),94,FLEET LABS TECHNOLOGIES PRIVATE LIMITED,name,LOT,D9XR0T3,TTSPL6964,Dell Latitude 7420,2699,2699,ttspl,3571,D9XR0T3,TTSPL6964,2699,RATE_OK
FLEET LABS TECHNOLOGIES PRIVATE LIMITED (Apna Mart),94,FLEET LABS TECHNOLOGIES PRIVATE LIMITED,name,LOT,PC28HPYZ,TTSPL4380,Lenovo Thinkpad X-13,1899,1899,ttspl,1336,PC28HPYZ,TTSPL4380,1899,RATE_OK
FLEET LABS TECHNOLOGIES PRIVATE LIMITED (Apna Mart),94,FLEET LABS TECHNOLOGIES PRIVATE LIMITED,name,LOT,2TK2460D8R,TTSPL7339,HP ELITEBOOK 640 G9,2699,4440.29,ttspl,4046,2TK2460D8R,TTSPL7339,2699,RATE_OK
FLEET LABS TECHNOLOGIES PRIVATE LIMITED (Apna Mart),94,FLEET LABS TECHNOLOGIES PRIVATE LIMITED,name,LOT,3V2NKR3,TTSPL6575,Dell Latitude 7430,2499,4191.87,ttspl,3172,3V2NKR3,TTSPL6575,2499,RATE_OK
FLEET LABS TECHNOLOGIES PRIVATE LIMITED (Apna Mart),94,FLEET LABS TECHNOLOGIES PRIVATE LIMITED,name,LOT,7MVN3F3,TTSPL4598,Dell Latitude 5420 (Touch Screen),2199,3475.84,ttspl,1367,7MVN3F3,TTSPL4598,2199,RATE_OK
FLEET LABS TECHNOLOGIES PRIVATE LIMITED (Apna Mart),94,FLEET LABS TECHNOLOGIES PRIVATE LIMITED,name,LOT,45YWMS3,TTSPL5339,Dell Latitude 5430,2499,3950.03,ttspl,2801,45YWMS3,TTSPL5339,2499,RATE_OK
FLEET LABS TECHNOLOGIES PRIVATE LIMITED (Apna Mart),94,FLEET LABS TECHNOLOGIES PRIVATE LIMITED,name,LOT,2TK2460B1Z,TTSPL7456,HP Elitebook 640 G9,2699,4092.03,ttspl,8220,2TK2460B1Z,TTSPL7456,2699,RATE_OK
FLEET LABS TECHNOLOGIES PRIVATE LIMITED (Apna Mart),94,FLEET LABS TECHNOLOGIES PRIVATE LIMITED,name,LOT,2TK2450F88,TTSPL7458,HP Elitebook 640 G9,2699,4092.03,ttspl,8222,2TK2450F88,TTSPL7458,2699,RATE_OK
FLEET LABS TECHNOLOGIES PRIVATE LIMITED (Apna Mart),94,FLEET LABS TECHNOLOGIES PRIVATE LIMITED,name,LOT,2TK2450F9N,TTSPL7464,HP Elitebook 640 G9,2699,4092.03,ttspl,8228,2TK2450F9N,TTSPL7464,2699,RATE_OK
FLEET LABS TECHNOLOGIES PRIVATE LIMITED (Apna Mart),94,FLEET LABS TECHNOLOGIES PRIVATE LIMITED,name,LOT,2TK25009HY,TTSPL7465,HP Elitebook 640 G9,2699,4092.03,ttspl,8229,2TK25009HY,TTSPL7465,2699,RATE_OK
FLEET LABS TECHNOLOGIES PRIVATE LIMITED (Apna Mart),94,FLEET LABS TECHNOLOGIES PRIVATE LIMITED,name,LOT,G0BK6D3,TTSPL6809,Dell Latitude 5420,2699,3917.9,ttspl,1965,G0BK6D3,TTSPL6809,2699,RATE_OK
FLEET LABS TECHNOLOGIES PRIVATE LIMITED (Apna Mart),94,FLEET LABS TECHNOLOGIES PRIVATE LIMITED,name,LOT,D2NVZH3,TTSPL4751,Dell Latitude 5420,2699,2873.13,ttspl,1376,D2NVZH3,TTSPL4751,2699,RATE_OK
FLEET LABS TECHNOLOGIES PRIVATE LIMITED (Apna Mart),94,FLEET LABS TECHNOLOGIES PRIVATE LIMITED,name,LOT,5CD211D3Y5,TTSPL5136,HP Probook 440 G8,2699,2786.06,ttspl,179,5CD211D3Y5,TTSPL5136,2699,RATE_OK
FLEET LABS TECHNOLOGIES PRIVATE LIMITED (Apna Mart),94,FLEET LABS TECHNOLOGIES PRIVATE LIMITED,name,LOT,97060J3,TTSPL4739,Dell Latitude 5420,2699,2699,ttspl,312,97060J3,TTSPL4739,2699,RATE_OK
FLEET LABS TECHNOLOGIES PRIVATE LIMITED (Apna Mart),94,FLEET LABS TECHNOLOGIES PRIVATE LIMITED,name,LOT,3Y5S9C3,TTSPL7555,Dell Latitude 5420,1899,1899,ttspl,8720,3Y5S9C3,TTSPL7555,1899,RATE_OK
LEEWAYHERTZ TECHNOLOGIES PRIVATE LIMITED,108,LEEWAYHERTZ TECHNOLOGIES PRIVATE LIMITED,name,LOT,F9XL2J3,TTSPL3491,Dell Latitude 5420,2849,2849,ttspl,1040,F9XL2J3,TTSPL3491,2849,RATE_OK
LEEWAYHERTZ TECHNOLOGIES PRIVATE LIMITED,108,LEEWAYHERTZ TECHNOLOGIES PRIVATE LIMITED,name,LOT,CLHZ2J3,TTSPL3763,Dell Latitude 5420,2849,2849,ttspl,1041,CLHZ2J3,TTSPL3763,2849,RATE_OK
LEEWAYHERTZ TECHNOLOGIES PRIVATE LIMITED,108,LEEWAYHERTZ TECHNOLOGIES PRIVATE LIMITED,name,LOT,43QN3J3,TTSPL3731,Dell Latitude 5420,2849,2849,ttspl,1044,43QN3J3,TTSPL3731,2849,RATE_OK
LEEWAYHERTZ TECHNOLOGIES PRIVATE LIMITED,108,LEEWAYHERTZ TECHNOLOGIES PRIVATE LIMITED,name,LOT,QM416X1YN0,TTSPL2898,Apple Macbook Pro (2021 model),5349,5349,ttspl,2144,QM416X1YN0,TTSPL2898,5349,RATE_OK
LEEWAYHERTZ TECHNOLOGIES PRIVATE LIMITED,108,LEEWAYHERTZ TECHNOLOGIES PRIVATE LIMITED,name,LOT,FNDQGJ3,TTSPL2580,Dell Vostro 3500,2849,2849,ttspl,1048,FNDQGJ3,TTSPL2580,2849,RATE_OK
LEEWAYHERTZ TECHNOLOGIES PRIVATE LIMITED,108,LEEWAYHERTZ TECHNOLOGIES PRIVATE LIMITED,name,LOT,F80JGJ3,TTSPL2464,Dell Vostro 3500,2849,2849,ttspl,1049,F80JGJ3,TTSPL2464,2849,RATE_OK
LEEWAYHERTZ TECHNOLOGIES PRIVATE LIMITED,108,LEEWAYHERTZ TECHNOLOGIES PRIVATE LIMITED,name,LOT,BZSXYD3,TTSPL3716,Dell Latitude 5420,2849,2849,ttspl,1096,BZSXYD3,TTSPL3716,2849,RATE_OK
LEEWAYHERTZ TECHNOLOGIES PRIVATE LIMITED,108,LEEWAYHERTZ TECHNOLOGIES PRIVATE LIMITED,name,LOT,6ZF7ZD3,TTSPL3475,Dell Latitude 5420,2849,2849,ttspl,1051,6ZF7ZD3,TTSPL3475,2849,RATE_OK
LEEWAYHERTZ TECHNOLOGIES PRIVATE LIMITED,108,LEEWAYHERTZ TECHNOLOGIES PRIVATE LIMITED,name,LOT,PF4GZYRX,TTSPL2724,Lenovo Ideapad slim 3,2849,2849,ttspl,2146,PF4GZYRX,TTSPL2724,2849,RATE_OK
LEEWAYHERTZ TECHNOLOGIES PRIVATE LIMITED,108,LEEWAYHERTZ TECHNOLOGIES PRIVATE LIMITED,name,LOT,FVFH97V5Q05D,TTSPL3855,Apple Macbook Pro,5349,5349,ttspl,1053,FVFH97V5Q05D,TTSPL3855,5349,RATE_OK
LEEWAYHERTZ TECHNOLOGIES PRIVATE LIMITED,108,LEEWAYHERTZ TECHNOLOGIES PRIVATE LIMITED,name,LOT,FVFGKM77Q05D,TTSPL3889,Apple Macbook Pro,5349,5349,ttspl,1054,FVFGKM77Q05D,TTSPL3889,5349,RATE_OK
LEEWAYHERTZ TECHNOLOGIES PRIVATE LIMITED,108,LEEWAYHERTZ TECHNOLOGIES PRIVATE LIMITED,name,LOT,CND123519R,TTSPL3974/3615,HP Elitebook X360 1040 G8,2849,2849,ttspl,1055,CND123519R,TTSPL3974,2849,RATE_OK
LEEWAYHERTZ TECHNOLOGIES PRIVATE LIMITED,108,LEEWAYHERTZ TECHNOLOGIES PRIVATE LIMITED,name,LOT,CND12404GN,TTSPL3989,HP Elitebook X360 1040 G8,2849,2849,ttspl,1058,CND12404GN,TTSPL3989,2849,RATE_OK
LEEWAYHERTZ TECHNOLOGIES PRIVATE LIMITED,108,LEEWAYHERTZ TECHNOLOGIES PRIVATE LIMITED,name,LOT,CND1234MV3,TTSPL3997,HP Elitebook X360 1040 G8,2849,2849,ttspl,1059,CND1234MV3,TTSPL3997,2849,RATE_OK
LEEWAYHERTZ TECHNOLOGIES PRIVATE LIMITED,108,LEEWAYHERTZ TECHNOLOGIES PRIVATE LIMITED,name,LOT,CND12350MM,TTSPL4018,HP Elitebook X360 1040 G8,2849,2849,ttspl,1061,CND12350MM,TTSPL4018,2849,RATE_OK
LEEWAYHERTZ TECHNOLOGIES PRIVATE LIMITED,108,LEEWAYHERTZ TECHNOLOGIES PRIVATE LIMITED,name,LOT,CND1234N6S,TTSPL4019,HP Elitebook X360 1040 G8,2849,2849,ttspl,1062,CND1234N6S,TTSPL4019,2849,RATE_OK
LEEWAYHERTZ TECHNOLOGIES PRIVATE LIMITED,108,LEEWAYHERTZ TECHNOLOGIES PRIVATE LIMITED,name,LOT,F7TJ1J3,TTSPL3495,Dell Latitude 5420,2849,2849,ttspl,1064,F7TJ1J3,TTSPL3495,2849,RATE_OK
LEEWAYHERTZ TECHNOLOGIES PRIVATE LIMITED,108,LEEWAYHERTZ TECHNOLOGIES PRIVATE LIMITED,name,LOT,785F3F3,TTSPL3472,Dell Latitude 5420,2849,2849,ttspl,1065,785F3F3,TTSPL3472,2849,RATE_OK
LEEWAYHERTZ TECHNOLOGIES PRIVATE LIMITED,108,LEEWAYHERTZ TECHNOLOGIES PRIVATE LIMITED,name,LOT,CND1234M2V,TTSPL4130,HP Elitebook X360 1040 G8,2849,2849,ttspl,1066,CND1234M2V,TTSPL4130,2849,RATE_OK
LEEWAYHERTZ TECHNOLOGIES PRIVATE LIMITED,108,LEEWAYHERTZ TECHNOLOGIES PRIVATE LIMITED,name,LOT,CND1234Z55,TTSPL4132,HP Elitebook X360 1040 G8,2849,2849,ttspl,1067,CND1234Z55,TTSPL4132,2849,RATE_OK
LEEWAYHERTZ TECHNOLOGIES PRIVATE LIMITED,108,LEEWAYHERTZ TECHNOLOGIES PRIVATE LIMITED,name,LOT,CCDRC63,TTSPL4114,Dell Latitude 5310,2849,2849,ttspl,1068,CCDRC63,TTSPL4114,2849,RATE_OK
LEEWAYHERTZ TECHNOLOGIES PRIVATE LIMITED,108,LEEWAYHERTZ TECHNOLOGIES PRIVATE LIMITED,name,LOT,CND123504M,TTSPL4172,HP Elitebook X360 1040 G8,2849,2849,ttspl,1070,CND123504M,TTSPL4172,2849,RATE_OK
LEEWAYHERTZ TECHNOLOGIES PRIVATE LIMITED,108,LEEWAYHERTZ TECHNOLOGIES PRIVATE LIMITED,name,LOT,CND1234Z79,TTSPL4190,HP Elitebook X360 1040 G8,2849,2849,ttspl,1071,CND1234Z79,TTSPL4190,2849,RATE_OK
LEEWAYHERTZ TECHNOLOGIES PRIVATE LIMITED,108,LEEWAYHERTZ TECHNOLOGIES PRIVATE LIMITED,name,LOT,CND12403XX,TTSPL4028,HP Elitebook X360 1040 G8,2849,2849,ttspl,1072,CND12403XX,TTSPL4028,2849,RATE_OK
LEEWAYHERTZ TECHNOLOGIES PRIVATE LIMITED,108,LEEWAYHERTZ TECHNOLOGIES PRIVATE LIMITED,name,LOT,797JP73,TTSPL4218,Dell Latitude 5410,2849,2849,ttspl,1074,797JP73,TTSPL4218,2849,RATE_OK
LEEWAYHERTZ TECHNOLOGIES PRIVATE LIMITED,108,LEEWAYHERTZ TECHNOLOGIES PRIVATE LIMITED,name,LOT,CND12350XH,TTSPL4249,HP Elitebook X360 1040 G8,2849,2849,ttspl,1075,CND12350XH,TTSPL4249,2849,RATE_OK
LEEWAYHERTZ TECHNOLOGIES PRIVATE LIMITED,108,LEEWAYHERTZ TECHNOLOGIES PRIVATE LIMITED,name,LOT,CND1234MYT,TTSPL4251,HP Elitebook X360 1040 G8,2849,2849,ttspl,1076,CND1234MYT,TTSPL4251,2849,RATE_OK
LEEWAYHERTZ TECHNOLOGIES PRIVATE LIMITED,108,LEEWAYHERTZ TECHNOLOGIES PRIVATE LIMITED,name,LOT,1RHKP93,TTSPL4269,Dell Latitude 5320,2849,2849,ttspl,1077,1RHKP93,TTSPL4269,2849,RATE_OK
LEEWAYHERTZ TECHNOLOGIES PRIVATE LIMITED,108,LEEWAYHERTZ TECHNOLOGIES PRIVATE LIMITED,name,LOT,JX6LPW2JLQ,TTSPL4279,Apple Macbook Air,4849,4849,ttspl,2149,JX6LPW2JLQ,TTSPL4279,4849,RATE_OK
LEEWAYHERTZ TECHNOLOGIES PRIVATE LIMITED,108,LEEWAYHERTZ TECHNOLOGIES PRIVATE LIMITED,name,LOT,D6WRP22GP7,TTSPL4281,Apple Macbook Air,4849,4849,ttspl,2150,D6WRP22GP7,TTSPL4281,4849,RATE_OK
LEEWAYHERTZ TECHNOLOGIES PRIVATE LIMITED,108,LEEWAYHERTZ TECHNOLOGIES PRIVATE LIMITED,name,LOT,HR4ZR93,TTSPL4268,Dell Latitude 5320,2849,2849,ttspl,1078,HR4ZR93,TTSPL4268,2849,RATE_OK
LEEWAYHERTZ TECHNOLOGIES PRIVATE LIMITED,108,LEEWAYHERTZ TECHNOLOGIES PRIVATE LIMITED,name,LOT,405ZR93,TTSPL4271,Dell Latitude 5320,2849,2849,UNMATCHED,,,,,NOT_IN_CRM_ACTIVE
LEEWAYHERTZ TECHNOLOGIES PRIVATE LIMITED,108,LEEWAYHERTZ TECHNOLOGIES PRIVATE LIMITED,name,LOT,4TD7S93,TTSPL4273,Dell Latitude 5320,2849,2849,ttspl,1080,4TD7S93,TTSPL4273,2849,RATE_OK
LEEWAYHERTZ TECHNOLOGIES PRIVATE LIMITED,108,LEEWAYHERTZ TECHNOLOGIES PRIVATE LIMITED,name,LOT,N5NRCX05H44620A,TTSPL2232,Asus TUF Gaming A15,4999,4999,ttspl,1081,N5NRCX05H44620A,TTSPL2232,4999,RATE_OK
LEEWAYHERTZ TECHNOLOGIES PRIVATE LIMITED,108,LEEWAYHERTZ TECHNOLOGIES PRIVATE LIMITED,name,LOT,4S6J3B3,TTSPL4303,Dell Latitude 5320,2849,2849,ttspl,1083,4S6J3B3,TTSPL4303,2849,RATE_OK
LEEWAYHERTZ TECHNOLOGIES PRIVATE LIMITED,108,LEEWAYHERTZ TECHNOLOGIES PRIVATE LIMITED,name,LOT,F5F7S93,TTSPL4304,Dell Latitude 5320,2849,2849,ttspl,1084,F5F7S93,TTSPL4304,2849,RATE_OK
LEEWAYHERTZ TECHNOLOGIES PRIVATE LIMITED,108,LEEWAYHERTZ TECHNOLOGIES PRIVATE LIMITED,name,LOT,KXKN2YHG6C,TTSPL4319,Apple Macbook Air,4849,4849,ttspl,2151,KXKN2YHG6C,TTSPL4319,4849,RATE_OK
LEEWAYHERTZ TECHNOLOGIES PRIVATE LIMITED,108,LEEWAYHERTZ TECHNOLOGIES PRIVATE LIMITED,name,LOT,J99JQM4132,TTSPL4346,Apple Macbook Air,4849,4849,ttspl,1085,J99JQM4132,TTSPL4346,4849,RATE_OK
LEEWAYHERTZ TECHNOLOGIES PRIVATE LIMITED,108,LEEWAYHERTZ TECHNOLOGIES PRIVATE LIMITED,name,LOT,M5F76R6CQR,TTSPL4347,Apple Macbook Air,4849,4849,ttspl,1086,M5F76R6CQR,TTSPL4347,4849,RATE_OK
LEEWAYHERTZ TECHNOLOGIES PRIVATE LIMITED,108,LEEWAYHERTZ TECHNOLOGIES PRIVATE LIMITED,name,LOT,L2W62Y4THD,TTSPL4351,Apple Macbook Air,4849,4849,ttspl,1087,L2W62Y4THD,TTSPL4351,4849,RATE_OK
LEEWAYHERTZ TECHNOLOGIES PRIVATE LIMITED,108,LEEWAYHERTZ TECHNOLOGIES PRIVATE LIMITED,name,LOT,JHX2Y5Y790,TTSPL4370,Apple Macbook Air,4849,4849,ttspl,2152,JHX2Y5Y790,TTSPL4370,4849,RATE_OK
LEEWAYHERTZ TECHNOLOGIES PRIVATE LIMITED,108,LEEWAYHERTZ TECHNOLOGIES PRIVATE LIMITED,name,LOT,HQTNSG3,TTSPL4368,Dell Precision 3561,3999,3999,ttspl,1089,HQTNSG3,TTSPL4368,3999,RATE_OK
LEEWAYHERTZ TECHNOLOGIES PRIVATE LIMITED,108,LEEWAYHERTZ TECHNOLOGIES PRIVATE LIMITED,name,LOT,2QTNSG3,TTSPL4364,Dell Precision 3561,3999,3999,ttspl,1090,2QTNSG3,TTSPL4364,3999,RATE_OK
LEEWAYHERTZ TECHNOLOGIES PRIVATE LIMITED,108,LEEWAYHERTZ TECHNOLOGIES PRIVATE LIMITED,name,LOT,CPTNSG3,TTSPL4391,Dell Precision 3561,3999,3999,ttspl,1091,CPTNSG3,TTSPL4391,3999,RATE_OK
LEEWAYHERTZ TECHNOLOGIES PRIVATE LIMITED,108,LEEWAYHERTZ TECHNOLOGIES PRIVATE LIMITED,name,LOT,JP7M1W2MKT,TTSPL4424,Apple Macbook Air,4849,4849,ttspl,1094,JP7M1W2MKT,TTSPL4424,4849,RATE_OK
LEEWAYHERTZ TECHNOLOGIES PRIVATE LIMITED,108,LEEWAYHERTZ TECHNOLOGIES PRIVATE LIMITED,name,LOT,K7593PK7C7,TTSPL4425,Apple Macbook Air,4849,4849,ttspl_other_customer,2153,K7593PK7C7,TTSPL4425,6474,RATE_MISMATCH
LEEWAYHERTZ TECHNOLOGIES PRIVATE LIMITED,108,LEEWAYHERTZ TECHNOLOGIES PRIVATE LIMITED,name,LOT,MXQP36HVXM,TTSPL4426,Apple Macbook Air,4849,4849,UNMATCHED,,,,,NOT_IN_CRM_ACTIVE
LEEWAYHERTZ TECHNOLOGIES PRIVATE LIMITED,108,LEEWAYHERTZ TECHNOLOGIES PRIVATE LIMITED,name,LOT,KF67LX6NFQ,TTSPL4429,Apple Macbook Air,4849,4849,ttspl,2155,KF67LX6NFQ,TTSPL4429,4849,RATE_OK
LEEWAYHERTZ TECHNOLOGIES PRIVATE LIMITED,108,LEEWAYHERTZ TECHNOLOGIES PRIVATE LIMITED,name,LOT,C3GVZH3,TTSPL4843,Dell Latitude 5420,2849,2849,ttspl,1097,C3GVZH3,TTSPL4843,2849,RATE_OK
LEEWAYHERTZ TECHNOLOGIES PRIVATE LIMITED,108,LEEWAYHERTZ TECHNOLOGIES PRIVATE LIMITED,name,LOT,FMQP43YH7J,TTSPL4862,Apple Macbook Air,4849,4849,ttspl,1098,FMQP43YH7J,TTSPL4862,4849,RATE_OK
LEEWAYHERTZ TECHNOLOGIES PRIVATE LIMITED,108,LEEWAYHERTZ TECHNOLOGIES PRIVATE LIMITED,name,LOT,HZZLYY2,TTSPL4140,Dell Latitude 5501,3499,3499,ttspl,1101,HZZLYY2,TTSPL4140,3499,RATE_OK
LEEWAYHERTZ TECHNOLOGIES PRIVATE LIMITED,108,LEEWAYHERTZ TECHNOLOGIES PRIVATE LIMITED,name,LOT,SCNRCX02K022504,TTSPL4879,Asus TUF Gaming A15,3999,3999,ttspl,1102,SCNRCX02K022504,TTSPL4879,3999,RATE_OK
LEEWAYHERTZ TECHNOLOGIES PRIVATE LIMITED,108,LEEWAYHERTZ TECHNOLOGIES PRIVATE LIMITED,name,LOT,CND1234M84,TTSPL4010,HP Elitebook 1040 G8,2849,2849,ttspl,1103,CND1234M84,TTSPL4010,2849,RATE_OK
LEEWAYHERTZ TECHNOLOGIES PRIVATE LIMITED,108,LEEWAYHERTZ TECHNOLOGIES PRIVATE LIMITED,name,LOT,H9T4XYC6NP,TTSPL4865,Apple Macbook Air,5349,5349,ttspl,1104,H9T4XYC6NP,TTSPL4865,5349,RATE_OK
LEEWAYHERTZ TECHNOLOGIES PRIVATE LIMITED,108,LEEWAYHERTZ TECHNOLOGIES PRIVATE LIMITED,name,LOT,T3NRCX01R620123,TTSPL4897,Asus TUF Gaming A15,3999,3999,ttspl,1106,T3NRCX01R620123,TTSPL4897,3999,RATE_OK
LEEWAYHERTZ TECHNOLOGIES PRIVATE LIMITED,108,LEEWAYHERTZ TECHNOLOGIES PRIVATE LIMITED,name,LOT,G1VD4M3,TTSPL4637,Dell Latitude 5420 (Touch Screen),3150,3150,ttspl,1107,G1VD4M3,TTSPL4637,3150,RATE_OK
LEEWAYHERTZ TECHNOLOGIES PRIVATE LIMITED,108,LEEWAYHERTZ TECHNOLOGIES PRIVATE LIMITED,name,LOT,41891F3,TTSPL4650,Dell Latitude 5420 (Touch Screen),2850,2850,ttspl,1109,41891F3,TTSPL4650,2850,RATE_OK
LEEWAYHERTZ TECHNOLOGIES PRIVATE LIMITED,108,LEEWAYHERTZ TECHNOLOGIES PRIVATE LIMITED,name,LOT,T4NRCX04T811186,TTSPL5018,Asus TUF Gaming A15,3999,3999,ttspl,1110,T4NRCX04T811186,TTSPL5018,3999,RATE_OK
LEEWAYHERTZ TECHNOLOGIES PRIVATE LIMITED,108,LEEWAYHERTZ TECHNOLOGIES PRIVATE LIMITED,name,LOT,T4NRCX04P65618B,TTSPL5024,Asus TUF Gaming A15,3999,3999,ttspl,1111,T4NRCX04P65618B,TTSPL5024,3999,RATE_OK
LEEWAYHERTZ TECHNOLOGIES PRIVATE LIMITED,108,LEEWAYHERTZ TECHNOLOGIES PRIVATE LIMITED,name,LOT,T4NRCX03L43517B,TTSPL5051,Asus TUF Gaming A15,3999,3999,ttspl,1113,T4NRCX03L43517B,TTSPL5051,3999,RATE_OK
LEEWAYHERTZ TECHNOLOGIES PRIVATE LIMITED,108,LEEWAYHERTZ TECHNOLOGIES PRIVATE LIMITED,name,LOT,B2Y60J3,TTSPL4822,Dell Latitude 5420,2850,2850,ttspl,1116,B2Y60J3,TTSPL4822,2850,RATE_OK
LEEWAYHERTZ TECHNOLOGIES PRIVATE LIMITED,108,LEEWAYHERTZ TECHNOLOGIES PRIVATE LIMITED,name,LOT,JM970J3,TTSPL4738,Dell Latitude 5420,2849,2849,ttspl,1117,JM970J3,TTSPL4738,2849,RATE_OK
LEEWAYHERTZ TECHNOLOGIES PRIVATE LIMITED,108,LEEWAYHERTZ TECHNOLOGIES PRIVATE LIMITED,name,LOT,T4NRCX04P86018B,TTSPL5047,Asus TUF Gaming A15,3999,3999,ttspl,1118,T4NRCX04P86018B,TTSPL5047,3999,RATE_OK
LEEWAYHERTZ TECHNOLOGIES PRIVATE LIMITED,108,LEEWAYHERTZ TECHNOLOGIES PRIVATE LIMITED,name,LOT,BQFD2F3,TTSPL4627,Dell Latitude 5420 (Touch Screen),2849,2849,ttspl,1119,BQFD2F3,TTSPL4627,2849,RATE_OK
LEEWAYHERTZ TECHNOLOGIES PRIVATE LIMITED,108,LEEWAYHERTZ TECHNOLOGIES PRIVATE LIMITED,name,LOT,KM4CNW7DM0,TTSPL5082,Apple Macbook Air,4999,4999,ttspl,1121,KM4CNW7DM0,TTSPL5082,4999,RATE_OK
LEEWAYHERTZ TECHNOLOGIES PRIVATE LIMITED,108,LEEWAYHERTZ TECHNOLOGIES PRIVATE LIMITED,name,LOT,KG43CNPHC2,TTSPL5473,Apple Macbook Pro,5499,5499,ttspl,2156,KG43CNPHC2,TTSPL5473,5499,RATE_OK
LEEWAYHERTZ TECHNOLOGIES PRIVATE LIMITED,108,LEEWAYHERTZ TECHNOLOGIES PRIVATE LIMITED,name,LOT,F5MWCK3,TTSPL4591,Dell Latitude 5420 (Touch Screen),2999,2999,ttspl,1125,F5MWCK3,TTSPL4591,2999,RATE_OK
LEEWAYHERTZ TECHNOLOGIES PRIVATE LIMITED,108,LEEWAYHERTZ TECHNOLOGIES PRIVATE LIMITED,name,LOT,D9H236561M,TTSPL5523,Apple Macbook Air,3999,3999,ttspl,1126,D9H236561M,TTSPL5523,4999,RATE_MISMATCH
LEEWAYHERTZ TECHNOLOGIES PRIVATE LIMITED,108,LEEWAYHERTZ TECHNOLOGIES PRIVATE LIMITED,name,LOT,T7NRCX07V411314,TTSPL5844,Asus TUF Gaming A15,3999,3999,ttspl,1127,T7NRCX07V411314,TTSPL5844,3999,RATE_OK
LEEWAYHERTZ TECHNOLOGIES PRIVATE LIMITED,108,LEEWAYHERTZ TECHNOLOGIES PRIVATE LIMITED,name,LOT,20PXVM3,TTSPL5778,Dell Latitude 5420,2849,2849,ttspl,2453,20PXVM3,TTSPL5778,2849,RATE_OK
LEEWAYHERTZ TECHNOLOGIES PRIVATE LIMITED,108,LEEWAYHERTZ TECHNOLOGIES PRIVATE LIMITED,name,LOT,T7NRCX07V431313,TTSPL5915,Asus TUF Gaming A15,3999,3999,ttspl,1128,T7NRCX07V431313,TTSPL5915,3999,RATE_OK
LEEWAYHERTZ TECHNOLOGIES PRIVATE LIMITED,108,LEEWAYHERTZ TECHNOLOGIES PRIVATE LIMITED,name,LOT,DPQD1J3,TTSPL4515,Dell Latitude 5420 (Touch Screen),3449,3449,ttspl,1129,DPQD1J3,TTSPL4515,3449,RATE_OK
LEEWAYHERTZ TECHNOLOGIES PRIVATE LIMITED,108,LEEWAYHERTZ TECHNOLOGIES PRIVATE LIMITED,name,LOT,T7NRCX06263530G,TTSPL6204,Asus TUF Gaming A15,3999,3999,ttspl,1130,T7NRCX06263530G,TTSPL6204,3999,RATE_OK
LEEWAYHERTZ TECHNOLOGIES PRIVATE LIMITED,108,LEEWAYHERTZ TECHNOLOGIES PRIVATE LIMITED,name,LOT,T9NRCX03V372382,TTSPL6247,Asus TUF Gaming A15,3999,3999,ttspl,1131,T9NRCX03V372382,TTSPL6247,3999,RATE_OK
LEEWAYHERTZ TECHNOLOGIES PRIVATE LIMITED,108,LEEWAYHERTZ TECHNOLOGIES PRIVATE LIMITED,name,LOT,T9NRCX03V222386,TTSPL6248,Asus TUF Gaming A15,3999,3999,ttspl,1132,T9NRCX03V222386,TTSPL6248,3999,RATE_OK
LEEWAYHERTZ TECHNOLOGIES PRIVATE LIMITED,108,LEEWAYHERTZ TECHNOLOGIES PRIVATE LIMITED,name,LOT,T7NRCX062577300,TTSPL6375,Asus TUF Gaming A15,3999,3999,ttspl,1133,T7NRCX062577300,TTSPL6375,3999,RATE_OK
LEEWAYHERTZ TECHNOLOGIES PRIVATE LIMITED,108,LEEWAYHERTZ TECHNOLOGIES PRIVATE LIMITED,name,LOT,T7NRCX062326309,TTSPL6427,Asus TUF Gaming A15,3999,3999,ttspl,1134,T7NRCX062326309,TTSPL6427,3999,RATE_OK
LEEWAYHERTZ TECHNOLOGIES PRIVATE LIMITED,108,LEEWAYHERTZ TECHNOLOGIES PRIVATE LIMITED,name,LOT,MW6GFXVN62,TTSPL4427,Apple Macbook Air,4999,4999,ttspl,2157,MW6GFXVN62,TTSPL4427,4999,RATE_OK
LEEWAYHERTZ TECHNOLOGIES PRIVATE LIMITED,108,LEEWAYHERTZ TECHNOLOGIES PRIVATE LIMITED,name,LOT,GK75HK3,TTSPL6512,Dell Latitude 5420,2849,2849,ttspl,2454,GK75HK3,TTSPL6512,2849,RATE_OK
LEEWAYHERTZ TECHNOLOGIES PRIVATE LIMITED,108,LEEWAYHERTZ TECHNOLOGIES PRIVATE LIMITED,name,LOT,4BPXVM3,TTSPL6511,Dell Latitude 5420,2849,2849,ttspl,2456,4BPXVM3,TTSPL6511,2849,RATE_OK
LEEWAYHERTZ TECHNOLOGIES PRIVATE LIMITED,108,LEEWAYHERTZ TECHNOLOGIES PRIVATE LIMITED,name,LOT,T9NRCX06F31039E,TTSPL6897,Asus TUF Gaming A15,3999,3999,ttspl,1136,T9NRCX06F31039E,TTSPL6897,3999,RATE_OK
LEEWAYHERTZ TECHNOLOGIES PRIVATE LIMITED,108,LEEWAYHERTZ TECHNOLOGIES PRIVATE LIMITED,name,LOT,T9NRCX04E111387,TTSPL6898,Asus TUF Gaming A15,3999,3999,ttspl,1137,T9NRCX04E111387,TTSPL6898,3999,RATE_OK
LEEWAYHERTZ TECHNOLOGIES PRIVATE LIMITED,108,LEEWAYHERTZ TECHNOLOGIES PRIVATE LIMITED,name,LOT,T7NRCX06235230B,TTSPL7012,Asus TUF Gaming A15,3999,3999,ttspl,3619,T7NRCX06235230B,TTSPL7012,3999,RATE_OK
LEEWAYHERTZ TECHNOLOGIES PRIVATE LIMITED,108,LEEWAYHERTZ TECHNOLOGIES PRIVATE LIMITED,name,LOT,K2Y0Q2HKL9,TTSPL7013,Apple Macbook Pro,9000,9000,ttspl,3620,K2Y0Q2HKL9,TTSPL7013,9000,RATE_OK
LEEWAYHERTZ TECHNOLOGIES PRIVATE LIMITED,108,LEEWAYHERTZ TECHNOLOGIES PRIVATE LIMITED,name,LOT,H70Y6K5J4L,TTSPL7018,Apple Macbook Pro,9000,9000,ttspl,3625,H70Y6K5J4L,TTSPL7018,9000,RATE_OK
LEEWAYHERTZ TECHNOLOGIES PRIVATE LIMITED,108,LEEWAYHERTZ TECHNOLOGIES PRIVATE LIMITED,name,LOT,TANRCX02402642B,TTSPL7068,Asus TUF Gaming A15,3999,3999,ttspl,3717,TANRCX02402642B,TTSPL7068,3999,RATE_OK
LEEWAYHERTZ TECHNOLOGIES PRIVATE LIMITED,108,LEEWAYHERTZ TECHNOLOGIES PRIVATE LIMITED,name,LOT,J9Z2BC3,TTSPL4626,Dell Latitude 5420 (Touch Screen),2849,2849,ttspl,297,J9Z2BC3,TTSPL4626,2849,RATE_OK
LEEWAYHERTZ TECHNOLOGIES PRIVATE LIMITED,108,LEEWAYHERTZ TECHNOLOGIES PRIVATE LIMITED,name,LOT,T7NRCX02X17029H,TTSPL5527,Asus TUF Gaming A15,3999,3999,ttspl,1155,T7NRCX02X17029H,TTSPL5527,3999,RATE_OK
LEEWAYHERTZ TECHNOLOGIES PRIVATE LIMITED,108,LEEWAYHERTZ TECHNOLOGIES PRIVATE LIMITED,name,LOT,5CG1412P6C,TTSPL7037,HP Elitebook 830 G8,2849,2849,ttspl,3667,5CG1412P6C,TTSPL7037,2849,RATE_OK
LEEWAYHERTZ TECHNOLOGIES PRIVATE LIMITED,108,LEEWAYHERTZ TECHNOLOGIES PRIVATE LIMITED,name,LOT,T9NRCX03W47938A,TTSPL7069,Asus TUF Gaming A15,3999,3999,ttspl,3718,T9NRCX03W47938A,TTSPL7069,3999,RATE_OK
LEEWAYHERTZ TECHNOLOGIES PRIVATE LIMITED,108,LEEWAYHERTZ TECHNOLOGIES PRIVATE LIMITED,name,LOT,9T1N3F3,TTSPL4667,Dell Latitude 5420 (Touch Screen),2849,2849,ttspl,1442,9T1N3F3,TTSPL4667,2849,RATE_OK
LEEWAYHERTZ TECHNOLOGIES PRIVATE LIMITED,108,LEEWAYHERTZ TECHNOLOGIES PRIVATE LIMITED,name,LOT,L6N2W6CXP0,TTSPL7113,Apple Macbook Pro,10000,10000,ttspl,3754,L6N2W6CXP0,TTSPL7113,10000,RATE_OK
LEEWAYHERTZ TECHNOLOGIES PRIVATE LIMITED,108,LEEWAYHERTZ TECHNOLOGIES PRIVATE LIMITED,name,LOT,CND1234MBT,TTSPL4139,HP Elitebook 1040 G8,2849,2849,ttspl,1306,CND1234MBT,TTSPL4139,2849,RATE_OK
Tagbin Services Pvt. Ltd,1,Tagbin Services Pvt Ltd,name,LOT,84CZPQ2,TTSPL2060,Dell Laptop Latitude E5490,1999,1999,ttspl,2221,84CZPQ2,TTSPL2060,1999,RATE_OK
Tagbin Services Pvt. Ltd,1,Tagbin Services Pvt Ltd,name,LOT,D23T4Q2,TTSPL2148,Dell Laptop Latitude E5490,1599,1599,ttspl,2222,D23T4Q2,TTSPL2148,1599,RATE_OK
Tagbin Services Pvt. Ltd,1,Tagbin Services Pvt Ltd,name,LOT,5CD9448C45,TTSPL3236,HP Elitebook X360 1030 G4,2999,2999,ttspl,31,5CD9448C45,TTSPL3236,2999,RATE_OK
Tagbin Services Pvt. Ltd,1,Tagbin Services Pvt Ltd,name,LOT,JQQZ2J3,TTSPL3490,Dell Latitude 5420,2899,2899,ttspl,32,JQQZ2J3,TTSPL3490,2899,RATE_OK
Tagbin Services Pvt. Ltd,1,Tagbin Services Pvt Ltd,name,LOT,5CG2260J9D,TTSPL3352,HP 240 G8,2399,2399,ttspl,2040,5CG2260J9D,TTSPL3352,2399,RATE_OK
Tagbin Services Pvt. Ltd,1,Tagbin Services Pvt Ltd,name,LOT,4NB18S2,TTSPL3659,Dell Latitude 7490,1599,1599,ttspl,35,4NB18S2,TTSPL3659,1599,RATE_OK
Tagbin Services Pvt. Ltd,1,Tagbin Services Pvt Ltd,name,LOT,86518S2,TTSPL3670,Dell Latitude 7490,1599,1599,ttspl,36,86518S2,TTSPL3670,1599,RATE_OK
Tagbin Services Pvt. Ltd,1,Tagbin Services Pvt Ltd,name,LOT,PF2E5T5A,TTSPL3609,Lenovo Thinkpad L14,2399,2399,ttspl,2042,PF2E5T5A,TTSPL3609,2399,RATE_OK
Tagbin Services Pvt. Ltd,1,Tagbin Services Pvt Ltd,name,LOT,985L2J3,TTSPL3738,Dell Latitude 5420,2899,2899,ttspl,37,985L2J3,TTSPL3738,2899,RATE_OK
Tagbin Services Pvt. Ltd,1,Tagbin Services Pvt Ltd,name,LOT,27X72F3,TTSPL3739,Dell Latitude 5420,2899,2899,ttspl,38,27X72F3,TTSPL3739,2899,RATE_OK
Tagbin Services Pvt. Ltd,1,Tagbin Services Pvt Ltd,name,LOT,4CNX1F3,TTSPL3740,Dell Latitude 5420,2899,2899,ttspl,39,4CNX1F3,TTSPL3740,2899,RATE_OK
Tagbin Services Pvt. Ltd,1,Tagbin Services Pvt Ltd,name,LOT,FVFHG8ZWQ05D,TTSPL3712,Apple Macbook Pro ,4999,4999,ttspl,2310,FVFHG8ZWQ05D,TTSPL3712,4999,RATE_OK
Tagbin Services Pvt. Ltd,1,Tagbin Services Pvt Ltd,name,LOT,1XB72J3,TTSPL3724,Dell Latitude 5420,2899,2899,ttspl,40,1XB72J3,TTSPL3724,2899,RATE_OK
Tagbin Services Pvt. Ltd,1,Tagbin Services Pvt Ltd,name,LOT,9MB7ZD3,TTSPL3494,Dell Latitude 5420,2899,2899,ttspl,41,9MB7ZD3,TTSPL3494,2899,RATE_OK
Tagbin Services Pvt. Ltd,1,Tagbin Services Pvt Ltd,name,LOT,5CD93463X1,TTSPL2312,HP Elitebook X360 1030 G3,2799,2799,ttspl,2223,5CD93463X1,TTSPL2312,2799,RATE_OK
Tagbin Services Pvt. Ltd,1,Tagbin Services Pvt Ltd,name,LOT,8KQZ2J3,TTSPL3717,Dell Latitude 5420,2899,2899,ttspl,42,8KQZ2J3,TTSPL3717,2899,RATE_OK
Tagbin Services Pvt. Ltd,1,Tagbin Services Pvt Ltd,name,LOT,3DXP963,TTSPL4076,Dell Latitude 5310,2899,2899,ttspl,44,3DXP963,TTSPL4076,2899,RATE_OK
Tagbin Services Pvt. Ltd,1,Tagbin Services Pvt Ltd,name,LOT,BBJ1N13,TTSPL3129,Dell Latitude 7400 (Touch Screen),2499,2499,ttspl,45,BBJ1N13,TTSPL3129,2499,RATE_OK
Tagbin Services Pvt. Ltd,1,Tagbin Services Pvt Ltd,name,LOT,CND1234Z37,TTSPL4131,HP Elitebook 1040 G8,4000,4000,ttspl,47,CND1234Z37,TTSPL4131,4000,RATE_OK
Tagbin Services Pvt. Ltd,1,Tagbin Services Pvt Ltd,name,LOT,T4NECX04P994182,TTSPL5049,Asus TUF Gaming A15,3999,3999,ttspl,48,T4NECX04P994182,TTSPL5049,3999,RATE_OK
Tagbin Services Pvt. Ltd,1,Tagbin Services Pvt Ltd,name,LOT,9QTXZH3,TTSPL4838,Dell Latitude 5420,2899,2899,ttspl,49,9QTXZH3,TTSPL4838,2899,RATE_OK
Tagbin Services Pvt. Ltd,1,Tagbin Services Pvt Ltd,name,LOT,CND1262L37,TTSPL3981,HP Elitebook X360 1040 G8,2899,2899,ttspl,50,CND1262L37,TTSPL3981,2899,RATE_OK
Tagbin Services Pvt. Ltd,1,Tagbin Services Pvt Ltd,name,LOT,1H483J3,TTSPL4520,Dell Latitude 5420,2899,2899,ttspl,59,1H483J3,TTSPL4520,2899,RATE_OK
Tagbin Services Pvt. Ltd,1,Tagbin Services Pvt Ltd,name,LOT,50R5HK3,TTSPL6214,Dell Latitude 5420,2899,2899,ttspl,2314,50R5HK3,TTSPL6214,2899,RATE_OK
Tagbin Services Pvt. Ltd,1,Tagbin Services Pvt Ltd,name,LOT,6QP6ZD3,TTSPL6803,Dell Latitude 5420,2899,2899,ttspl,60,6QP6ZD3,TTSPL6803,2899,RATE_OK
Tagbin Services Pvt. Ltd,1,Tagbin Services Pvt Ltd,name,LOT,BW308C3,TTSPL4584,Dell Latitude 5420,2899,2899,ttspl,61,BW308C3,TTSPL4584,2899,RATE_OK
Tagbin Services Pvt. Ltd,1,Tagbin Services Pvt Ltd,name,LOT,G0R5HK3,TTSPL6360,Dell Latitude 5420,2899,2899,ttspl,3420,G0R5HK3,TTSPL6360,2899,RATE_OK
Tagbin Services Pvt. Ltd,1,Tagbin Services Pvt Ltd,name,LOT,5CG208B5JN,TTSPL7002,HP Elitebook 840 G8,2899,2899,ttspl,3609,5CG208B5JN,TTSPL7002,2899,RATE_OK
Tagbin Services Pvt. Ltd,1,Tagbin Services Pvt Ltd,name,LOT,CND1234ZN4,TTSPL4261,HP Elitebook 1040 G8 (Touch Screen),2899,2899,ttspl,3043,CND1234ZN4,TTSPL4261,2899,RATE_OK
Tagbin Services Pvt. Ltd,1,Tagbin Services Pvt Ltd,name,LOT,5CG208C4TD,TTSPL6865,HP Elitebook 840 G8,2899,2899,ttspl,1502,5CG208C4TD,TTSPL6865,2899,RATE_OK
Tagbin Services Pvt. Ltd,1,Tagbin Services Pvt Ltd,name,LOT,5CG2089XY4,TTSPL6887,HP Elitebook 840 G8,2899,2899,ttspl,1510,5CG2089XY4,TTSPL6887,2899,RATE_OK
Tagbin Services Pvt. Ltd,1,Tagbin Services Pvt Ltd,name,LOT,CND12350B1,TTSPL4191,HP Elitebook 1040 G8,2899,2899,ttspl,3650,CND12350B1,TTSPL4191,2899,RATE_OK
Tagbin Services Pvt. Ltd,1,Tagbin Services Pvt Ltd,name,LOT,G9YLWHFQ70,TTSPL7054,Apple Macbook Air,5500,5500,ttspl,3691,G9YLWHFQ70,TTSPL7054,5500,RATE_OK
Tagbin Services Pvt. Ltd,1,Tagbin Services Pvt Ltd,name,LOT,LH9XVGJXCG,TTSPL7055,Apple Macbook Air,5500,5500,ttspl,3692,LH9XVGJXCG,TTSPL7055,5500,RATE_OK
Tagbin Services Pvt. Ltd,1,Tagbin Services Pvt Ltd,name,LOT,L70N2NT761,TTSPL7056,Apple Macbook Air,5500,5500,ttspl,3693,L70N2NT761,TTSPL7056,5500,RATE_OK
Tagbin Services Pvt. Ltd,1,Tagbin Services Pvt Ltd,name,LOT,C6PXVM3,TTSPL6312,Dell Latitude 5420,2899,2899,ttspl,2545,C6PXVM3,TTSPL6312,2899,RATE_OK
Tagbin Services Pvt. Ltd,1,Tagbin Services Pvt Ltd,name,LOT,1M8Z3M3,TTSPL4629,Dell Latitude 5420 (Touch Screen),2899,2899,ttspl,298,1M8Z3M3,TTSPL4629,2899,RATE_OK
Xsky,200,XSKY LOUNGE HOSPITALITY PRIVATE LIMITED,name,LOT,FQ26HK3,TTSPL5785,Dell Latitude 5420,2899,2899,ttspl,2312,FQ26HK3,TTSPL5785,2899,RATE_OK
V6 SKIN CLINIC PRIVATE LIMITED,2,V6 SKIN CLINIC PRIVATE LIMITED,name,LOT,6H9Y7S2,TTSPL3645,Dell Latitude 7490,1599,1599,ttspl,1314,6H9Y7S2,TTSPL3645,1599,RATE_OK
V6 SKIN CLINIC PRIVATE LIMITED,2,V6 SKIN CLINIC PRIVATE LIMITED,name,LOT,5CD9467943,TTSPL2872,HP Elitebook X360 1030 G4,2999,2999,ttspl,1315,5CD9467943,TTSPL2872,2999,RATE_OK
V6 SKIN CLINIC PRIVATE LIMITED,2,V6 SKIN CLINIC PRIVATE LIMITED,name,LOT,5CD9338BKT,TTSPL2638,HP Elitebook X360 1030 G3,2799,2799,ttspl,2188,5CD9338BKT,TTSPL2638,2799,RATE_OK
V6 SKIN CLINIC PRIVATE LIMITED,2,V6 SKIN CLINIC PRIVATE LIMITED,name,LOT,2T3HQ93,TTSPL4267,Dell Latitude 5320,2899,2899,ttspl,1318,2T3HQ93,TTSPL4267,2899,RATE_OK
V6 SKIN CLINIC PRIVATE LIMITED,2,V6 SKIN CLINIC PRIVATE LIMITED,name,LOT,HF0BW93,TTSPL6452,Dell Latitude 3410,1599,1599,ttspl,3519,HF0BW93,TTSPL6452,1599,RATE_OK
Synergie Network Engineering India Pvt Ltd,25,Synergie Network Engineering India Pvt Ltd,name,LOT,4CDWST2,TTSPL3745,Dell Latitude 5490,1999,1999,ttspl,1184,4CDWST2,TTSPL3745,1999,RATE_OK
Synergie Network Engineering India Pvt Ltd,25,Synergie Network Engineering India Pvt Ltd,name,LOT,H5Y6RV2,TTSPL3748,Dell Latitude 5490,1999,1999,ttspl,1185,H5Y6RV2,TTSPL3748,1999,RATE_OK
Synergie Network Engineering India Pvt Ltd,25,Synergie Network Engineering India Pvt Ltd,name,LOT,6N32MQ2,TTSPL3937,Dell Latitude 7490,1349,1349,ttspl,2168,6N32MQ2,TTSPL3937,1349,RATE_OK
Synergie Network Engineering India Pvt Ltd,25,Synergie Network Engineering India Pvt Ltd,name,LOT,DM0W693,TTSPL3771,Dell Latitude 5410,1999,1999,ttspl,1192,DM0W693,TTSPL3771,1999,RATE_OK
Synergie Network Engineering India Pvt Ltd,25,Synergie Network Engineering India Pvt Ltd,name,LOT,PF11JVBC,TTSPLGR0006,Lenovo Thinkpad T470P,1999,1999,ttspl,1193,PF11JVBC,TTSPLGR0006,1999,RATE_OK
Synergie Network Engineering India Pvt Ltd,25,Synergie Network Engineering India Pvt Ltd,name,LOT,5CG94130CR,TTSPL4258,HP Elitebook 840 G6,1999,1999,ttspl,1203,5CG94130CR,TTSPL4258,1999,RATE_OK
Synergie Network Engineering India Pvt Ltd,25,Synergie Network Engineering India Pvt Ltd,name,LOT,5CG9190WPC,TTSPL2360,HP Elitebook 840 G5,1999,1999,ttspl,1206,5CG9190WPC,TTSPL2360,1999,RATE_OK
Synergie Network Engineering India Pvt Ltd,25,Synergie Network Engineering India Pvt Ltd,name,LOT,PF0UZ01T,TTSPLGR0116,Lenovo Thinkpad T470 (Touch Screen),999,999,ttspl,1208,PF0UZ01T,TTSPLGR0116,999,RATE_OK
Synergie Network Engineering India Pvt Ltd,25,Synergie Network Engineering India Pvt Ltd,name,LOT,2TK95006Q8,TTSPL3559,HP PROBOOK 640 G5,1349,1349,ttspl,1211,2TK95006Q8,TTSPL3559,1349,RATE_OK
Synergie Network Engineering India Pvt Ltd,25,Synergie Network Engineering India Pvt Ltd,name,LOT,DL6ZMF2,TTSPL2688,Dell Latitude 5490,1349,1349,ttspl,1212,DL6ZMF2,TTSPL2688,1349,RATE_OK
Synergie Network Engineering India Pvt Ltd,25,Synergie Network Engineering India Pvt Ltd,name,LOT,82SL6S2,TTSPL3104,Dell Latitude 7480,999,999,ttspl,1213,82SL6S2,TTSPL3104,999,RATE_OK
Synergie Network Engineering India Pvt Ltd,25,Synergie Network Engineering India Pvt Ltd,name,LOT,PC0LMXCJ,TTSPL3505,Lenovo Thinkpad T460,999,999,ttspl,1214,PC0LMXCJ,TTSPL3505,999,RATE_OK
Synergie Network Engineering India Pvt Ltd,25,Synergie Network Engineering India Pvt Ltd,name,LOT,5CG8528NVX,TTSPL3685,HP Elitebook 840 G5,1349,1349,ttspl,1217,5CG8528NVX,TTSPL3685,1349,RATE_OK
Synergie Network Engineering India Pvt Ltd,25,Synergie Network Engineering India Pvt Ltd,name,LOT,HWSMGJ3,TTSPL2568,Dell Vostro 3500,2499,2499,ttspl,1224,HWSMGJ3,TTSPL2568,2499,RATE_OK
Synergie Network Engineering India Pvt Ltd,25,Synergie Network Engineering India Pvt Ltd,name,LOT,H9XWZH3,TTSPL4817,Dell Latitude 5420,2499,2499,ttspl,1228,H9XWZH3,TTSPL4817,2499,RATE_OK
Synergie Network Engineering India Pvt Ltd,25,Synergie Network Engineering India Pvt Ltd,name,LOT,PC1GXFL7,TTSPL4964,Lenovo Thinkpad T490s,1349,1349,ttspl,1229,PC1GXFL7,TTSPL4964,1349,RATE_OK
Synergie Network Engineering India Pvt Ltd,25,Synergie Network Engineering India Pvt Ltd,name,LOT,5B3XZH3,TTSPL4789,Dell Latitude 5420,2499,2499,ttspl,1230,5B3XZH3,TTSPL4789,2499,RATE_OK
Synergie Network Engineering India Pvt Ltd,25,Synergie Network Engineering India Pvt Ltd,name,LOT,9N4GLN3,TTSPL4672,Dell Latitude 5420 (Touch Screen),2499,2499,ttspl,1231,9N4GLN3,TTSPL4672,2499,RATE_OK
Synergie Network Engineering India Pvt Ltd,25,Synergie Network Engineering India Pvt Ltd,name,LOT,16JK8C3,TTSPL4589,Dell Latitude 5420 (Touch Screen),2499,2499,ttspl,1232,16JK8C3,TTSPL4589,2499,RATE_OK
Synergie Network Engineering India Pvt Ltd,25,Synergie Network Engineering India Pvt Ltd,name,LOT,C6WP2F3,TTSPL4669,Dell Latitude 5420 (Touch Screen),2499,2499,ttspl,1233,C6WP2F3,TTSPL4669,2499,RATE_OK
Synergie Network Engineering India Pvt Ltd,25,Synergie Network Engineering India Pvt Ltd,name,LOT,7JSZP13,TTSPL5655,Dell Latitude 5400,999,999,ttspl,2465,7JSZP13,TTSPL5655,999,RATE_OK
Synergie Network Engineering India Pvt Ltd,25,Synergie Network Engineering India Pvt Ltd,name,LOT,5S2M2J3,TTSPL3478,Dell Latitude 5420,2499,2499,ttspl,1242,5S2M2J3,TTSPL3478,2499,RATE_OK
Synergie Network Engineering India Pvt Ltd,25,Synergie Network Engineering India Pvt Ltd,name,LOT,6P2X0J3,TTSPL4859,Dell Latitude 5420,2499,2499,ttspl,1244,6P2X0J3,TTSPL4859,2499,RATE_OK
Synergie Network Engineering India Pvt Ltd,25,Synergie Network Engineering India Pvt Ltd,name,LOT,D4PXVM3,TTSPL6250,Dell Latitude 5420,2499,2499,ttspl,2467,D4PXVM3,TTSPL6250,2499,RATE_OK
Synergie Network Engineering India Pvt Ltd,25,Synergie Network Engineering India Pvt Ltd,name,LOT,D7NH3F3,TTSPL6799,Dell Latitude 5420,2499,2499,ttspl,1246,D7NH3F3,TTSPL6799,2499,RATE_OK
Synergie Network Engineering India Pvt Ltd,25,Synergie Network Engineering India Pvt Ltd,name,LOT,JF5N8C3,TTSPL6812,Dell Latitude 5420,2499,2499,ttspl,1247,JF5N8C3,TTSPL6812,2499,RATE_OK
Synergie Network Engineering India Pvt Ltd,25,Synergie Network Engineering India Pvt Ltd,name,LOT,2M8M2J3,TTSPL3486,Dell Latitude 5420,2499,2499,ttspl,1253,2M8M2J3,TTSPL3486,2499,RATE_OK
Synergie Network Engineering India Pvt Ltd,25,Synergie Network Engineering India Pvt Ltd,name,LOT,9R53ZW2,TTSPL3751,Dell Latitude 5490,1999,1999,ttspl,1254,9R53ZW2,TTSPL3751,1999,RATE_OK
Synergie Network Engineering India Pvt Ltd,25,Synergie Network Engineering India Pvt Ltd,name,LOT,5CG9293ZL5,TTSPL3581,HP Elitebook 840 G5,1999,1999,ttspl,1255,5CG9293ZL5,TTSPL3581,1999,RATE_OK
Synergie Network Engineering India Pvt Ltd,25,Synergie Network Engineering India Pvt Ltd,name,LOT,6NJYVZ2,TTSPL5490,Dell Latitude 3400,1349,1349,ttspl,2823,6NJYVZ2,TTSPL5490,1349,RATE_OK
Synergie Network Engineering India Pvt Ltd,25,Synergie Network Engineering India Pvt Ltd,name,LOT,HV370J3,TTSPL4803,Dell Latitude 5420,2499,2499,ttspl,1833,HV370J3,TTSPL4803,2499,RATE_OK
Synergie Network Engineering India Pvt Ltd,25,Synergie Network Engineering India Pvt Ltd,name,LOT,C1T50J3,TTSPL4826,Dell Latitude 5420,2499,2499,ttspl,1545,C1T50J3,TTSPL4826,2499,RATE_OK
Synergie Network Engineering India Pvt Ltd,25,Synergie Network Engineering India Pvt Ltd,name,LOT,8G87ZD3,TTSPL6817,Dell Latitude 5420,2499,2499,ttspl,1554,8G87ZD3,TTSPL6817,2499,RATE_OK
Synergie Network Engineering India Pvt Ltd,25,Synergie Network Engineering India Pvt Ltd,name,LOT,8XN02J3,TTSPL6323,Dell Latitude 5420,2499,2499,ttspl,2324,8XN02J3,TTSPL6323,2499,RATE_OK
Synergie Network Engineering India Pvt Ltd,25,Synergie Network Engineering India Pvt Ltd,name,LOT,62JMNQ3,TTSPL4634,Dell Latitude 5420 (Touch Screen),2499,2499,ttspl,1395,62JMNQ3,TTSPL4634,2499,RATE_OK
Synergie Network Engineering India Pvt Ltd,25,Synergie Network Engineering India Pvt Ltd,name,LOT,91RH2F3,TTSPL4604,Dell Latitude 5420 (Touch Screen),2499,2499,ttspl,1371,91RH2F3,TTSPL4604,2499,RATE_OK
Dotnova Aitech Private Limited,152,Dotnova Aitech Private Limited,name,LOT,26DPK12,RABYTRUE1393/TTSPL3821,Dell Latitude E7440,1199,1199,ttspl,751,26DPK12,TTSPL3821,1199,RATE_OK
Dotnova Aitech Private Limited,152,Dotnova Aitech Private Limited,name,LOT,CND12350K8,TTSPL4007,HP Elitebook 1040 G8,3349,3349,ttspl,754,CND12350K8,TTSPL4007,3349,RATE_OK
Dotnova Aitech Private Limited,152,Dotnova Aitech Private Limited,name,LOT,1MH4273,TTSPL4223,Dell Latitude 5410,2549,2549,ttspl,755,1MH4273,TTSPL4223,2549,RATE_OK
Dotnova Aitech Private Limited,152,Dotnova Aitech Private Limited,name,LOT,5V2Q3T3,TTSPL6926,Dell Latitude 7330 (Touch),3500,3500,ttspl,3269,5V2Q3T3,TTSPL6926,3500,RATE_OK
Dotnova Aitech Private Limited,152,Dotnova Aitech Private Limited,name,LOT,F736LCD6JY,TTSPL6948,Apple Macbook Pro,9400,9400,ttspl,3555,F736LCD6JY,TTSPL6948,9400,RATE_OK
Dotnova Aitech Private Limited,152,Dotnova Aitech Private Limited,name,LOT,HT79N13,TTSPL3135,Dell Latitude 7400 (Touch Screen),1599,1599,ttspl,3280,HT79N13,TTSPL3135,1599,RATE_OK
Dotnova Aitech Private Limited,152,Dotnova Aitech Private Limited,name,LOT,8QSZ7C3,TTSPL4647,Dell Latitude 5420 (Touch Screen),3349,3349,ttspl,1764,8QSZ7C3,TTSPL4647,3349,RATE_OK
Dotnova Aitech Private Limited,152,Dotnova Aitech Private Limited,name,LOT,HK6GW5GQX5,TTSPL7049,Apple Macbook Pro,9999,9999,ttspl,3678,HK6GW5GQX5,TTSPL7049,9999,RATE_OK
Dotnova Aitech Private Limited,152,Dotnova Aitech Private Limited,name,LOT,PF5EC8KN,TTSPL5055,Lenovo V14 (Gen 3),3699,3699,ttspl,303,PF5EC8KN,TTSPL5055,3699,RATE_OK
Dotnova Aitech Private Limited,152,Dotnova Aitech Private Limited,name,LOT,46LGZQ2,TTSPL3928,Dell Latitude 7490,1499,1499,ttspl,2170,46LGZQ2,TTSPL3928,1499,RATE_OK
Dotnova Aitech Private Limited,152,Dotnova Aitech Private Limited,name,LOT,GJ1CLR3,TTSPL7070,Dell Latitude 7330 (Touch),3699,3699,ttspl,3556,GJ1CLR3,TTSPL7070,3699,RATE_OK
Dotnova Aitech Private Limited,152,Dotnova Aitech Private Limited,name,LOT,CVQD2B3,TTSPL5828,Dell Latitude 3420,2299,2299,ttspl,2540,CVQD2B3,TTSPL5828,2299,RATE_OK
Dotnova Aitech Private Limited,152,Dotnova Aitech Private Limited,name,LOT,5CD9468ZLS,TTSPL3364,HP Elitebook X360 1030 G4,1800,3541.94,ttspl,1290,5CD9468ZLS,TTSPL3364,1800,RATE_OK
Dotnova Aitech Private Limited,152,Dotnova Aitech Private Limited,name,LOT,H464BY3,TTSPL7460,Dell Latitude 7440,4599,6379.26,ttspl,8224,H464BY3,TTSPL7460,4599,RATE_OK
Dotnova Aitech Private Limited,152,Dotnova Aitech Private Limited,name,LOT,795XGY3,TTSPL7462,Dell Latitude 7440,4599,6379.26,ttspl,8226,795XGY3,TTSPL7462,4599,RATE_OK
Dotnova Aitech Private Limited,152,Dotnova Aitech Private Limited,name,LOT,884BKC2,TTSPL3018,Dell Latitude E7470,1149,9006.68,ttspl,8729,884BKC2,TTSPL3018,1149,RATE_OK
MOEVING URBAN TECHNOLOGIES PRIVATE LIMITED,6,MOEVING URBAN TECHNOLOGIES PRIVATE LIMITED,name,LOT,83B6KR2,TTSPL3332,Dell Latitude 7390,1800,1800,ttspl,869,83B6KR2,TTSPL3332,1800,RATE_OK
MOEVING URBAN TECHNOLOGIES PRIVATE LIMITED,6,MOEVING URBAN TECHNOLOGIES PRIVATE LIMITED,name,LOT,72J4JR2,TTSPL2964,Dell Latitude 7490,1800,1800,ttspl,2131,72J4JR2,TTSPL2964,1800,RATE_OK
MOEVING URBAN TECHNOLOGIES PRIVATE LIMITED,6,MOEVING URBAN TECHNOLOGIES PRIVATE LIMITED,name,LOT,DMDCQH2,1522/TTSPL1056,Dell latitude E7480,1800,1800,ttspl,870,DMDCQH2,TTSPL1056,1800,RATE_OK
MOEVING URBAN TECHNOLOGIES PRIVATE LIMITED,6,MOEVING URBAN TECHNOLOGIES PRIVATE LIMITED,name,LOT,8QDF0B3,TTSPL3418,Dell Latitude 5310 (TOUCH SCREEN),2300,2300,ttspl,871,8QDF0B3,TTSPL3418,2300,RATE_OK
MOEVING URBAN TECHNOLOGIES PRIVATE LIMITED,6,MOEVING URBAN TECHNOLOGIES PRIVATE LIMITED,name,LOT,9BT1F63,TTSPL3452,Dell Latitude 5310 (TOUCH SCREEN),2300,2300,ttspl,872,9BT1F63,TTSPL3452,2300,RATE_OK
MOEVING URBAN TECHNOLOGIES PRIVATE LIMITED,6,MOEVING URBAN TECHNOLOGIES PRIVATE LIMITED,name,LOT,BJT1F63,TTSPL3438,Dell Latitude 5310 (TOUCH SCREEN),2300,2300,ttspl,873,BJT1F63,TTSPL3438,2300,RATE_OK
MOEVING URBAN TECHNOLOGIES PRIVATE LIMITED,6,MOEVING URBAN TECHNOLOGIES PRIVATE LIMITED,name,LOT,BSGF0B3,TTSPL3451,Dell Latitude 5310 (TOUCH SCREEN),2300,2300,ttspl,874,BSGF0B3,TTSPL3451,2300,RATE_OK
MOEVING URBAN TECHNOLOGIES PRIVATE LIMITED,6,MOEVING URBAN TECHNOLOGIES PRIVATE LIMITED,name,LOT,JMT1F63,TTSPL3453,Dell Latitude 5310 (TOUCH SCREEN),2300,2300,ttspl,875,JMT1F63,TTSPL3453,2300,RATE_OK
MOEVING URBAN TECHNOLOGIES PRIVATE LIMITED,6,MOEVING URBAN TECHNOLOGIES PRIVATE LIMITED,name,LOT,9HXV3F3,TTSPL3500,Dell Latitude 7310,2300,2300,ttspl,877,9HXV3F3,TTSPL3500,2300,RATE_OK
MOEVING URBAN TECHNOLOGIES PRIVATE LIMITED,6,MOEVING URBAN TECHNOLOGIES PRIVATE LIMITED,name,LOT,PC1NVAXX,TTSPL3544,Lenovo Thinkpad X-13,2300,2300,ttspl,878,PC1NVAXX,TTSPL3544,2300,RATE_OK
MOEVING URBAN TECHNOLOGIES PRIVATE LIMITED,6,MOEVING URBAN TECHNOLOGIES PRIVATE LIMITED,name,LOT,9Q0TTP2,TTSPL3654,Dell Latitude 7490,1800,1800,ttspl,879,9Q0TTP2,TTSPL3654,1800,RATE_OK
MOEVING URBAN TECHNOLOGIES PRIVATE LIMITED,6,MOEVING URBAN TECHNOLOGIES PRIVATE LIMITED,name,LOT,5DMV7S2,TTSPL3655,Dell Latitude 7490,1800,1800,ttspl,880,5DMV7S2,TTSPL3655,1800,RATE_OK
MOEVING URBAN TECHNOLOGIES PRIVATE LIMITED,6,MOEVING URBAN TECHNOLOGIES PRIVATE LIMITED,name,LOT,4N6N1Z2,TTSPL3311,Dell Latitude 7400 (Touch Screen),1800,1800,ttspl,881,4N6N1Z2,TTSPL3311,1800,RATE_OK
MOEVING URBAN TECHNOLOGIES PRIVATE LIMITED,6,MOEVING URBAN TECHNOLOGIES PRIVATE LIMITED,name,LOT,9KLYRQ2,TTSPL3766,Dell Latitude 5490,1800,1800,ttspl,882,9KLYRQ2,TTSPL3766,1800,RATE_OK
MOEVING URBAN TECHNOLOGIES PRIVATE LIMITED,6,MOEVING URBAN TECHNOLOGIES PRIVATE LIMITED,name,LOT,PF2E4LS2,TTSPL3708,Lenovo Thinkpad L14,2300,2300,ttspl,2132,PF2E4LS2,TTSPL3708,2300,RATE_OK
MOEVING URBAN TECHNOLOGIES PRIVATE LIMITED,6,MOEVING URBAN TECHNOLOGIES PRIVATE LIMITED,name,LOT,8Y0Q963,TTSPL4081,Dell Latitude 5310,2300,2300,ttspl,883,8Y0Q963,TTSPL4081,2300,RATE_OK
MOEVING URBAN TECHNOLOGIES PRIVATE LIMITED,6,MOEVING URBAN TECHNOLOGIES PRIVATE LIMITED,name,LOT,3TN82J3,TTSPL4496,Dell Latitude 5420,2300,2300,ttspl,884,3TN82J3,TTSPL4496,2300,RATE_OK
MOEVING URBAN TECHNOLOGIES PRIVATE LIMITED,6,MOEVING URBAN TECHNOLOGIES PRIVATE LIMITED,name,LOT,J1KWZH3,TTSPL4786,Dell Latitude 5420,2300,2300,ttspl,885,J1KWZH3,TTSPL4786,2300,RATE_OK
MOEVING URBAN TECHNOLOGIES PRIVATE LIMITED,6,MOEVING URBAN TECHNOLOGIES PRIVATE LIMITED,name,LOT,PG02Y0DK,TTSPL5177,Lenovo Thinkpad E14 (Gen 2),2300,2300,ttspl,886,PG02Y0DK,TTSPL5177,2300,RATE_OK
MOEVING URBAN TECHNOLOGIES PRIVATE LIMITED,6,MOEVING URBAN TECHNOLOGIES PRIVATE LIMITED,name,LOT,17T5043,TTSPL5022,Dell Latitude 7420,2300,2300,ttspl,887,17T5043,TTSPL5022,2300,RATE_OK
MOEVING URBAN TECHNOLOGIES PRIVATE LIMITED,6,MOEVING URBAN TECHNOLOGIES PRIVATE LIMITED,name,LOT,51VP963,TTSPL4116,Dell Latitude 5310,2300,2300,ttspl,888,51VP963,TTSPL4116,2300,RATE_OK
MOEVING URBAN TECHNOLOGIES PRIVATE LIMITED,6,MOEVING URBAN TECHNOLOGIES PRIVATE LIMITED,name,LOT,PF2R3THQ,TTSPL4322,Lenovo Thinkpad T14,3099,3099,ttspl,889,PF2R3THQ,TTSPL4322,3099,RATE_OK
MOEVING URBAN TECHNOLOGIES PRIVATE LIMITED,6,MOEVING URBAN TECHNOLOGIES PRIVATE LIMITED,name,LOT,PC1NVAXD,TTSPL3543,Lenovo Thinkpad X-13,2300,2300,ttspl,890,PC1NVAXD,TTSPL3543,2300,RATE_OK
MOEVING URBAN TECHNOLOGIES PRIVATE LIMITED,6,MOEVING URBAN TECHNOLOGIES PRIVATE LIMITED,name,LOT,8C14JL3,TTSPL5767,Dell Latitude 3420,1899,1899,ttspl,2428,8C14JL3,TTSPL5767,1899,RATE_OK
MOEVING URBAN TECHNOLOGIES PRIVATE LIMITED,6,MOEVING URBAN TECHNOLOGIES PRIVATE LIMITED,name,LOT,D0WR6Y2,TTSPL3508,Dell Latitude 7490,1800,1800,ttspl,891,D0WR6Y2,TTSPL3508,1800,RATE_OK
MOEVING URBAN TECHNOLOGIES PRIVATE LIMITED,6,MOEVING URBAN TECHNOLOGIES PRIVATE LIMITED,name,LOT,DQX5HK3,TTSPL6357,Dell Latitude 5420,2300,2300,ttspl,2429,DQX5HK3,TTSPL6357,2300,RATE_OK
MOEVING URBAN TECHNOLOGIES PRIVATE LIMITED,6,MOEVING URBAN TECHNOLOGIES PRIVATE LIMITED,name,LOT,GZ6F1J3,TTSPL4777,Dell Latitude 5420,2300,2300,ttspl,2430,GZ6F1J3,TTSPL4777,2300,RATE_OK
MOEVING URBAN TECHNOLOGIES PRIVATE LIMITED,6,MOEVING URBAN TECHNOLOGIES PRIVATE LIMITED,name,LOT,C1DRC63,TTSPL4117,Dell Latitude 5310,2300,2300,ttspl,892,C1DRC63,TTSPL4117,2300,RATE_OK
MOEVING URBAN TECHNOLOGIES PRIVATE LIMITED,6,MOEVING URBAN TECHNOLOGIES PRIVATE LIMITED,name,LOT,PG02S53H,TTSPL6851,Lenovo Thinkpad L14,2300,2300,ttspl,893,PG02S53H,TTSPL6851,2300,RATE_OK
MOEVING URBAN TECHNOLOGIES PRIVATE LIMITED,6,MOEVING URBAN TECHNOLOGIES PRIVATE LIMITED,name,LOT,PC1M8P2Q,TTSPL3572,Lenovo Thinkpad X-13,1800,1800,ttspl,894,PC1M8P2Q,TTSPL3572,1800,RATE_OK
ICHELON Consulting Group,4,ICHELON CONSULTING GROUP,name,LOT,JPH622PHW,TRU595,HP Desktop Elitedesk 800 G2,5990,5990,serial,611,JPH622PHW,595,5990,RATE_OK
Indicold pvt ltd.,5,Indicold Private Limited (HR),name,LOT,5CD702021X,TTSPL1931,HP Laptop Probook 430 G3,1990,1990,ttspl,467,5CD702021X,TTSPL1931,1990,RATE_OK
Indicold pvt ltd.,5,Indicold Private Limited (HR),name,LOT,61JYPC2,TTSPL1768,Dell Laptop Latitude E5470,1990,1990,ttspl,468,61JYPC2,TTSPL1768,1990,RATE_OK
Indicold pvt ltd.,5,Indicold Private Limited (HR),name,LOT,3490MH2,TRU1637/TTSPL2271,Dell Laptop Latitude E5280,1990,1990,ttspl,469,3490MH2,TTSPL2271,1990,RATE_OK
Indicold pvt ltd.,5,Indicold Private Limited (HR),name,LOT,780ZVD2,YASHTRUE1458/TTSPL2304,Dell Laptop Latitude E5470,1990,1990,ttspl,471,780ZVD2,TTSPL2304,1990,RATE_OK
Indicold pvt ltd.,5,Indicold Private Limited (HR),name,LOT,G4Z56H2,TTSPL1047,Dell Laptop Latitude E7480,2390,2390,ttspl,472,G4Z56H2,TTSPL1047,2390,RATE_OK
Indicold pvt ltd.,5,Indicold Private Limited (HR),name,LOT,CBXMFC2,YASHTRUE1424/TTSPL2628,Dell Laptop Latitude E5470,1990,1990,ttspl,473,CBXMFC2,TTSPL2628,1990,RATE_OK
Indicold pvt ltd.,5,Indicold Private Limited (HR),name,LOT,BX9Y4H2,TTSPL2828,Dell Laptop Latitude E7470,1990,1990,ttspl,474,BX9Y4H2,TTSPL2828,1990,RATE_OK
Indicold pvt ltd.,5,Indicold Private Limited (HR),name,LOT,5CD9094LZ1,TTSPL2651,HP Elitebook X360 1030 G3,3499,3499,ttspl,2259,5CD9094LZ1,TTSPL2651,3499,RATE_OK
Indicold pvt ltd.,5,Indicold Private Limited (HR),name,LOT,4ZX62H2,TTSPL2855,Dell Latitude E7470,1990,1990,ttspl,475,4ZX62H2,TTSPL2855,1990,RATE_OK
Indicold pvt ltd.,5,Indicold Private Limited (HR),name,LOT,HFLFQF2,TTSPL2797,Dell Latitude E7470,1990,1990,ttspl,477,HFLFQF2,TTSPL2797,1990,RATE_OK
Indicold pvt ltd.,5,Indicold Private Limited (HR),name,LOT,7PBJMH2,YASHTRUE1461/TTSPL3456,Dell Latitude E5480,1990,1990,ttspl,479,7PBJMH2,TTSPL3456,1990,RATE_OK
Indicold pvt ltd.,5,Indicold Private Limited (HR),name,LOT,JGSS7Y2,TTSPL4901,Dell Latitude 5490,1990,1990,ttspl,483,JGSS7Y2,TTSPL4901,1990,RATE_OK
Pernimius Financial Technologies Pvt Ltd,8,PERNIMIUS FINANCIAL TECHNOLOGIES PRIVATE LIMITED,name,LOT,7BGWQQ2,TTSPL2744,Dell Latitude 7490,1400,1400,ttspl,862,7BGWQQ2,TTSPL2744,1400,RATE_OK
Pernimius Financial Technologies Pvt Ltd,8,PERNIMIUS FINANCIAL TECHNOLOGIES PRIVATE LIMITED,name,LOT,CRPM1Z2,TTSPL3312,Dell Latitude 7400 (Touch Screen),1400,1400,ttspl,863,CRPM1Z2,TTSPL3312,1400,RATE_OK
Pernimius Financial Technologies Pvt Ltd,8,PERNIMIUS FINANCIAL TECHNOLOGIES PRIVATE LIMITED,name,LOT,4W315Q2,TTSPL2883,Dell Latitude 7490,1400,1400,ttspl,864,4W315Q2,TTSPL2883,1400,RATE_OK
Pernimius Financial Technologies Pvt Ltd,8,PERNIMIUS FINANCIAL TECHNOLOGIES PRIVATE LIMITED,name,LOT,8B2XQQ2,TTSPL2729,Dell Latitude 7490,1400,1400,ttspl,865,8B2XQQ2,TTSPL2729,1400,RATE_OK
Pernimius Financial Technologies Pvt Ltd,8,PERNIMIUS FINANCIAL TECHNOLOGIES PRIVATE LIMITED,name,LOT,CC426Q2,TTSPL3049,Dell Latitude 7490,1400,1400,ttspl,866,CC426Q2,TTSPL3049,1400,RATE_OK
Pernimius Financial Technologies Pvt Ltd,8,PERNIMIUS FINANCIAL TECHNOLOGIES PRIVATE LIMITED,name,LOT,PC1GXFN7,TTSPL4917,Lenovo Thinkpad T490s,1400,1400,ttspl,867,PC1GXFN7,TTSPL4917,1400,RATE_OK
Pernimius Financial Technologies Pvt Ltd,8,PERNIMIUS FINANCIAL TECHNOLOGIES PRIVATE LIMITED,name,LOT,PC1FBAE3,TTSPL4918,Lenovo Thinkpad T490s,1400,1400,ttspl,868,PC1FBAE3,TTSPL4918,1400,RATE_OK
Pernimius Financial Technologies Pvt Ltd,8,PERNIMIUS FINANCIAL TECHNOLOGIES PRIVATE LIMITED,name,LOT,3NBY0B3,TTSPLGR0164,Dell Latitude 5310,1500,1500,ttspl,1282,3NBY0B3,TTSPLGR0164,1500,RATE_OK
Pernimius Financial Technologies Pvt Ltd,8,PERNIMIUS FINANCIAL TECHNOLOGIES PRIVATE LIMITED,name,LOT,632L453,TTSPL4476,Dell Latitude 5410,1499,1499,ttspl,2949,632L453,TTSPL4476,1499,RATE_OK
Pernimius Financial Technologies Pvt Ltd,8,PERNIMIUS FINANCIAL TECHNOLOGIES PRIVATE LIMITED,name,LOT,8BT1F63,TTSPL3443,Dell Latitude 5310 (TOUCH SCREEN),1400,1400,ttspl,315,8BT1F63,TTSPL3443,1400,RATE_OK
Pernimius Financial Technologies Pvt Ltd,8,PERNIMIUS FINANCIAL TECHNOLOGIES PRIVATE LIMITED,name,LOT,R913GZ2Z,TTSPL7182,Lenovo Thinkpad L13,1999,1999,ttspl,3841,R913GZ2Z,TTSPL7182,1999,RATE_OK
Pernimius Financial Technologies Pvt Ltd,8,PERNIMIUS FINANCIAL TECHNOLOGIES PRIVATE LIMITED,name,LOT,2VHW3D3,TTSPL5393,Dell Latitude 5420,1999,1999,ttspl,4089,2VHW3D3,TTSPL5393,1999,RATE_OK
Pernimius Financial Technologies Pvt Ltd,8,PERNIMIUS FINANCIAL TECHNOLOGIES PRIVATE LIMITED,name,LOT,5CD112LW0C,TTSPL6562,HP Probook 440 G8,1999,1999,ttspl,3440,5CD112LW0C,TTSPL6562,1999,RATE_OK
Pernimius Financial Technologies Pvt Ltd,8,PERNIMIUS FINANCIAL TECHNOLOGIES PRIVATE LIMITED,name,LOT,PC27MNT6,TTSPL4468,Lenovo Thinkpad X-13,1999,1999,ttspl,500,PC27MNT6,TTSPL4468,1999,RATE_OK
Pernimius Financial Technologies Pvt Ltd,8,PERNIMIUS FINANCIAL TECHNOLOGIES PRIVATE LIMITED,name,LOT,5S670J3,TTSPL6742,Dell Latitude 7420,1999,1999,ttspl,1979,5S670J3,TTSPL6742,1999,RATE_OK
Pernimius Financial Technologies Pvt Ltd,8,PERNIMIUS FINANCIAL TECHNOLOGIES PRIVATE LIMITED,name,LOT,87XY0F3,TTSPL7537,Dell Latitude 5420,1999,2385.9,ttspl,8453,87XY0F3,TTSPL7537,1999,RATE_OK
Pernimius Financial Technologies Pvt Ltd,8,PERNIMIUS FINANCIAL TECHNOLOGIES PRIVATE LIMITED,name,LOT,9NZH7C3,TTSPL7524,Dell Latitude 5420,1999,2321.42,ttspl,8440,9NZH7C3,TTSPL7524,1999,RATE_OK
Pernimius Financial Technologies Pvt Ltd,8,PERNIMIUS FINANCIAL TECHNOLOGIES PRIVATE LIMITED,name,LOT,JNCM1J3,TTSPL7552,Dell Latitude 5420,1999,1934.52,ttspl,8717,JNCM1J3,TTSPL7552,1999,RATE_OK
Pernimius Financial Technologies Pvt Ltd,8,PERNIMIUS FINANCIAL TECHNOLOGIES PRIVATE LIMITED,name,LOT,2HLG7C3,TTSPL7559,Dell Latitude 5420,1999,1934.52,ttspl,8724,2HLG7C3,TTSPL7559,1999,RATE_OK
AGILE VENTURES PRIVATE LIMITED,110,AGILE VENTURES PRIVATE LIMITED,name,LOT,PG02YPV6,TTSPL5632,Lenovo Thinkpad E14,1999,1999,ttspl,1310,PG02YPV6,TTSPL5632,1999,RATE_OK
Quest Solutions Private Limited,9,Quest Solutions Private Limited,name,LOT,PF2E4K23,TTSPL3698,Lenovo Thinkpad L14,1999,1999,ttspl,2158,PF2E4K23,TTSPL3698,1999,RATE_OK
Quest Solutions Private Limited,9,Quest Solutions Private Limited,name,LOT,PF29P8KH,TTSPL3700,Lenovo Thinkpad L14,1999,1999,ttspl,2159,PF29P8KH,TTSPL3700,1999,RATE_OK
Quest Solutions Private Limited,9,Quest Solutions Private Limited,name,LOT,JY0DK63,TTSPL3035,Dell Latitude 5410,2299,2299,ttspl,1139,JY0DK63,TTSPL3035,2299,RATE_OK
Quest Solutions Private Limited,9,Quest Solutions Private Limited,name,LOT,4RJHDB3,TTSPL3795,Dell Latitude 5410,1999,1999,ttspl,2160,4RJHDB3,TTSPL3795,1999,RATE_OK
Quest Solutions Private Limited,9,Quest Solutions Private Limited,name,LOT,2ZT1F63,TTSPL3431,Dell Latitude 5310 (TOUCH SCREEN),1999,1999,ttspl,1140,2ZT1F63,TTSPL3431,1999,RATE_OK
Quest Solutions Private Limited,9,Quest Solutions Private Limited,name,LOT,8D8THR2,TTSPL3876,Dell Latitude 7490,1299,1299,ttspl,1141,8D8THR2,TTSPL3876,1299,RATE_OK
Quest Solutions Private Limited,9,Quest Solutions Private Limited,name,LOT,GX52MQ2,TTSPL3894,Dell Latitude 7490,1299,1299,ttspl,1142,GX52MQ2,TTSPL3894,1449,RATE_MISMATCH
Quest Solutions Private Limited,9,Quest Solutions Private Limited,name,LOT,6CGV5Q2,TTSPL4061,Dell Latitude 7490,1449,1449,ttspl,1143,6CGV5Q2,TTSPL4061,1449,RATE_OK
Quest Solutions Private Limited,9,Quest Solutions Private Limited,name,LOT,8LT1F63,TTSPL3465,Dell Latitude 5310 (TOUCH SCREEN),1999,1999,ttspl,1144,8LT1F63,TTSPL3465,1999,RATE_OK
Quest Solutions Private Limited,9,Quest Solutions Private Limited,name,LOT,CND1234N3H,TTSPL4133,HP Elitebook 1040 G8,3499,3499,ttspl,1145,CND1234N3H,TTSPL4133,3499,RATE_OK
Quest Solutions Private Limited,9,Quest Solutions Private Limited,name,LOT,CND1262L1C,TTSPL4134,HP Elitebook 1040 G8,3499,3499,ttspl,1146,CND1262L1C,TTSPL4134,3499,RATE_OK
Quest Solutions Private Limited,9,Quest Solutions Private Limited,name,LOT,5C5QVT2,TTSPL3260,Dell Latitude 7490,1299,1299,ttspl,2162,5C5QVT2,TTSPL3260,1299,RATE_OK
Quest Solutions Private Limited,9,Quest Solutions Private Limited,name,LOT,2THX2D3,TTSPL3230,Dell Latitude 5420,1999,1999,ttspl,1147,2THX2D3,TTSPL3230,1999,RATE_OK
Quest Solutions Private Limited,9,Quest Solutions Private Limited,name,LOT,1NQ1F63,TTSPL3446,Dell Latitude 5310 (TOUCH SCREEN),1999,1999,ttspl,1148,1NQ1F63,TTSPL3446,1999,RATE_OK
Quest Solutions Private Limited,9,Quest Solutions Private Limited,name,LOT,PF2AKVX2,TTSPL4441,Lenovo Thinkpad L14,1999,1999,ttspl,1150,PF2AKVX2,TTSPL4441,1999,RATE_OK
Quest Solutions Private Limited,9,Quest Solutions Private Limited,name,LOT,DSSLPQ2,TTSPL4064,Dell Latitude 7490,1299,1299,ttspl,1151,DSSLPQ2,TTSPL4064,1299,RATE_OK
Quest Solutions Private Limited,9,Quest Solutions Private Limited,name,LOT,GLPKZH3,TTSPL4493,Dell Latitude 5420,1999,1999,ttspl,1152,GLPKZH3,TTSPL4493,1999,RATE_OK
Quest Solutions Private Limited,9,Quest Solutions Private Limited,name,LOT,PF31NC8P,TTSPL4717,Lenovo Thinkpad T14,2199,2199,ttspl,1153,PF31NC8P,TTSPL4717,2199,RATE_OK
Quest Solutions Private Limited,9,Quest Solutions Private Limited,name,LOT,PC164BDV,TTSPL4929,Lenovo Thinkpad T480s,1449,1449,ttspl,1154,PC164BDV,TTSPL4929,1449,RATE_OK
Quest Solutions Private Limited,9,Quest Solutions Private Limited,name,LOT,5J2WZ33,TTSPL4857,Dell Latitude 5410,1999,1999,ttspl,1157,5J2WZ33,TTSPL4857,1999,RATE_OK
Quest Solutions Private Limited,9,Quest Solutions Private Limited,name,LOT,T7NRCX02W958297,TTSPL5528,Asus TUF Gaming A15,7299,7299,ttspl,1156,T7NRCX02W958297,TTSPL5528,7299,RATE_OK
Quest Solutions Private Limited,9,Quest Solutions Private Limited,name,LOT,DLBY0B3,TTSPLGR0166,Dell Latitude 5310,1999,1999,ttspl,1158,DLBY0B3,TTSPLGR0166,1999,RATE_OK
Quest Solutions Private Limited,9,Quest Solutions Private Limited,name,LOT,77BX7S2,TTSPL2945,Dell Latitude 7490,1299,1299,ttspl,2163,77BX7S2,TTSPL2945,1299,RATE_OK
Quest Solutions Private Limited,9,Quest Solutions Private Limited,name,LOT,5CD112LTT7,TTSPL6049,HP Probook 440 G8,2099,2099,ttspl,2457,5CD112LTT7,TTSPL6049,2099,RATE_OK
Quest Solutions Private Limited,9,Quest Solutions Private Limited,name,LOT,5CD112KFGH,TTSPL6052,HP Probook 440 G8,2099,2099,ttspl,2458,5CD112KFGH,TTSPL6052,2099,RATE_OK
Quest Solutions Private Limited,9,Quest Solutions Private Limited,name,LOT,PG0324MA,TTSPL5615,Lenovo Thinkpad E14,2099,2099,ttspl,1160,PG0324MA,TTSPL5615,2099,RATE_OK
Quest Solutions Private Limited,9,Quest Solutions Private Limited,name,LOT,3BJB2J3,TTSPL6319,Dell Latitude 5420,2199,2199,ttspl,2460,3BJB2J3,TTSPL6319,2199,RATE_OK
Quest Solutions Private Limited,9,Quest Solutions Private Limited,name,LOT,CLTHGJ3,TTSPL2593,Dell Vostro 3500,2999,2999,ttspl,1161,CLTHGJ3,TTSPL2593,2999,RATE_OK
Quest Solutions Private Limited,9,Quest Solutions Private Limited,name,LOT,PG02JQ89,TTSPL6413,Lenovo Thinkpad E-14 Gen 2,2099,2099,ttspl,2864,PG02JQ89,TTSPL6413,2099,RATE_OK
Quest Solutions Private Limited,9,Quest Solutions Private Limited,name,LOT,PF2AKKBF,TTSPL4442,Lenovo Thinkpad L14,1999,1999,ttspl,3245,PF2AKKBF,TTSPL4442,1999,RATE_OK
Quest Solutions Private Limited,9,Quest Solutions Private Limited,name,LOT,F2B8SL3,TTSPL5771,Dell Latitude 3420,2099,2099,ttspl,3639,F2B8SL3,TTSPL5771,2099,RATE_OK
Quest Solutions Private Limited,9,Quest Solutions Private Limited,name,LOT,6BCH2J3,TTSPL4494,Dell Latitude 5420,2099,2099,ttspl,1621,6BCH2J3,TTSPL4494,2099,RATE_OK
Quest Solutions Private Limited,9,Quest Solutions Private Limited,name,LOT,PC28HQ8T,TTSPL4457,Lenovo Thinkpad X-13,2099,2099,ttspl,1531,PC28HQ8T,TTSPL4457,2099,RATE_OK
Quest Solutions Private Limited,9,Quest Solutions Private Limited,name,LOT,PG02VJDL,TTSPL6385,Lenovo Thinkpad E-14 Gen 2,1900,1900,ttspl,3363,PG02VJDL,TTSPL6385,1900,RATE_OK
Quest Solutions Private Limited,9,Quest Solutions Private Limited,name,LOT,5CD14120CJ,TTSPL5366,HP Probook 440 G8,2099,2099,ttspl,3688,5CD14120CJ,TTSPL5366,2099,RATE_OK
Quest Solutions Private Limited,9,Quest Solutions Private Limited,name,LOT,PF367QND,TTSPL5161,Lenovo Thinkpad T14,1999,1999,ttspl,169,PF367QND,TTSPL5161,1999,RATE_OK
Quest Solutions Private Limited,9,Quest Solutions Private Limited,name,LOT,PC2830BR,TTSPL4377,Lenovo Thinkpad X-13,2099,67.7,UNMATCHED,,,,,NOT_IN_CRM_ACTIVE
Quest Solutions Private Limited,9,Quest Solutions Private Limited,name,LOT,DRSMGJ3,TTSPL2454,Dell Vostro 3500,2999,96.74,UNMATCHED,,,,,NOT_IN_CRM_ACTIVE
Quest Solutions Private Limited,9,Quest Solutions Private Limited,name,LOT,2CBLPN3,TTSPL7445,Dell Latitude 5420,2099,2911.52,ttspl,8209,2CBLPN3,TTSPL7445,2099,RATE_OK
Quest Solutions Private Limited,9,Quest Solutions Private Limited,name,LOT,9F9ZZH3,TTSPL7527,Dell Latitude 5420,2099,2437.55,ttspl,8443,9F9ZZH3,TTSPL7527,2099,RATE_OK
Quest Solutions Private Limited,9,Quest Solutions Private Limited,name,LOT,42X53D3,TTSPL7535,Dell Latitude 5420,2099,2437.55,ttspl,8451,42X53D3,TTSPL7535,2099,RATE_OK
Quest Solutions Private Limited,9,Quest Solutions Private Limited,name,LOT,7WRJZH3,TTSPL7561,Dell Latitude 5420,2099,2234.42,ttspl,8726,7WRJZH3,TTSPL7561,1609.23,RATE_MISMATCH
Quest Solutions Private Limited,9,Quest Solutions Private Limited,name,LOT,5CD112KF9P,TTSPL6560,HP Probook 440 G8,1999,2127.97,ttspl,3531,5CD112KF9P,TTSPL6560,1999,RATE_OK
COSMOFEED TECHNOLOGIES PRIVATE LIMITED,111,COSMOFEED TECHNOLOGIES PVT LTD,name,LOT,PF225G2H,TTSPL3183,Lenovo Thinkpad T-490,1599,1599,ttspl,368,PF225G2H,TTSPL3183,1599,RATE_OK
COSMOFEED TECHNOLOGIES PRIVATE LIMITED,111,COSMOFEED TECHNOLOGIES PVT LTD,name,LOT,5CD72091BX,1599/TTSPL1459,HP Elitebook Folio 1040 G3,999,999,ttspl,369,5CD72091BX,TTSPL1459,999,RATE_OK
COSMOFEED TECHNOLOGIES PRIVATE LIMITED,111,COSMOFEED TECHNOLOGIES PVT LTD,name,LOT,9X6W4Q2,TTSPL3664,Dell Latitude 7490,1599,1599,ttspl,371,9X6W4Q2,TTSPL3664,1599,RATE_OK
COSMOFEED TECHNOLOGIES PRIVATE LIMITED,111,COSMOFEED TECHNOLOGIES PVT LTD,name,LOT,42FM893,TTSPL3786,Dell Latitude 5410,1999,1999,ttspl,373,42FM893,TTSPL3786,1999,RATE_OK
COSMOFEED TECHNOLOGIES PRIVATE LIMITED,111,COSMOFEED TECHNOLOGIES PVT LTD,name,LOT,5Y2JDB3,TTSPL3779,Dell Latitude 5410,1999,1999,ttspl,372,5Y2JDB3,TTSPL3779,1999,RATE_OK
COSMOFEED TECHNOLOGIES PRIVATE LIMITED,111,COSMOFEED TECHNOLOGIES PVT LTD,name,LOT,GBQHDB3,TTSPL3776,Dell Latitude 5410,2299,2299,ttspl,374,GBQHDB3,TTSPL3776,2299,RATE_OK
COSMOFEED TECHNOLOGIES PRIVATE LIMITED,111,COSMOFEED TECHNOLOGIES PVT LTD,name,LOT,7NWL6G3,TTSPL4524,Dell Latitude 5420,2499,2499,ttspl,376,7NWL6G3,TTSPL4524,2499,RATE_OK
COSMOFEED TECHNOLOGIES PRIVATE LIMITED,111,COSMOFEED TECHNOLOGIES PVT LTD,name,LOT,BX20NF2,TTSPL2112,Dell Latitude E5490,1599,1599,ttspl,377,BX20NF2,TTSPL2112,1599,RATE_OK
COSMOFEED TECHNOLOGIES PRIVATE LIMITED,111,COSMOFEED TECHNOLOGIES PVT LTD,name,LOT,5CD1315Y95,TTSPL5350,HP Probook 440 G8,1999,1999,ttspl,2775,5CD1315Y95,TTSPL5350,1999,RATE_OK
COSMOFEED TECHNOLOGIES PRIVATE LIMITED,111,COSMOFEED TECHNOLOGIES PVT LTD,name,LOT,1Q7LJG3,TTSPL5720,Dell Latitude 3420,2499,2499,ttspl,2341,1Q7LJG3,TTSPL5720,2499,RATE_OK
COSMOFEED TECHNOLOGIES PRIVATE LIMITED,111,COSMOFEED TECHNOLOGIES PVT LTD,name,LOT,GSRZ1J3,TTSPL5793,Dell Latitude 5420,2499,2499,ttspl,2343,GSRZ1J3,TTSPL5793,2499,RATE_OK
COSMOFEED TECHNOLOGIES PRIVATE LIMITED,111,COSMOFEED TECHNOLOGIES PVT LTD,name,LOT,48PYCL3,TTSPL5824,Dell Latitude 3420,1999,1999,ttspl,2344,48PYCL3,TTSPL5824,1999,RATE_OK
COSMOFEED TECHNOLOGIES PRIVATE LIMITED,111,COSMOFEED TECHNOLOGIES PVT LTD,name,LOT,5CG9420Y22,TTSPL3806,HP Elitebook 840 G6,1599,1599,ttspl,384,5CG9420Y22,TTSPL3806,1599,RATE_OK
COSMOFEED TECHNOLOGIES PRIVATE LIMITED,111,COSMOFEED TECHNOLOGIES PVT LTD,name,LOT,HV4ZR93,TTSPL4315,Dell Latitude 5320 (Touch),2399,2399,ttspl,385,HV4ZR93,TTSPL4315,2399,RATE_OK
COSMOFEED TECHNOLOGIES PRIVATE LIMITED,111,COSMOFEED TECHNOLOGIES PVT LTD,name,LOT,CWF76G3,TTSPL4523,Dell Latitude 5420,2399,2399,ttspl,386,CWF76G3,TTSPL4523,2399,RATE_OK
COSMOFEED TECHNOLOGIES PRIVATE LIMITED,111,COSMOFEED TECHNOLOGIES PVT LTD,name,LOT,PG02VL7H,TTSPL6411,Lenovo Thinkpad E-14 Gen 2,1999,1999,ttspl,2857,PG02VL7H,TTSPL6411,1999,RATE_OK
COSMOFEED TECHNOLOGIES PRIVATE LIMITED,111,COSMOFEED TECHNOLOGIES PVT LTD,name,LOT,D173C63,TTSPL6534,Dell Latitude 3410,2299,2299,ttspl,3522,D173C63,TTSPL6534,2299,RATE_OK
COSMOFEED TECHNOLOGIES PRIVATE LIMITED,111,COSMOFEED TECHNOLOGIES PVT LTD,name,LOT,PC28VSSH,TTSPL4375,Lenovo Thinkpad X-13,1999,1999,ttspl,3220,PC28VSSH,TTSPL4375,1999,RATE_OK
COSMOFEED TECHNOLOGIES PRIVATE LIMITED,111,COSMOFEED TECHNOLOGIES PVT LTD,name,LOT,5CG3050HHY,TTSPL6992,HP Elitebook 840 G8,2899,2899,ttspl,3599,5CG3050HHY,TTSPL6992,2899,RATE_OK
COSMOFEED TECHNOLOGIES PRIVATE LIMITED,111,COSMOFEED TECHNOLOGIES PVT LTD,name,LOT,5CG213DB9R,TTSPL6996,HP Elitebook 840 G8,2899,2899,ttspl,3603,5CG213DB9R,TTSPL6996,2899,RATE_OK
COSMOFEED TECHNOLOGIES PRIVATE LIMITED,111,COSMOFEED TECHNOLOGIES PVT LTD,name,LOT,5CG2146W4K,TTSPL7010,HP Elitebook 840 G8,2899,2899,ttspl,3617,5CG2146W4K,TTSPL7010,2899,RATE_OK
COSMOFEED TECHNOLOGIES PRIVATE LIMITED,111,COSMOFEED TECHNOLOGIES PVT LTD,name,LOT,5CD112LVCY,TTSPL6563,HP Probook 440 G8,1999,1999,ttspl,3441,5CD112LVCY,TTSPL6563,1999,RATE_OK
COSMOFEED TECHNOLOGIES PRIVATE LIMITED,111,COSMOFEED TECHNOLOGIES PVT LTD,name,LOT,5CD112KFGW,TTSPL6577,HP Probook 440 G8,1999,1999,ttspl,3382,5CD112KFGW,TTSPL6577,1999,RATE_OK
COSMOFEED TECHNOLOGIES PRIVATE LIMITED,111,COSMOFEED TECHNOLOGIES PVT LTD,name,LOT,5CG212FBJC,TTSPL6845,HP Elitebook 840 G8,1999,1999,ttspl,328,5CG212FBJC,TTSPL6845,1999,RATE_OK
COSMOFEED TECHNOLOGIES PRIVATE LIMITED,111,COSMOFEED TECHNOLOGIES PVT LTD,name,LOT,5CG2153H9F,TTSPL7026,HP Elitebook 830 G8,2899,2899,ttspl,3656,5CG2153H9F,TTSPL7026,2899,RATE_OK
COSMOFEED TECHNOLOGIES PRIVATE LIMITED,111,COSMOFEED TECHNOLOGIES PVT LTD,name,LOT,5CG20713N8,TTSPL7027,HP Elitebook 830 G8,2899,2899,ttspl,3657,5CG20713N8,TTSPL7027,2899,RATE_OK
COSMOFEED TECHNOLOGIES PRIVATE LIMITED,111,COSMOFEED TECHNOLOGIES PVT LTD,name,LOT,7LQWZH3,TTSPL4830,Dell Latitude 5420,2699,2699,ttspl,55,7LQWZH3,TTSPL4830,2699,RATE_OK
COSMOFEED TECHNOLOGIES PRIVATE LIMITED,111,COSMOFEED TECHNOLOGIES PVT LTD,name,LOT,337F1J3,TTSPL4743,Dell Latitude 5420,2699,2699,ttspl,3651,337F1J3,TTSPL4743,2699,RATE_OK
COSMOFEED TECHNOLOGIES PRIVATE LIMITED,111,COSMOFEED TECHNOLOGIES PVT LTD,name,LOT,PC1FBAD3,TTSPL5040,Lenovo Thinkpad T490s,1599,1599,ttspl,95,PC1FBAD3,TTSPL5040,1599,RATE_OK
COSMOFEED TECHNOLOGIES PRIVATE LIMITED,111,COSMOFEED TECHNOLOGIES PVT LTD,name,LOT,68F0SQ2,TTSPL2846,Dell Latitude 7490,1599,1599,ttspl,998,68F0SQ2,TTSPL2846,1599,RATE_OK
COSMOFEED TECHNOLOGIES PRIVATE LIMITED,111,COSMOFEED TECHNOLOGIES PVT LTD,name,LOT,4T7PZW2,TTSPL3057,Dell Latitude 7490,1599,1599,ttspl,366,4T7PZW2,TTSPL3057,1599,RATE_OK
COSMOFEED TECHNOLOGIES PRIVATE LIMITED,111,COSMOFEED TECHNOLOGIES PVT LTD,name,LOT,PF21NHTG,TTSPL3180,Lenovo Thinkpad T490 (Touchscreen),1599,1599,ttspl,823,PF21NHTG,TTSPL3180,1599,RATE_OK
COSMOFEED TECHNOLOGIES PRIVATE LIMITED,111,COSMOFEED TECHNOLOGIES PVT LTD,name,LOT,35FZ7S2,TTSPL3661,Dell Latitude 7490,1599,1599,ttspl,478,35FZ7S2,TTSPL3661,1599,RATE_OK
COSMOFEED TECHNOLOGIES PRIVATE LIMITED,111,COSMOFEED TECHNOLOGIES PVT LTD,name,LOT,5L75HK3,TTSPL6304,Dell Latitude 5420,2700,2700,ttspl,2323,5L75HK3,TTSPL6304,2700,RATE_OK
COSMOFEED TECHNOLOGIES PRIVATE LIMITED,111,COSMOFEED TECHNOLOGIES PVT LTD,name,LOT,C75LGJ3,TTSPL2433,Dell Vostro 3500,2699,2699,ttspl,1047,C75LGJ3,TTSPL2433,2699,RATE_OK
COSMOFEED TECHNOLOGIES PRIVATE LIMITED,111,COSMOFEED TECHNOLOGIES PVT LTD,name,LOT,PC26GWDF,TTSPL4394,Lenovo Thinkpad X-13,1999,1999,ttspl,1614,PC26GWDF,TTSPL4394,1999,RATE_OK
COSMOFEED TECHNOLOGIES PRIVATE LIMITED,111,COSMOFEED TECHNOLOGIES PVT LTD,name,LOT,5CD128FV77,TTSPL5517,HP Probook 440 G8,1999,1999,ttspl,4044,5CD128FV77,TTSPL5517,1999,RATE_OK
COSMOFEED TECHNOLOGIES PRIVATE LIMITED,111,COSMOFEED TECHNOLOGIES PVT LTD,name,LOT,R914RLMW,TTSPL7253,Lenovo Thinkpad L13,1999,1999,ttspl,3912,R914RLMW,TTSPL7253,1999,RATE_OK
COSMOFEED TECHNOLOGIES PRIVATE LIMITED,111,COSMOFEED TECHNOLOGIES PVT LTD,name,LOT,R913GZH9,TTSPL7163,Lenovo Thinkpad L13,1999,1999,ttspl,3822,R913GZH9,TTSPL7163,1999,RATE_OK
COSMOFEED TECHNOLOGIES PRIVATE LIMITED,111,COSMOFEED TECHNOLOGIES PVT LTD,name,LOT,R913GZFB,TTSPL7240,Lenovo Thinkpad L13,1999,1999,ttspl,3899,R913GZFB,TTSPL7240,1999,RATE_OK
COSMOFEED TECHNOLOGIES PRIVATE LIMITED,111,COSMOFEED TECHNOLOGIES PVT LTD,name,LOT,5CD1315XB1,TTSPL5353,HP Probook 440 G8,1999,1999,ttspl,2839,5CD1315XB1,TTSPL5353,1999,RATE_OK
COSMOFEED TECHNOLOGIES PRIVATE LIMITED,111,COSMOFEED TECHNOLOGIES PVT LTD,name,LOT,R913GZGG,TTSPL7171,Lenovo Thinkpad L13,1999,2192.45,ttspl,3830,R913GZGG,TTSPL7171,1999,RATE_OK
People Staffing Solutions,7,PEOPLE STAFFING SOLUTIONS,name,LOT,CG95WD2,TTSPL2952,Dell Laptop Latitude E7470,999,999,ttspl,531,CG95WD2,TTSPL2952,999,RATE_OK
People Staffing Solutions,7,PEOPLE STAFFING SOLUTIONS,name,LOT,PC0CF2MG,TTSPL3297,Lenovo Thinkpad T450,999,999,ttspl,532,PC0CF2MG,TTSPL3297,999,RATE_OK
People Staffing Solutions,7,PEOPLE STAFFING SOLUTIONS,name,LOT,GFW4BG2,TTSPL2843,Dell Latitude E7470,999,999,ttspl,533,GFW4BG2,TTSPL2843,999,RATE_OK
People Staffing Solutions,7,PEOPLE STAFFING SOLUTIONS,name,LOT,5Z550G2,TTSPL2845,Dell Latitude E7470,999,999,ttspl,534,5Z550G2,TTSPL2845,999,RATE_OK
People Staffing Solutions,7,PEOPLE STAFFING SOLUTIONS,name,LOT,PC0L756G,TTSPL2392,Lenovo Thinkpad T460,999,999,ttspl,535,PC0L756G,TTSPL2392,999,RATE_OK
People Staffing Solutions,7,PEOPLE STAFFING SOLUTIONS,name,LOT,PC0C78EP,TTSPL1654/TRU1386,Lenovo Thinkpad T450,999,999,ttspl,536,PC0C78EP,TTSPL1654,999,RATE_OK
People Staffing Solutions,7,PEOPLE STAFFING SOLUTIONS,name,LOT,5CG75246K3,TTSPLGR0137,HP Elitebook 820 G3,999,999,ttspl,537,5CG75246K3,TTSPLGR0137,999,RATE_OK
People Staffing Solutions,7,PEOPLE STAFFING SOLUTIONS,name,LOT,G2QS0N2,TTSPL3884,Dell Latitude 7480,999,999,ttspl,538,G2QS0N2,TTSPL3884,999,RATE_OK
People Staffing Solutions,7,PEOPLE STAFFING SOLUTIONS,name,LOT,5CG7021SD6,TTSPL1489,HP Elitebook 820 G3,999,999,ttspl,539,5CG7021SD6,TTSPL1489,999,RATE_OK
People Staffing Solutions,7,PEOPLE STAFFING SOLUTIONS,name,LOT,B8865H2,TTSPL2098,Dell Latitude E7280,999,999,ttspl,540,B8865H2,TTSPL2098,999,RATE_OK
People Staffing Solutions,7,PEOPLE STAFFING SOLUTIONS,name,LOT,R90MQYC1,TTSPL3204,Lenovo Thinkpad T560,999,999,ttspl,541,R90MQYC1,TTSPL3204,999,RATE_OK
People Staffing Solutions,7,PEOPLE STAFFING SOLUTIONS,name,LOT,CJP00G2,TTSPL2834,Dell Latitude E7470,999,999,ttspl,542,CJP00G2,TTSPL2834,999,RATE_OK
People Staffing Solutions,7,PEOPLE STAFFING SOLUTIONS,name,LOT,957ZFH2,YASHTRUE1484/TTSPL4136,Dell Latitude E5480,999,999,ttspl,543,957ZFH2,TTSPL4136,999,RATE_OK
People Staffing Solutions,7,PEOPLE STAFFING SOLUTIONS,name,LOT,GF97PH2,YASHTRUE1471/TTSPL1640,Dell Latitude E5480,999,999,ttspl,544,GF97PH2,TTSPL1640,999,RATE_OK
People Staffing Solutions,7,PEOPLE STAFFING SOLUTIONS,name,LOT,H8ZZZF2,TTSPL2839,Dell Latitude E7470,999,999,ttspl,545,H8ZZZF2,TTSPL2839,999,RATE_OK
People Staffing Solutions,7,PEOPLE STAFFING SOLUTIONS,name,LOT,5CD6420JXW,TTSPL2329,HP Probook 440 G3,999,999,ttspl,547,5CD6420JXW,TTSPL2329,999,RATE_OK
People Staffing Solutions,7,PEOPLE STAFFING SOLUTIONS,name,LOT,9DP7CG2,TTSPL1620,Dell Latitude E5470,999,999,ttspl,548,9DP7CG2,TTSPL1620,999,RATE_OK
People Staffing Solutions,7,PEOPLE STAFFING SOLUTIONS,name,LOT,5CG7021JXT,1044/TTSPL4049,HP Elitebook 820 G3,999,999,ttspl,549,5CG7021JXT,TTSPL4049,999,RATE_OK
People Staffing Solutions,7,PEOPLE STAFFING SOLUTIONS,name,LOT,CW9LLH2,TTSPL4153,Dell Latitude 7480,999,999,ttspl,550,CW9LLH2,TTSPL4153,999,RATE_OK
People Staffing Solutions,7,PEOPLE STAFFING SOLUTIONS,name,LOT,5CG9020960,TTSPLGR0145,HP Elitebook 820 G3,999,999,ttspl,551,5CG9020960,TTSPLGR0145,999,RATE_OK
People Staffing Solutions,7,PEOPLE STAFFING SOLUTIONS,name,LOT,791YFC2,TTSPL1639,Dell Latitude E5470,999,999,ttspl,552,791YFC2,TTSPL1639,999,RATE_OK
People Staffing Solutions,7,PEOPLE STAFFING SOLUTIONS,name,LOT,5CG642091L,TTSPL1981,HP Elitebook 820 G3,950,950,ttspl,554,5CG642091L,TTSPL1981,950,RATE_OK
People Staffing Solutions,7,PEOPLE STAFFING SOLUTIONS,name,LOT,DC37GH2,YASHTRUE1476/TTSPL2243,Dell Latitude E5480,950,950,ttspl,555,DC37GH2,TTSPL2243,950,RATE_OK
People Staffing Solutions,7,PEOPLE STAFFING SOLUTIONS,name,LOT,64R50G2,TTSPL2802,Dell Latitude E7470,950,950,ttspl,556,64R50G2,TTSPL2802,950,RATE_OK
People Staffing Solutions,7,PEOPLE STAFFING SOLUTIONS,name,LOT,7WGFHD2,TTSPL3887,Dell Latitude 7480,999,999,ttspl,557,7WGFHD2,TTSPL3887,999,RATE_OK
People Staffing Solutions,7,PEOPLE STAFFING SOLUTIONS,name,LOT,HWZJMC2,TTSPL1083,Dell Latitude E5470,950,950,ttspl,560,HWZJMC2,TTSPL1083,950,RATE_OK
People Staffing Solutions,7,PEOPLE STAFFING SOLUTIONS,name,LOT,18DLRC2,TTSPL2954,Dell Latitude E7470,950,950,ttspl,559,18DLRC2,TTSPL2954,950,RATE_OK
People Staffing Solutions,7,PEOPLE STAFFING SOLUTIONS,name,LOT,FD4N7H2,TTSPL2840,Dell Latitude E7470,950,950,ttspl,561,FD4N7H2,TTSPL2840,950,RATE_OK
People Staffing Solutions,7,PEOPLE STAFFING SOLUTIONS,name,LOT,J795WD2,TTSPL2959,Dell Latitude E7470,950,950,ttspl,562,J795WD2,TTSPL2959,950,RATE_OK
People Staffing Solutions,7,PEOPLE STAFFING SOLUTIONS,name,LOT,DTX5ZM2,TTSPL1044,Dell Latitude E7480,950,950,ttspl,563,DTX5ZM2,TTSPL1044,950,RATE_OK
People Staffing Solutions,7,PEOPLE STAFFING SOLUTIONS,name,LOT,5CG8291L7Q,TTSPLGR0142,HP Elitebook 820 G3,950,950,ttspl,564,5CG8291L7Q,TTSPLGR0142,950,RATE_OK
People Staffing Solutions,7,PEOPLE STAFFING SOLUTIONS,name,LOT,57Z8CG2,TTSPL1617,Dell Latitude E5470,999,999,ttspl,566,57Z8CG2,TTSPL1617,999,RATE_OK
People Staffing Solutions,7,PEOPLE STAFFING SOLUTIONS,name,LOT,HZQ8KC2,TTSPL3045,Dell Latitude E7470,950,950,ttspl,567,HZQ8KC2,TTSPL3045,950,RATE_OK
People Staffing Solutions,7,PEOPLE STAFFING SOLUTIONS,name,LOT,GDS8CG2,TTSPL1625,Dell Latitude E5470,950,950,ttspl,568,GDS8CG2,TTSPL1625,950,RATE_OK
People Staffing Solutions,7,PEOPLE STAFFING SOLUTIONS,name,LOT,3YST6H2,TTSPL2862,Dell Latitude E7470,999,999,ttspl,1199,3YST6H2,TTSPL2862,999,RATE_OK
Trailytics Global Services Private Limited,10,Trailytics Global Services Private Limited,name,LOT,GPY1SQ2,TTSPL2727,Dell Laptop Latitude 7490,2190,2190,ttspl,23,GPY1SQ2,TTSPL2727,2190,RATE_OK
Trailytics Global Services Private Limited,10,Trailytics Global Services Private Limited,name,LOT,FRMW1J3,TTSPL3467,Dell Latitude 5420,2999,2999,ttspl,24,FRMW1J3,TTSPL3467,2999,RATE_OK
Trailytics Global Services Private Limited,10,Trailytics Global Services Private Limited,name,LOT,3457ZD3,TTSPL3718,Dell Latitude 5420,2999,2999,ttspl,25,3457ZD3,TTSPL3718,2999,RATE_OK
Trailytics Global Services Private Limited,10,Trailytics Global Services Private Limited,name,LOT,PF3TC9JJ,TTSPL3077,Lenovo Ideapad 3,2999,2999,ttspl,2037,PF3TC9JJ,TTSPL3077,2999,RATE_OK
Trailytics Global Services Private Limited,10,Trailytics Global Services Private Limited,name,LOT,46Q9763,TTSPL4086,Dell Latitude 5310,2499,2499,ttspl,26,46Q9763,TTSPL4086,2499,RATE_OK
Trailytics Global Services Private Limited,10,Trailytics Global Services Private Limited,name,LOT,J4KHW33,TTSPL4069,Dell Latitude 5400,2499,2499,ttspl,28,J4KHW33,TTSPL4069,2499,RATE_OK
Trailytics Global Services Private Limited,10,Trailytics Global Services Private Limited,name,LOT,HQ370J3,TTSPL4793,Dell Latitude 5420,3199,3199,ttspl,29,HQ370J3,TTSPL4793,3199,RATE_OK
Trailytics Global Services Private Limited,10,Trailytics Global Services Private Limited,name,LOT,90Q6PQ3,TTSPL4617,Dell Latitude 5420 (Touch Screen),3199,3199,ttspl,30,90Q6PQ3,TTSPL4617,3199,RATE_OK
CERTIFICATION EDUCATION PROVIDERS PRIVATE LIMITED,113,CERTIFICATION EDUCATION PROVIDERS PRIVATE LIMITED,name,LOT,6JCC4M3,TTSPL4666,Dell Latitude 5420 (Touch Screen),1999,1999,ttspl,1581,6JCC4M3,TTSPL4666,1999,RATE_OK
CERTIFICATION EDUCATION PROVIDERS PRIVATE LIMITED,113,CERTIFICATION EDUCATION PROVIDERS PRIVATE LIMITED,name,LOT,CTTVZH3,TTSPL4750,Dell Latitude 5420,1999,1999,ttspl,1582,CTTVZH3,TTSPL4750,1999,RATE_OK
CERTIFICATION EDUCATION PROVIDERS PRIVATE LIMITED,113,CERTIFICATION EDUCATION PROVIDERS PRIVATE LIMITED,name,LOT,377F1J3,TTSPL4760,Dell Latitude 5420,1999,1999,ttspl,1583,377F1J3,TTSPL4760,1999,RATE_OK
CERTIFICATION EDUCATION PROVIDERS PRIVATE LIMITED,113,CERTIFICATION EDUCATION PROVIDERS PRIVATE LIMITED,name,LOT,54GVZH3,TTSPL4939,Dell Latitude 5420,1999,1999,ttspl,1584,54GVZH3,TTSPL4939,1999,RATE_OK
CERTIFICATION EDUCATION PROVIDERS PRIVATE LIMITED,113,CERTIFICATION EDUCATION PROVIDERS PRIVATE LIMITED,name,LOT,5XJ14M3,TTSPL4661,Dell Latitude 5420,1999,1999,ttspl,1585,5XJ14M3,TTSPL4661,1999,RATE_OK
CERTIFICATION EDUCATION PROVIDERS PRIVATE LIMITED,113,CERTIFICATION EDUCATION PROVIDERS PRIVATE LIMITED,name,LOT,PF34K0KK,TTSPL4695,Lenovo Thinkpad T14,1599,1599,ttspl,1586,PF34K0KK,TTSPL4695,1599,RATE_OK
CERTIFICATION EDUCATION PROVIDERS PRIVATE LIMITED,113,CERTIFICATION EDUCATION PROVIDERS PRIVATE LIMITED,name,LOT,47T50J3,TTSPL4746,Dell Latitude 5420,1999,1999,ttspl,1587,47T50J3,TTSPL4746,1999,RATE_OK
CERTIFICATION EDUCATION PROVIDERS PRIVATE LIMITED,113,CERTIFICATION EDUCATION PROVIDERS PRIVATE LIMITED,name,LOT,7VC6HK3,TTSPL6353,Dell Latitude 5420,1999,1999,ttspl,2534,7VC6HK3,TTSPL6353,1999,RATE_OK
CERTIFICATION EDUCATION PROVIDERS PRIVATE LIMITED,113,CERTIFICATION EDUCATION PROVIDERS PRIVATE LIMITED,name,LOT,PG02WQQJ,TTSPL6751,Lenovo ThinkPad L14,1599,1599,ttspl,1588,PG02WQQJ,TTSPL6751,1599,RATE_OK
CERTIFICATION EDUCATION PROVIDERS PRIVATE LIMITED,113,CERTIFICATION EDUCATION PROVIDERS PRIVATE LIMITED,name,LOT,GF3M6G3,TTSPL6961,Dell Latitude 7420,1999,1999,ttspl,3568,GF3M6G3,TTSPL6961,1999,RATE_OK
CERTIFICATION EDUCATION PROVIDERS PRIVATE LIMITED,113,CERTIFICATION EDUCATION PROVIDERS PRIVATE LIMITED,name,LOT,32C60J3,TTSPL4800,Dell Latitude 5420,1999,1999,ttspl,158,32C60J3,TTSPL4800,1999,RATE_OK
CERTIFICATION EDUCATION PROVIDERS PRIVATE LIMITED,113,CERTIFICATION EDUCATION PROVIDERS PRIVATE LIMITED,name,LOT,572P3F3,TTSPL4636,Dell Latitude 5420 (Touch Screen),1999,1999,ttspl,161,572P3F3,TTSPL4636,1999,RATE_OK
CERTIFICATION EDUCATION PROVIDERS PRIVATE LIMITED,113,CERTIFICATION EDUCATION PROVIDERS PRIVATE LIMITED,name,LOT,GZTXZH3,TTSPL4811,Dell Latitude 5420,1999,1999,ttspl,1115,GZTXZH3,TTSPL4811,1999,RATE_OK
CERTIFICATION EDUCATION PROVIDERS PRIVATE LIMITED,113,CERTIFICATION EDUCATION PROVIDERS PRIVATE LIMITED,name,LOT,FKJ0503,TTSPL6786,Dell Latitude 3410,1599,1599,ttspl,3503,FKJ0503,TTSPL6786,1599,RATE_OK
CERTIFICATION EDUCATION PROVIDERS PRIVATE LIMITED,113,CERTIFICATION EDUCATION PROVIDERS PRIVATE LIMITED,name,LOT,PF2R3B1C,TTSPL4326,Lenovo Thinkpad T14,1999,1999,ttspl,130,PF2R3B1C,TTSPL4326,1999,RATE_OK
CERTIFICATION EDUCATION PROVIDERS PRIVATE LIMITED,113,CERTIFICATION EDUCATION PROVIDERS PRIVATE LIMITED,name,LOT,6CG08C3,TTSPL4632,Dell Latitude 5420 (Touch Screen),1999,2385.9,ttspl,1105,6CG08C3,TTSPL4632,1999,RATE_OK
CERTIFICATION EDUCATION PROVIDERS PRIVATE LIMITED,113,CERTIFICATION EDUCATION PROVIDERS PRIVATE LIMITED,name,LOT,5CG213208R,TTSPL6842,HP Elitebook 840 G8,1599,1908.48,ttspl,1648,5CG213208R,TTSPL6842,1599,RATE_OK
Digital Eco Innovision Private Limited,11,Digital Eco Innovision Private Limited,name,LOT,PC0C77DB,TTSPL1189,Lenovo Laptop Thinkpad T450,1690,1690,ttspl,343,PC0C77DB,TTSPL1189,1690,RATE_OK
Digital Eco Innovision Private Limited,11,Digital Eco Innovision Private Limited,name,LOT,B21L4H2,TTSPL2282,Dell Laptop Latitude E5470,2490,2490,ttspl,345,B21L4H2,TTSPL2282,2490,RATE_OK
Digital Eco Innovision Private Limited,11,Digital Eco Innovision Private Limited,name,LOT,JL32ZW2,TTSPL2324,Dell Laptop Latitude E7490,3190,3190,ttspl,346,JL32ZW2,TTSPL2324,3190,RATE_OK
Digital Eco Innovision Private Limited,11,Digital Eco Innovision Private Limited,name,LOT,HT19ZY2,TTSPL3100,Dell Latitude 7400,3190,3190,ttspl,348,HT19ZY2,TTSPL3100,3190,RATE_OK
Digital Eco Innovision Private Limited,11,Digital Eco Innovision Private Limited,name,LOT,CK8DHM2,TTSPL2903,Dell Latitude 7480,1890,1890,ttspl,349,CK8DHM2,TTSPL2903,1890,RATE_OK
Digital Eco Innovision Private Limited,11,Digital Eco Innovision Private Limited,name,LOT,9M1FVP2,TTSPL3671,Dell Latitude 7490,2490,2490,ttspl,350,9M1FVP2,TTSPL3671,2490,RATE_OK
Digital Eco Innovision Private Limited,11,Digital Eco Innovision Private Limited,name,LOT,594V1F3,TTSPL3760,Dell Latitude 5420,3999,3999,ttspl,351,594V1F3,TTSPL3760,3999,RATE_OK
Digital Eco Innovision Private Limited,11,Digital Eco Innovision Private Limited,name,LOT,8VH4PQ2,TTSPL3893,Dell Latitude 7490,2490,2490,ttspl,352,8VH4PQ2,TTSPL3893,2490,RATE_OK
Digital Eco Innovision Private Limited,11,Digital Eco Innovision Private Limited,name,LOT,F5DF0B3,TTSPL3436,Dell Latitude 5310 (TOUCH SCREEN),2499,2499,ttspl,353,F5DF0B3,TTSPL3436,2499,RATE_OK
Digital Eco Innovision Private Limited,11,Digital Eco Innovision Private Limited,name,LOT,G45G8G3,TTSPL4608,Dell Latitude 5420 (Touch Screen),2999,2999,ttspl,354,G45G8G3,TTSPL4608,2999,RATE_OK
Digital Eco Innovision Private Limited,11,Digital Eco Innovision Private Limited,name,LOT,C46X8D3,TTSPL4488,Dell Latitude 5420,2999,2999,ttspl,355,C46X8D3,TTSPL4488,2999,RATE_OK
Digital Eco Innovision Private Limited,11,Digital Eco Innovision Private Limited,name,LOT,1VFRW33,TTSPL3847,Dell Latitude 7400,3190,3190,ttspl,356,1VFRW33,TTSPL3847,3190,RATE_OK
Digital Eco Innovision Private Limited,11,Digital Eco Innovision Private Limited,name,LOT,PC164BHY,TTSPL4954,Lenovo Thinkpad T480s,2890,2890,ttspl,357,PC164BHY,TTSPL4954,2890,RATE_OK
Digital Eco Innovision Private Limited,11,Digital Eco Innovision Private Limited,name,LOT,PG02SKB5,TTSPL5166,Lenovo Thinkpad E14 (Gen 2),2490,2490,ttspl,358,PG02SKB5,TTSPL5166,2490,RATE_OK
Digital Eco Innovision Private Limited,11,Digital Eco Innovision Private Limited,name,LOT,PF1CUJGA,TTSPL5266,Lenovo Thinkpad T490,1999,1999,ttspl,359,PF1CUJGA,TTSPL5266,1999,RATE_OK
Digital Eco Innovision Private Limited,11,Digital Eco Innovision Private Limited,name,LOT,2BW44J3,TTSPL4511,Dell Latitude 5420 (Touch Screen),3999,3999,ttspl,360,2BW44J3,TTSPL4511,3999,RATE_OK
Digital Eco Innovision Private Limited,11,Digital Eco Innovision Private Limited,name,LOT,BBF92J3,TTSPL5784,Dell Latitude 5420,3149,3149,ttspl,2336,BBF92J3,TTSPL5784,3149,RATE_OK
Digital Eco Innovision Private Limited,11,Digital Eco Innovision Private Limited,name,LOT,HDK5HK3,TTSPL6296,Dell Latitude 5420,3149,3149,ttspl,2337,HDK5HK3,TTSPL6296,3149,RATE_OK
Digital Eco Innovision Private Limited,11,Digital Eco Innovision Private Limited,name,LOT,PC1GXG2P,TTSPL5038,Lenovo Thinkpad T490s,1690,1690,ttspl,361,PC1GXG2P,TTSPL5038,1690,RATE_OK
Digital Eco Innovision Private Limited,11,Digital Eco Innovision Private Limited,name,LOT,36SZP13,TTSPL6595,Dell Latitude 5400,1690,1690,ttspl,2338,36SZP13,TTSPL6595,1690,RATE_OK
Digital Eco Innovision Private Limited,11,Digital Eco Innovision Private Limited,name,LOT,JRWPQF2,TTSPL2766,Dell Latitude E5470,1690,1690,ttspl,362,JRWPQF2,TTSPL2766,1690,RATE_OK
Digital Eco Innovision Private Limited,11,Digital Eco Innovision Private Limited,name,LOT,PF254NV8,TTSPL6917,Lenovo Thinkpad T14,2499,2499,ttspl,3261,PF254NV8,TTSPL6917,2499,RATE_OK
Digital Eco Innovision Private Limited,11,Digital Eco Innovision Private Limited,name,LOT,43QNGH2,YASHTRUE1488/TTSPL3379,Dell Latitude E5480,1799,1799,ttspl,2025,43QNGH2,TTSPL3379,1799,RATE_OK
Digital Eco Innovision Private Limited,11,Digital Eco Innovision Private Limited,name,LOT,JT49CG2,TTSPL1621,Dell Latitude E5470,2190,2190,ttspl,3690,JT49CG2,TTSPL1621,2190,RATE_OK
Digital Eco Innovision Private Limited,11,Digital Eco Innovision Private Limited,name,LOT,G5VG8H2,YASHTRUE1487/TTSPL2343,Dell Latitude E5480,1799,1799,ttspl,641,G5VG8H2,TTSPL2343,1799,RATE_OK
Digital Eco Innovision Private Limited,11,Digital Eco Innovision Private Limited,name,LOT,PF26ZWPZ,TTSPL5246,Lenovo Thinkpad T490,1800,1800,ttspl,3943,PF26ZWPZ,TTSPL5246,1800,RATE_OK
Digital Eco Innovision Private Limited,11,Digital Eco Innovision Private Limited,name,LOT,5NWVZQ2,TTSPL5349,Dell Latitude 5490,1690,1690,ttspl,2838,5NWVZQ2,TTSPL5349,1690,RATE_OK
Digital Eco Innovision Private Limited,11,Digital Eco Innovision Private Limited,name,LOT,HG50NF2,TTSPL2187,Dell Latitude E5490,1690,1690,ttspl,2260,HG50NF2,TTSPL2187,1690,RATE_OK
Digital Eco Innovision Private Limited,11,Digital Eco Innovision Private Limited,name,LOT,5CD1321WJH,TTSPL5414,HP Probook 440 G8,2499,2740.84,ttspl,2763,5CD1321WJH,TTSPL5414,2499,RATE_OK
Viralcurry Digital Private Limited,17,VIRALCURRY DIGITAL PRIVATE LIMITED,name,LOT,8GKJ882,1326/TTSPL1769,Dell Laptop Latitude E5450,1340,1340,ttspl,2,8GKJ882,TTSPL1769,1340,RATE_OK
Viralcurry Digital Private Limited,17,VIRALCURRY DIGITAL PRIVATE LIMITED,name,LOT,16FRX52,TRU848/TTSPL2347,Dell Laptop Latitude E7250,1340,1340,ttspl,5,16FRX52,TTSPL2347,1340,RATE_OK
Viralcurry Digital Private Limited,17,VIRALCURRY DIGITAL PRIVATE LIMITED,name,LOT,5BNYQF2,TTSPL2869,Dell Latitude E7470,1540,1540,ttspl,9,5BNYQF2,TTSPL2869,1540,RATE_OK
Viralcurry Digital Private Limited,17,VIRALCURRY DIGITAL PRIVATE LIMITED,name,LOT,4TWM622,TTSPL4137,Dell Latitude E7240,1340,1340,ttspl,10,4TWM622,TTSPL4137,1340,RATE_OK
Viralcurry Digital Private Limited,17,VIRALCURRY DIGITAL PRIVATE LIMITED,name,LOT,DS9Y4H2,TTSPL2867,Dell Latitude E7470,1340,1340,ttspl,12,DS9Y4H2,TTSPL2867,1340,RATE_OK
Viralcurry Digital Private Limited,17,VIRALCURRY DIGITAL PRIVATE LIMITED,name,LOT,BWXFPQ2,TTSPL3626,Dell Latitude 7490,1540,1540,ttspl,14,BWXFPQ2,TTSPL3626,1540,RATE_OK
Viralcurry Digital Private Limited,17,VIRALCURRY DIGITAL PRIVATE LIMITED,name,LOT,5CG6415VHQ,TTSPL1476,HP Elitebook 820 G3,1340,1340,ttspl,11,5CG6415VHQ,TTSPL1476,1340,RATE_OK
Viralcurry Digital Private Limited,17,VIRALCURRY DIGITAL PRIVATE LIMITED,name,LOT,5CG0278L04,TTSPL7488,HP Probook 640 G5,1340,1426.45,ttspl,8252,5CG0278L04,TTSPL7488,1340,RATE_OK
Saajha,14,Saajha,name,LOT,FVTBQH2,1558/TTSPL1010,Dell Latitude E7480,1990,1990,ttspl,105,FVTBQH2,TTSPL1010,1990,RATE_OK
Saajha,14,Saajha,name,LOT,2SR7RC2,YASHTRUE1434/TTSPL4506,Dell Latitude E5470,1990,1990,ttspl,106,2SR7RC2,TTSPL4506,1990,RATE_OK
Saajha,14,Saajha,name,LOT,402Y4Q2,TTSPL4067,Dell Latitude 7490,2490,2490,ttspl,109,402Y4Q2,TTSPL4067,2490,RATE_OK
Saajha,14,Saajha,name,LOT,5CG942B4B6,TTSPL3678,HP Elitebook 840 G6,1599,1599,ttspl,110,5CG942B4B6,TTSPL3678,1599,RATE_OK
Saajha,14,Saajha,name,LOT,2DT2NH2,TTSPL2924,Dell Latitude 7480,1990,1990,ttspl,3064,2DT2NH2,TTSPL2924,1990,RATE_OK
Saajha,14,Saajha,name,LOT,5TGYVZ2,TTSPL5486,Dell Latitude 3400,1599,1599,ttspl,2792,5TGYVZ2,TTSPL5486,1599,RATE_OK
SAATHI WORLDAPP PRIVATE LIMITED,15,SAATHI WORLDAPP PRIVATE LIMITED,name,LOT,PG02SK9T,TTSPL5229,Lenovo Thinkpad E14 (Gen 2),1500,1500,ttspl,1812,PG02SK9T,TTSPL5229,1500,RATE_OK
SAATHI WORLDAPP PRIVATE LIMITED,15,SAATHI WORLDAPP PRIVATE LIMITED,name,LOT,PG02Y0DM,TTSPL5184,Lenovo Thinkpad E14 (Gen 2),1500,1500,ttspl,1813,PG02Y0DM,TTSPL5184,1500,RATE_OK
SAATHI WORLDAPP PRIVATE LIMITED,15,SAATHI WORLDAPP PRIVATE LIMITED,name,LOT,5CD204F3YL,TTSPL5302,HP Probook 440 G8,1500,1500,ttspl,1814,5CD204F3YL,TTSPL5302,1500,RATE_OK
SAATHI WORLDAPP PRIVATE LIMITED,15,SAATHI WORLDAPP PRIVATE LIMITED,name,LOT,5CD204F3WD,TTSPL5369,HP Probook 440 G8,1500,1500,ttspl,2837,5CD204F3WD,TTSPL5369,1500,RATE_OK
VALENTA KPO PRIVATE LIMITED,16,VALENTA KPO PRIVATE LIMITED,name,LOT,7YML4Y2,TTSPL2929,Dell Laptop Latitude 5400,2499,2499,ttspl,710,7YML4Y2,TTSPL2929,2499,RATE_OK
VALENTA KPO PRIVATE LIMITED,16,VALENTA KPO PRIVATE LIMITED,name,LOT,38TV5Q2,TTSPL2938,Dell Laptop Latitude 7490,1699,1699,ttspl,711,38TV5Q2,TTSPL2938,1699,RATE_OK
VALENTA KPO PRIVATE LIMITED,16,VALENTA KPO PRIVATE LIMITED,name,LOT,7M1VZY2,TTSPL3099,Dell Latitude 7400,2499,2499,ttspl,713,7M1VZY2,TTSPL3099,2499,RATE_OK
VALENTA KPO PRIVATE LIMITED,16,VALENTA KPO PRIVATE LIMITED,name,LOT,G9JRHR2,TTSPL2152,Dell Laptop Latitude 7490,2499,2499,ttspl,2127,G9JRHR2,TTSPL2152,2499,RATE_OK
VALENTA KPO PRIVATE LIMITED,16,VALENTA KPO PRIVATE LIMITED,name,LOT,PF1XA93S,TTSPL3124,Lenovo Thinkpad T-490,1699,1699,ttspl,716,PF1XA93S,TTSPL3124,1699,RATE_OK
VALENTA KPO PRIVATE LIMITED,16,VALENTA KPO PRIVATE LIMITED,name,LOT,PC112ME3,TTSPL3584,Lenovo Thinkpad T480s,2499,2499,ttspl,718,PC112ME3,TTSPL3584,2499,RATE_OK
VALENTA KPO PRIVATE LIMITED,16,VALENTA KPO PRIVATE LIMITED,name,LOT,GLP4TQ2,TTSPL3513,Dell Latitude 7490,2499,2499,ttspl,719,GLP4TQ2,TTSPL3513,2499,RATE_OK
Pibit Technologies Pvt. Ltd.,48,Pibit Technologies Private Limited,name,LOT,J59NMW3Q65,TTSPL2371,Apple MacBook Pro M1,8565,8565,ttspl,2229,J59NMW3Q65,TTSPL2371,8565,RATE_OK
Pibit Technologies Pvt. Ltd.,48,Pibit Technologies Private Limited,name,LOT,FVFGW7S1Q05D,TTSPL2263,Apple MacBook Pro M1,6365,6365,ttspl,2230,FVFGW7S1Q05D,TTSPL2263,6365,RATE_OK
Pibit Technologies Pvt. Ltd.,48,Pibit Technologies Private Limited,name,LOT,FVFFXU6AQ05D,TTSPL2632,Apple Laptop Macbook Pro,5165,5165,ttspl,2048,FVFFXU6AQ05D,TTSPL2632,5165,RATE_OK
Pibit Technologies Pvt. Ltd.,48,Pibit Technologies Private Limited,name,LOT,GQXQ90NYH3,TTSPL2738,Apple MacBook Pro M1,7974,7974,ttspl,2049,GQXQ90NYH3,TTSPL2738,7974,RATE_OK
Pibit Technologies Pvt. Ltd.,48,Pibit Technologies Private Limited,name,LOT,CC08N13,TTSPL3203,Dell Latitude 7400,3174,3174,ttspl,111,CC08N13,TTSPL3203,3174,RATE_OK
Pibit Technologies Pvt. Ltd.,48,Pibit Technologies Private Limited,name,LOT,877H5Y2,TTSPL3287,Dell Latitude 7400,2674,2674,ttspl,112,877H5Y2,TTSPL3287,2674,RATE_OK
Pibit Technologies Pvt. Ltd.,48,Pibit Technologies Private Limited,name,LOT,C02H32HWQ6L4,TTSPL2301,Apple MacBook Air M1,4974,4974,ttspl,2232,C02H32HWQ6L4,TTSPL2301,4974,RATE_OK
Pibit Technologies Pvt. Ltd.,48,Pibit Technologies Private Limited,name,LOT,9Z44ZW2,TTSPL3412,Dell Latitude 7400,1974,1974,ttspl,2052,9Z44ZW2,TTSPL3412,1974,RATE_OK
Pibit Technologies Pvt. Ltd.,48,Pibit Technologies Private Limited,name,LOT,PC1M8P36,TTSPL3535,Lenovo Thinkpad X-13,1974,1974,ttspl,115,PC1M8P36,TTSPL3535,1974,RATE_OK
Pibit Technologies Pvt. Ltd.,48,Pibit Technologies Private Limited,name,LOT,FVFFC0X6Q05D,TTSPL2886,Apple Macbook Pro,5074,5074,ttspl,2053,FVFFC0X6Q05D,TTSPL2886,5074,RATE_OK
Pibit Technologies Pvt. Ltd.,48,Pibit Technologies Private Limited,name,LOT,QCXM1403DK,TTSPL3084,Apple Macbook Pro,6474,6474,ttspl,2054,QCXM1403DK,TTSPL3084,6474,RATE_OK
Pibit Technologies Pvt. Ltd.,48,Pibit Technologies Private Limited,name,LOT,FVFGW4JRQ05D,TTSPL3818,Apple Macbook Pro,4974,4974,ttspl,2055,FVFGW4JRQ05D,TTSPL3818,4974,RATE_OK
Pibit Technologies Pvt. Ltd.,48,Pibit Technologies Private Limited,name,LOT,PC1NVAXN,TTSPL3541,Lenovo Thinkpad X-13,2374,2374,ttspl,118,PC1NVAXN,TTSPL3541,2374,RATE_OK
Pibit Technologies Pvt. Ltd.,48,Pibit Technologies Private Limited,name,LOT,PF2WXR0E,TTSPL3985,Lenovo Thinkpad E14,2374,2374,ttspl,2057,PF2WXR0E,TTSPL3985,2374,RATE_OK
Pibit Technologies Pvt. Ltd.,48,Pibit Technologies Private Limited,name,LOT,6HVBZY2,TTSPL4070,Dell Latitude 5400,2075,2075,ttspl,119,6HVBZY2,TTSPL4070,2075,RATE_OK
Pibit Technologies Pvt. Ltd.,48,Pibit Technologies Private Limited,name,LOT,B5XP963,TTSPL4074,Dell Latitude 5310,2075,2075,ttspl,121,B5XP963,TTSPL4074,2075,RATE_OK
Pibit Technologies Pvt. Ltd.,48,Pibit Technologies Private Limited,name,LOT,J4XPVYKG99,TTSPL2775,Apple Macbook Pro,7474,7474,ttspl,2058,J4XPVYKG99,TTSPL2775,7474,RATE_OK
Pibit Technologies Pvt. Ltd.,48,Pibit Technologies Private Limited,name,LOT,FVFDT95RQ05D,TTSPL3257,Apple Macbook Pro,5474,5474,ttspl,2059,FVFDT95RQ05D,TTSPL3257,5474,RATE_OK
Pibit Technologies Pvt. Ltd.,48,Pibit Technologies Private Limited,name,LOT,4ZZP963,TTSPL4170,Dell Latitude 5310,3174,3174,ttspl,124,4ZZP963,TTSPL4170,3174,RATE_OK
Pibit Technologies Pvt. Ltd.,48,Pibit Technologies Private Limited,name,LOT,CND12403P9,TTSPL4194,HP Elitebook 1040 G8,3174,3174,ttspl,125,CND12403P9,TTSPL4194,3174,RATE_OK
Pibit Technologies Pvt. Ltd.,48,Pibit Technologies Private Limited,name,LOT,FVFGV5WGQ05F,TTSPL4104,Apple Macbook Pro,5174,5174,ttspl,2060,FVFGV5WGQ05F,TTSPL4104,5174,RATE_OK
Pibit Technologies Pvt. Ltd.,48,Pibit Technologies Private Limited,name,LOT,FVFHW1P9Q05D,TTSPL1934,Apple Macbook Pro,5174,5174,ttspl,2233,FVFHW1P9Q05D,TTSPL1934,5174,RATE_OK
Pibit Technologies Pvt. Ltd.,48,Pibit Technologies Private Limited,name,LOT,FVFHJ495Q05D,TTSPL4321,Apple Macbook Pro,5174,5174,ttspl,128,FVFHJ495Q05D,TTSPL4321,5174,RATE_OK
Pibit Technologies Pvt. Ltd.,48,Pibit Technologies Private Limited,name,LOT,PF2R2QNZ,TTSPL4340,Lenovo Thinkpad T14,3174,3174,ttspl,131,PF2R2QNZ,TTSPL4340,3174,RATE_OK
Pibit Technologies Pvt. Ltd.,48,Pibit Technologies Private Limited,name,LOT,GGWH2F39MX,TTSPL4568,Apple Macbook Air,6474,6474,ttspl,133,GGWH2F39MX,TTSPL4568,6474,RATE_OK
Pibit Technologies Pvt. Ltd.,48,Pibit Technologies Private Limited,name,LOT,LHXK2VQG46,TTSPL4570,Apple Macbook Air,6474,6474,ttspl,134,LHXK2VQG46,TTSPL4570,6474,RATE_OK
Pibit Technologies Pvt. Ltd.,48,Pibit Technologies Private Limited,name,LOT,KGX49N9K4J,TTSPL4571,Apple Macbook Air,6474,6474,ttspl,135,KGX49N9K4J,TTSPL4571,6474,RATE_OK
Pibit Technologies Pvt. Ltd.,48,Pibit Technologies Private Limited,name,LOT,K12CYDY94V,TTSPL4573,Apple Macbook Air,6474,6474,ttspl,136,K12CYDY94V,TTSPL4573,6474,RATE_OK
Pibit Technologies Pvt. Ltd.,48,Pibit Technologies Private Limited,name,LOT,JDY7J6YHQK,TTSPL4574,Apple Macbook Air,6474,6474,ttspl,137,JDY7J6YHQK,TTSPL4574,6474,RATE_OK
Pibit Technologies Pvt. Ltd.,48,Pibit Technologies Private Limited,name,LOT,D6RXD4RG4X,TTSPL4575,Apple Macbook Air,6474,6474,ttspl,138,D6RXD4RG4X,TTSPL4575,6474,RATE_OK
Pibit Technologies Pvt. Ltd.,48,Pibit Technologies Private Limited,name,LOT,LV6XRLYXHL,TTSPL4576,Apple Macbook Air,6474,6474,ttspl,139,LV6XRLYXHL,TTSPL4576,6474,RATE_OK
Pibit Technologies Pvt. Ltd.,48,Pibit Technologies Private Limited,name,LOT,G7T7PQ3,TTSPL4590,Dell Latitude 5420,3174,3174,ttspl,140,G7T7PQ3,TTSPL4590,3174,RATE_OK
Pibit Technologies Pvt. Ltd.,48,Pibit Technologies Private Limited,name,LOT,C02GCJYUQ6L4,TTSPL1839,Apple Macbook Air,5074,5074,ttspl,142,C02GCJYUQ6L4,TTSPL1839,5074,RATE_OK
Pibit Technologies Pvt. Ltd.,48,Pibit Technologies Private Limited,name,LOT,BQ3F4M3,TTSPL4623,Dell Latitude 5420,3174,3174,ttspl,143,BQ3F4M3,TTSPL4623,3174,RATE_OK
Pibit Technologies Pvt. Ltd.,48,Pibit Technologies Private Limited,name,LOT,CPV6XVFL95,TTSPL4863,Apple Macbook Air,6474,6474,ttspl,146,CPV6XVFL95,TTSPL4863,6474,RATE_OK
Pibit Technologies Pvt. Ltd.,48,Pibit Technologies Private Limited,name,LOT,L94YXXNW91,TTSPL4864,Apple Macbook Air,6474,6474,ttspl,147,L94YXXNW91,TTSPL4864,6474,RATE_OK
Pibit Technologies Pvt. Ltd.,48,Pibit Technologies Private Limited,name,LOT,C643615C6Y,TTSPL4886,Apple Macbook Air,6474,6474,ttspl,148,C643615C6Y,TTSPL4886,6474,RATE_OK
Pibit Technologies Pvt. Ltd.,48,Pibit Technologies Private Limited,name,LOT,HZ8XZH3,TTSPL4832,Dell Latitude 5420,3174,3174,ttspl,149,HZ8XZH3,TTSPL4832,3174,RATE_OK
Pibit Technologies Pvt. Ltd.,48,Pibit Technologies Private Limited,name,LOT,D06P71LPYC,TTSPL5073,Apple Macbook Air,6474,6474,ttspl,151,D06P71LPYC,TTSPL5073,6474,RATE_OK
Pibit Technologies Pvt. Ltd.,48,Pibit Technologies Private Limited,name,LOT,JTV94P1615,TTSPL5074,Apple Macbook Air,6474,6474,ttspl,152,JTV94P1615,TTSPL5074,6474,RATE_OK
Pibit Technologies Pvt. Ltd.,48,Pibit Technologies Private Limited,name,LOT,J6PW4MT6JX,TTSPL5075,Apple Macbook Air,6474,6474,ttspl,153,J6PW4MT6JX,TTSPL5075,6474,RATE_OK
Pibit Technologies Pvt. Ltd.,48,Pibit Technologies Private Limited,name,LOT,M0VMJ63CF7,TTSPL5076,Apple Macbook Air,6474,6474,ttspl,154,M0VMJ63CF7,TTSPL5076,6474,RATE_OK
Pibit Technologies Pvt. Ltd.,48,Pibit Technologies Private Limited,name,LOT,MP7MLV9Y29,TTSPL5077,Apple Macbook Air,6474,6474,ttspl,155,MP7MLV9Y29,TTSPL5077,6474,RATE_OK
Pibit Technologies Pvt. Ltd.,48,Pibit Technologies Private Limited,name,LOT,6PTVZH3,TTSPL4775,Dell Latitude 5420,3174,3174,ttspl,157,6PTVZH3,TTSPL4775,3174,RATE_OK
Pibit Technologies Pvt. Ltd.,48,Pibit Technologies Private Limited,name,LOT,1ZCYZH3,TTSPL4802,Dell Latitude 5420,3174,3174,ttspl,159,1ZCYZH3,TTSPL4802,3174,RATE_OK
Pibit Technologies Pvt. Ltd.,48,Pibit Technologies Private Limited,name,LOT,J9XWMKF04D,TTSPL5078,Apple Macbook Air,6474,6474,ttspl,163,J9XWMKF04D,TTSPL5078,6474,RATE_OK
Pibit Technologies Pvt. Ltd.,48,Pibit Technologies Private Limited,name,LOT,J5H20WT797,TTSPL5080,Apple Macbook Air,6474,6474,ttspl,164,J5H20WT797,TTSPL5080,6474,RATE_OK
Pibit Technologies Pvt. Ltd.,48,Pibit Technologies Private Limited,name,LOT,LYV9NK9HVX,TTSPL5081,Apple Macbook Air,6474,6474,ttspl,165,LYV9NK9HVX,TTSPL5081,6474,RATE_OK
Pibit Technologies Pvt. Ltd.,48,Pibit Technologies Private Limited,name,LOT,MQ1Y00P9GK,TTSPL5196,Apple Macbook Air,6474,6474,ttspl,170,MQ1Y00P9GK,TTSPL5196,6474,RATE_OK
Pibit Technologies Pvt. Ltd.,48,Pibit Technologies Private Limited,name,LOT,DTZ50J3,TTSPL4765,Dell Latitude 5420,3174,3174,ttspl,172,DTZ50J3,TTSPL4765,3174,RATE_OK
Pibit Technologies Pvt. Ltd.,48,Pibit Technologies Private Limited,name,LOT,GPKTWCXXFK,TTSPL5226,Apple Macbook Air,6474,6474,ttspl,173,GPKTWCXXFK,TTSPL5226,6474,RATE_OK
Pibit Technologies Pvt. Ltd.,48,Pibit Technologies Private Limited,name,LOT,191WKG3,TTSPL4290,Dell Latitude 5320,3174,3174,ttspl,174,191WKG3,TTSPL4290,3174,RATE_OK
Pibit Technologies Pvt. Ltd.,48,Pibit Technologies Private Limited,name,LOT,H54NK2CTW1,TTSPL5222,Apple Macbook Air,5474,5474,ttspl,2062,H54NK2CTW1,TTSPL5222,5474,RATE_OK
Pibit Technologies Pvt. Ltd.,48,Pibit Technologies Private Limited,name,LOT,HY7TCPY3MF,TTSPL5225,Apple Macbook Air,5474,5474,ttspl,2064,HY7TCPY3MF,TTSPL5225,5474,RATE_OK
Pibit Technologies Pvt. Ltd.,48,Pibit Technologies Private Limited,name,LOT,5CD211D3LT,TTSPL5131,HP Probook 440 G8,3174,3174,ttspl,175,5CD211D3LT,TTSPL5131,3174,RATE_OK
Pibit Technologies Pvt. Ltd.,48,Pibit Technologies Private Limited,name,LOT,5CD211D3ZJ,TTSPL5132,HP Probook 440 G8,3174,3174,ttspl,176,5CD211D3ZJ,TTSPL5132,3174,RATE_OK
Pibit Technologies Pvt. Ltd.,48,Pibit Technologies Private Limited,name,LOT,5CD211D3L3,TTSPL5134,HP Probook 440 G8,3174,3174,ttspl,177,5CD211D3L3,TTSPL5134,3174,RATE_OK
Pibit Technologies Pvt. Ltd.,48,Pibit Technologies Private Limited,name,LOT,5CD211D3SP,TTSPL5135,HP Probook 440 G8,3174,3174,ttspl,178,5CD211D3SP,TTSPL5135,3174,RATE_OK
Pibit Technologies Pvt. Ltd.,48,Pibit Technologies Private Limited,name,LOT,5CD211D3P3,TTSPL5139,HP Probook 440 G8,3174,3174,ttspl,180,5CD211D3P3,TTSPL5139,3174,RATE_OK
Pibit Technologies Pvt. Ltd.,48,Pibit Technologies Private Limited,name,LOT,FVFH825DQ05N,TTSPL2890,Apple Macbook Pro,4999,4999,ttspl,2066,FVFH825DQ05N,TTSPL2890,4999,RATE_OK
Pibit Technologies Pvt. Ltd.,48,Pibit Technologies Private Limited,name,LOT,PF1T7VCP,TTSPL5294,Lenovo Thinkpad T14,1975,1975,ttspl,182,PF1T7VCP,TTSPL5294,1975,RATE_OK
Pibit Technologies Pvt. Ltd.,48,Pibit Technologies Private Limited,name,LOT,PF2ALD5R,TTSPL4451,Lenovo Thinkpad L14,1975,1975,ttspl,186,PF2ALD5R,TTSPL4451,1975,RATE_OK
Pibit Technologies Pvt. Ltd.,48,Pibit Technologies Private Limited,name,LOT,PF0UUK12,TTSPL5296,Lenovo Thinkpad T14,1975,1975,ttspl,187,PF0UUK12,TTSPL5296,1975,RATE_OK
Pibit Technologies Pvt. Ltd.,48,Pibit Technologies Private Limited,name,LOT,M02WC9K99V,TTSPL5503,Apple Macbook Air,5474,5474,ttspl,2067,M02WC9K99V,TTSPL5503,5474,RATE_OK
Pibit Technologies Pvt. Ltd.,48,Pibit Technologies Private Limited,name,LOT,L966541TVV,TTSPL5524,Apple Macbook Air,6474,6474,ttspl,188,L966541TVV,TTSPL5524,6474,RATE_OK
Pibit Technologies Pvt. Ltd.,48,Pibit Technologies Private Limited,name,LOT,CFYWK2VN65,TTSPL5525,Apple Macbook Air,6474,6474,ttspl,189,CFYWK2VN65,TTSPL5525,6474,RATE_OK
Pibit Technologies Pvt. Ltd.,48,Pibit Technologies Private Limited,name,LOT,H1JNYKQ930,TTSPL5526,Apple Macbook Air,6474,6474,ttspl,190,H1JNYKQ930,TTSPL5526,6474,RATE_OK
Pibit Technologies Pvt. Ltd.,48,Pibit Technologies Private Limited,name,LOT,JP6VT06MKT,TTSPL5453,Apple Macbook Pro,9474,9474,ttspl,2068,JP6VT06MKT,TTSPL5453,9474,RATE_OK
Pibit Technologies Pvt. Ltd.,48,Pibit Technologies Private Limited,name,LOT,PG04GTGF,TTSPL5117,Lenovo V14 (Gen 3),2574,2574,ttspl,191,PG04GTGF,TTSPL5117,2574,RATE_OK
Pibit Technologies Pvt. Ltd.,48,Pibit Technologies Private Limited,name,LOT,L59N37RQGH,TTSPL5532,Apple Macbook Air,6474,6474,ttspl,192,L59N37RQGH,TTSPL5532,6474,RATE_OK
Pibit Technologies Pvt. Ltd.,48,Pibit Technologies Private Limited,name,LOT,NO S/N,TTSPL5256,Assambled Notebook Computer AP56,2999,2999,ttspl,193,NO S/N,TTSPL5256,2999,RATE_OK
Pibit Technologies Pvt. Ltd.,48,Pibit Technologies Private Limited,name,LOT,PF262Z81,TTSPL4415,Lenovo Thinkpad T490,3174,3174,ttspl,194,PF262Z81,TTSPL4415,3174,RATE_OK
Pibit Technologies Pvt. Ltd.,48,Pibit Technologies Private Limited,name,LOT,PF2AVEQB,TTSPL4401,Lenovo Thinkpad T490,3174,3174,ttspl,195,PF2AVEQB,TTSPL4401,3174,RATE_OK
Pibit Technologies Pvt. Ltd.,48,Pibit Technologies Private Limited,name,LOT,R913KQ5N,TTSPL5085,Lenovo Thinkpad L13 Yoga Gen 2,2374,2374,ttspl,197,R913KQ5N,TTSPL5085,2374,RATE_OK
Pibit Technologies Pvt. Ltd.,48,Pibit Technologies Private Limited,name,LOT,PF31NJB6,TTSPL4724,Lenovo Thinkpad T14,2374,2374,ttspl,199,PF31NJB6,TTSPL4724,2374,RATE_OK
Pibit Technologies Pvt. Ltd.,48,Pibit Technologies Private Limited,name,LOT,CC64NL0299,TTSPL5843,Apple Macbook Air,6474,6474,ttspl,200,CC64NL0299,TTSPL5843,6474,RATE_OK
Pibit Technologies Pvt. Ltd.,48,Pibit Technologies Private Limited,name,LOT,5CD4438VRB,TTSPL5507,HP Probook 450 G10,3874,3874,ttspl,201,5CD4438VRB,TTSPL5507,3874,RATE_OK
Pibit Technologies Pvt. Ltd.,48,Pibit Technologies Private Limited,name,LOT,5CD4407S9B,TTSPL5511,HP Probook 450 G10,3874,3874,ttspl,203,5CD4407S9B,TTSPL5511,3874,RATE_OK
Pibit Technologies Pvt. Ltd.,48,Pibit Technologies Private Limited,name,LOT,5CD44060TR,TTSPL5514,HP Probook 440 G10,3174,3174,ttspl,204,5CD44060TR,TTSPL5514,3174,RATE_OK
Pibit Technologies Pvt. Ltd.,48,Pibit Technologies Private Limited,name,LOT,5CD44060W4,TTSPL5516,HP Probook 440 G10,3174,3174,ttspl,206,5CD44060W4,TTSPL5516,3174,RATE_OK
Pibit Technologies Pvt. Ltd.,48,Pibit Technologies Private Limited,name,LOT,5CD1315YBW,TTSPL5368,HP Probook 440 G8,2374,2374,ttspl,2772,5CD1315YBW,TTSPL5368,2374,RATE_OK
Pibit Technologies Pvt. Ltd.,48,Pibit Technologies Private Limited,name,LOT,PF31DZRS,TTSPL5626,Lenovo Thinkpad E14,2374,2374,ttspl,207,PF31DZRS,TTSPL5626,2374,RATE_OK
Pibit Technologies Pvt. Ltd.,48,Pibit Technologies Private Limited,name,LOT,M09KXR7Y0D,TTSPL5847,Apple Macbook Air,6474,6474,ttspl,2069,M09KXR7Y0D,TTSPL5847,6474,RATE_OK
Pibit Technologies Pvt. Ltd.,48,Pibit Technologies Private Limited,name,LOT,J70DP2FXLP,TTSPL5850,Apple Macbook Air,6474,6474,ttspl,2071,J70DP2FXLP,TTSPL5850,6474,RATE_OK
Pibit Technologies Pvt. Ltd.,48,Pibit Technologies Private Limited,name,LOT,J3NW9NM7H9,TTSPL5846,Apple Macbook Air,6474,6474,ttspl,2072,J3NW9NM7H9,TTSPL5846,6474,RATE_OK
Pibit Technologies Pvt. Ltd.,48,Pibit Technologies Private Limited,name,LOT,L176MV97LJ,TTSPL5848,Apple Macbook Air,6474,6474,ttspl,2073,L176MV97LJ,TTSPL5848,6474,RATE_OK
Pibit Technologies Pvt. Ltd.,48,Pibit Technologies Private Limited,name,LOT,MN4XX6TGD2,TTSPL5856,Apple Macbook Pro,6474,6474,ttspl,2074,MN4XX6TGD2,TTSPL5856,6474,RATE_OK
Pibit Technologies Pvt. Ltd.,48,Pibit Technologies Private Limited,name,LOT,5CD13220M7,TTSPL5300,HP Probook 440 G8,1975,1975,ttspl,210,5CD13220M7,TTSPL5300,1975,RATE_OK
Pibit Technologies Pvt. Ltd.,48,Pibit Technologies Private Limited,name,LOT,PF29QTVQ,TTSPL3701,Lenovo Thinkpad L14,2374,2374,ttspl,2075,PF29QTVQ,TTSPL3701,2374,RATE_OK
Pibit Technologies Pvt. Ltd.,48,Pibit Technologies Private Limited,name,LOT,PC261P3P,TTSPL4355,Lenovo Thinkpad X-13,2374,2374,ttspl,212,PC261P3P,TTSPL4355,2374,RATE_OK
Pibit Technologies Pvt. Ltd.,48,Pibit Technologies Private Limited,name,LOT,PC1S0LG4,TTSPL3548,Lenovo Thinkpad X-13,2374,2374,ttspl,213,PC1S0LG4,TTSPL3548,2374,RATE_OK
Pibit Technologies Pvt. Ltd.,48,Pibit Technologies Private Limited,name,LOT,PF3CPF5X,TTSPL5638,Lenovo Thinkpad E14,2374,2374,ttspl,218,PF3CPF5X,TTSPL5638,2374,RATE_OK
Pibit Technologies Pvt. Ltd.,48,Pibit Technologies Private Limited,name,LOT,C02FCRYRQ6L4,TTSPL5307,Apple Macbook Air,4475,4475,ttspl,2077,C02FCRYRQ6L4,TTSPL5307,4475,RATE_OK
Pibit Technologies Pvt. Ltd.,48,Pibit Technologies Private Limited,name,LOT,D3HGK2JFTQ,TTSPL6043,Apple Macbook Air,6474,6474,ttspl,2235,D3HGK2JFTQ,TTSPL6043,6474,RATE_OK
Pibit Technologies Pvt. Ltd.,48,Pibit Technologies Private Limited,name,LOT,J4LHGJVHGT,TTSPL5999,Apple Macbook Air,6474,6474,ttspl,2236,J4LHGJVHGT,TTSPL5999,6474,RATE_OK
Pibit Technologies Pvt. Ltd.,48,Pibit Technologies Private Limited,name,LOT,C02FCRVMQ6L4,TTSPL5306,Apple Macbook Air,4475,4475,ttspl,2078,C02FCRVMQ6L4,TTSPL5306,4475,RATE_OK
Pibit Technologies Pvt. Ltd.,48,Pibit Technologies Private Limited,name,LOT,C02FCS9FQ6L4,TTSPL5475,Apple Macbook Air,4475,4475,ttspl,2079,C02FCS9FQ6L4,TTSPL5475,4475,RATE_OK
Pibit Technologies Pvt. Ltd.,48,Pibit Technologies Private Limited,name,LOT,5CD211D3YC,TTSPL5137,HP Probook 440 G8,3174,3174,ttspl,228,5CD211D3YC,TTSPL5137,3174,RATE_OK
Pibit Technologies Pvt. Ltd.,48,Pibit Technologies Private Limited,name,LOT,C02FCRX8Q6L4,TTSPL5305,Apple Macbook Air,4475,4475,ttspl,2080,C02FCRX8Q6L4,TTSPL5305,4475,RATE_OK
Pibit Technologies Pvt. Ltd.,48,Pibit Technologies Private Limited,name,LOT,5CD13757F1,TTSPL6443,HP Probook 440 G8,3174,3174,ttspl,2327,5CD13757F1,TTSPL6443,3174,RATE_OK
Pibit Technologies Pvt. Ltd.,48,Pibit Technologies Private Limited,name,LOT,FVFGVMMAQ05D,TTSPL6510,Apple Macbook M1 Pro,6974,6974,ttspl,2237,FVFGVMMAQ05D,TTSPL6510,6974,RATE_OK
Pibit Technologies Pvt. Ltd.,48,Pibit Technologies Private Limited,name,LOT,GCR2KXT2YX,TTSPL6013,Apple Macbook Air,6474,6474,ttspl,2238,GCR2KXT2YX,TTSPL6013,6474,RATE_OK
Pibit Technologies Pvt. Ltd.,48,Pibit Technologies Private Limited,name,LOT,K095FWMH70,TTSPL6014,Apple Macbook Air,6474,6474,ttspl,2239,K095FWMH70,TTSPL6014,6474,RATE_OK
Pibit Technologies Pvt. Ltd.,48,Pibit Technologies Private Limited,name,LOT,FVFKXQT21WFV,TTSPL6528,Apple Macbook Air,6974,6974,ttspl,2240,FVFKXQT21WFV,TTSPL6528,6974,RATE_OK
Pibit Technologies Pvt. Ltd.,48,Pibit Technologies Private Limited,name,LOT,J7RXVV3012,TTSPL6017,APPLE MACBOOK AIR,6474,6474,ttspl,2241,J7RXVV3012,TTSPL6017,6474,RATE_OK
Pibit Technologies Pvt. Ltd.,48,Pibit Technologies Private Limited,name,LOT,PF2R3G6J,TTSPL4336,Lenovo Thinkpad T14,3174,3174,ttspl,232,PF2R3G6J,TTSPL4336,3174,RATE_OK
Pibit Technologies Pvt. Ltd.,48,Pibit Technologies Private Limited,name,LOT,5CG211BJ8P,TTSPL6681,HP Probook 840 G8,3174,3174,ttspl,235,5CG211BJ8P,TTSPL6681,3174,RATE_OK
Pibit Technologies Pvt. Ltd.,48,Pibit Technologies Private Limited,name,LOT,5CG211BCT7,TTSPL6685,HP Probook 840 G8,3174,3174,ttspl,238,5CG211BCT7,TTSPL6685,3174,RATE_OK
Pibit Technologies Pvt. Ltd.,48,Pibit Technologies Private Limited,name,LOT,5CG211BJ8K,TTSPL6687,HP Probook 840 G8,3174,3174,ttspl,240,5CG211BJ8K,TTSPL6687,3174,RATE_OK
Pibit Technologies Pvt. Ltd.,48,Pibit Technologies Private Limited,name,LOT,XJ3642T3VJ,TTSPL3103,Apple Macbook Pro,4974,4974,ttspl,2081,XJ3642T3VJ,TTSPL3103,4974,RATE_OK
Pibit Technologies Pvt. Ltd.,48,Pibit Technologies Private Limited,name,LOT,5CG21227ZD,TTSPL6682,HP Probook 840 G8,3174,3174,ttspl,241,5CG21227ZD,TTSPL6682,3174,RATE_OK
Pibit Technologies Pvt. Ltd.,48,Pibit Technologies Private Limited,name,LOT,5CG2121YWL,TTSPL6680,HP Probook 840 G8,3174,3174,ttspl,242,5CG2121YWL,TTSPL6680,3174,RATE_OK
Pibit Technologies Pvt. Ltd.,48,Pibit Technologies Private Limited,name,LOT,D6VL94P1WN,TTSPL6791,Apple Macbook Air,6474,6474,ttspl,243,D6VL94P1WN,TTSPL6791,6474,RATE_OK
Pibit Technologies Pvt. Ltd.,48,Pibit Technologies Private Limited,name,LOT,1N114602Q7,TTSPL6526,HP Elitebook 840 G8,3174,3174,ttspl,247,1N114602Q7,TTSPL6526,3174,RATE_OK
Pibit Technologies Pvt. Ltd.,48,Pibit Technologies Private Limited,name,LOT,5CG2089ZSF,TTSPL6871,HP Elitebook 840 G8,3474,3474,ttspl,249,5CG2089ZSF,TTSPL6871,3474,RATE_OK
Pibit Technologies Pvt. Ltd.,48,Pibit Technologies Private Limited,name,LOT,5CG2421P5J,TTSPL6880,HP Elitebook 840 G8,3474,3474,ttspl,250,5CG2421P5J,TTSPL6880,3474,RATE_OK
Pibit Technologies Pvt. Ltd.,48,Pibit Technologies Private Limited,name,LOT,5CG2417TG1,TTSPL6881,HP Elitebook 840 G8,3174,3174,ttspl,251,5CG2417TG1,TTSPL6881,3174,RATE_OK
Pibit Technologies Pvt. Ltd.,48,Pibit Technologies Private Limited,name,LOT,5CG3101NNS,TTSPL6884,HP Elitebook 840 G8,3174,3174,ttspl,252,5CG3101NNS,TTSPL6884,3174,RATE_OK
Pibit Technologies Pvt. Ltd.,48,Pibit Technologies Private Limited,name,LOT,5CG2400FDR,TTSPL6864,HP Elitebook 840 G8,3174,3174,ttspl,253,5CG2400FDR,TTSPL6864,3174,RATE_OK
Pibit Technologies Pvt. Ltd.,48,Pibit Technologies Private Limited,name,LOT,5CG202870G,TTSPL6868,HP Elitebook 840 G8,3174,3174,ttspl,254,5CG202870G,TTSPL6868,3174,RATE_OK
Pibit Technologies Pvt. Ltd.,48,Pibit Technologies Private Limited,name,LOT,5CG20285KJ,TTSPL6876,HP Elitebook 840 G8,3174,3174,ttspl,255,5CG20285KJ,TTSPL6876,3174,RATE_OK
Pibit Technologies Pvt. Ltd.,48,Pibit Technologies Private Limited,name,LOT,5CG313029M,TTSPL6886,HP Elitebook 840 G8,3174,3174,ttspl,256,5CG313029M,TTSPL6886,3174,RATE_OK
Pibit Technologies Pvt. Ltd.,48,Pibit Technologies Private Limited,name,LOT,5CG1404SZL,TTSPL6873,HP Elitebook 840 G8,3174,3174,ttspl,257,5CG1404SZL,TTSPL6873,3174,RATE_OK
Pibit Technologies Pvt. Ltd.,48,Pibit Technologies Private Limited,name,LOT,5CG2140WM8,TTSPL6878,HP Elitebook 840 G8,3174,3174,ttspl,258,5CG2140WM8,TTSPL6878,3174,RATE_OK
Pibit Technologies Pvt. Ltd.,48,Pibit Technologies Private Limited,name,LOT,5CG213CVFM,TTSPL6889,HP Elitebook 840 G8,3174,3174,ttspl,259,5CG213CVFM,TTSPL6889,3174,RATE_OK
Pibit Technologies Pvt. Ltd.,48,Pibit Technologies Private Limited,name,LOT,L7KGHV662G,TTSPL6820,Apple Macbook Air,6474,6474,ttspl,3210,L7KGHV662G,TTSPL6820,6474,RATE_OK
Pibit Technologies Pvt. Ltd.,48,Pibit Technologies Private Limited,name,LOT,LK7P9QRL7V,TTSPL4572,Apple Macbook Air,6474,6474,ttspl,3633,LK7P9QRL7V,TTSPL4572,6474,RATE_OK
Pibit Technologies Pvt. Ltd.,48,Pibit Technologies Private Limited,name,LOT,DXN72J3,TTSPL6958,Dell Latitude 7420,3174,3174,ttspl,3565,DXN72J3,TTSPL6958,3174,RATE_OK
Pibit Technologies Pvt. Ltd.,48,Pibit Technologies Private Limited,name,LOT,9M3M6G3,TTSPL6963,Dell Latitude 7420,3174,3174,ttspl,3570,9M3M6G3,TTSPL6963,3174,RATE_OK
Pibit Technologies Pvt. Ltd.,48,Pibit Technologies Private Limited,name,LOT,5CG2145F7B,TTSPL6983,HP Elitebook 840 G8,3174,3174,ttspl,3590,5CG2145F7B,TTSPL6983,3174,RATE_OK
Pibit Technologies Pvt. Ltd.,48,Pibit Technologies Private Limited,name,LOT,5CG21383G2,TTSPL6986,HP Elitebook 840 G8,3174,3174,ttspl,3593,5CG21383G2,TTSPL6986,3174,RATE_OK
Pibit Technologies Pvt. Ltd.,48,Pibit Technologies Private Limited,name,LOT,5CG2139M7F,TTSPL7009,HP Elitebook 840 G8,3174,3174,ttspl,3616,5CG2139M7F,TTSPL7009,3174,RATE_OK
Pibit Technologies Pvt. Ltd.,48,Pibit Technologies Private Limited,name,LOT,5CG2074VBK,TTSPL6990,HP Elitebook 840 G8,3174,3174,ttspl,3598,5CG2074VBK,TTSPL6990,3174,RATE_OK
Pibit Technologies Pvt. Ltd.,48,Pibit Technologies Private Limited,name,LOT,5CG3022JCM,TTSPL6994,HP Elitebook 840 G8,3174,3174,ttspl,3601,5CG3022JCM,TTSPL6994,3174,RATE_OK
Pibit Technologies Pvt. Ltd.,48,Pibit Technologies Private Limited,name,LOT,5CG2028BP9,TTSPL6997,HP Elitebook 840 G8,3174,3174,ttspl,3604,5CG2028BP9,TTSPL6997,3174,RATE_OK
Pibit Technologies Pvt. Ltd.,48,Pibit Technologies Private Limited,name,LOT,5CG1404SQ6,TTSPL7006,HP Elitebook 840 G8,3174,3174,ttspl,3613,5CG1404SQ6,TTSPL7006,3174,RATE_OK
Pibit Technologies Pvt. Ltd.,48,Pibit Technologies Private Limited,name,LOT,HQ9PY7L2MC,TTSPL6944,Apple Macbook Air,6474,6474,ttspl,3551,HQ9PY7L2MC,TTSPL6944,6474,RATE_OK
Pibit Technologies Pvt. Ltd.,48,Pibit Technologies Private Limited,name,LOT,C47LWRD4TC,TTSPL5997,Apple Macbook Air,6474,6474,ttspl,2298,C47LWRD4TC,TTSPL5997,6474,RATE_OK
Pibit Technologies Pvt. Ltd.,48,Pibit Technologies Private Limited,name,LOT,MY6JJRXW4J,TTSPL6555,Apple Macbook Air,6474,6474,ttspl,2290,MY6JJRXW4J,TTSPL6555,6474,RATE_OK
Pibit Technologies Pvt. Ltd.,48,Pibit Technologies Private Limited,name,LOT,5CG2153H98,TTSPL7025,HP Elitebook 830 G8,3174,3174,ttspl,3655,5CG2153H98,TTSPL7025,3174,RATE_OK
Pibit Technologies Pvt. Ltd.,48,Pibit Technologies Private Limited,name,LOT,5CG1412PLN,TTSPL7035,HP Elitebook 830 G8,3174,3174,ttspl,3664,5CG1412PLN,TTSPL7035,3174,RATE_OK
Pibit Technologies Pvt. Ltd.,48,Pibit Technologies Private Limited,name,LOT,5CG14661KN,TTSPL7040,HP Elitebook 830 G8,3174,3174,ttspl,3670,5CG14661KN,TTSPL7040,3174,RATE_OK
Pibit Technologies Pvt. Ltd.,48,Pibit Technologies Private Limited,name,LOT,HD7MX55VVV,TTSPL7052,Apple Macbook Air,6474,6474,ttspl,3681,HD7MX55VVV,TTSPL7052,6474,RATE_OK
Pibit Technologies Pvt. Ltd.,48,Pibit Technologies Private Limited,name,LOT,K57Q17H0X1,TTSPL7053,Apple Macbook Air,6474,6474,ttspl,3682,K57Q17H0X1,TTSPL7053,6474,RATE_OK
Pibit Technologies Pvt. Ltd.,48,Pibit Technologies Private Limited,name,LOT,D7QFMQX4YK,TTSPL7051,Apple Macbook Air,6474,6474,ttspl,3680,D7QFMQX4YK,TTSPL7051,6474,RATE_OK
Pibit Technologies Pvt. Ltd.,48,Pibit Technologies Private Limited,name,LOT,JGVQ7DXRHK,TTSPL6015,Apple Macbook Air,6474,6474,ttspl,2300,JGVQ7DXRHK,TTSPL6015,6474,RATE_OK
Pibit Technologies Pvt. Ltd.,48,Pibit Technologies Private Limited,name,LOT,FVHFW1FJQ05D,TTSPL4295,Apple Macbook Pro,5174,5174,ttspl,752,FVHFW1FJQ05D,TTSPL4295,5174,RATE_OK
Pibit Technologies Pvt. Ltd.,48,Pibit Technologies Private Limited,name,LOT,CND1361TVJ,TTSPL4197,HP Elitebook 1040 G8,3174,3174,ttspl,273,CND1361TVJ,TTSPL4197,3174,RATE_OK
Pibit Technologies Pvt. Ltd.,48,Pibit Technologies Private Limited,name,LOT,5CG1417LTT,TTSPL7057,HP Elitebook 830 G8,3174,3174,ttspl,3659,5CG1417LTT,TTSPL7057,3174,RATE_OK
Pibit Technologies Pvt. Ltd.,48,Pibit Technologies Private Limited,name,LOT,L2J93XMJWY,TTSPL6557,Apple Macbook Air,6474,6474,ttspl,2308,L2J93XMJWY,TTSPL6557,6474,RATE_OK
Pibit Technologies Pvt. Ltd.,48,Pibit Technologies Private Limited,name,LOT,5CG1417NKF,TTSPL7033,HP Elitebook 830 G8,3474,3474,ttspl,3663,5CG1417NKF,TTSPL7033,3474,RATE_OK
Pibit Technologies Pvt. Ltd.,48,Pibit Technologies Private Limited,name,LOT,5CG1417NKL,TTSPL7023,HP Elitebook 830 G8,3474,3474,ttspl,3652,5CG1417NKL,TTSPL7023,3474,RATE_OK
Pibit Technologies Pvt. Ltd.,48,Pibit Technologies Private Limited,name,LOT,C6T52QKWYQ,TTSPL4887,Apple Macbook Air,6474,6474,ttspl,1558,C6T52QKWYQ,TTSPL4887,6474,RATE_OK
Pibit Technologies Pvt. Ltd.,48,Pibit Technologies Private Limited,name,LOT,HXJN4B9P1WFV,TTSPL4353,Apple Macbook Air,4474,4474,ttspl,753,HXJN4B9P1WFV,TTSPL4353,4474,RATE_OK
Pibit Technologies Pvt. Ltd.,48,Pibit Technologies Private Limited,name,LOT,4CPZ2J3,TTSPL3471,Dell Latitude 5420,3474,3474,ttspl,1050,4CPZ2J3,TTSPL3471,3474,RATE_OK
Pibit Technologies Pvt. Ltd.,48,Pibit Technologies Private Limited,name,LOT,19YFZH3,TTSPL6807,Dell Latitude 5420,3474,3474,ttspl,2004,19YFZH3,TTSPL6807,3474,RATE_OK
Pibit Technologies Pvt. Ltd.,48,Pibit Technologies Private Limited,name,LOT,1N1146026M,TTSPL6527,HP Probook 440 G8,3474,3474,ttspl,2390,1N1146026M,TTSPL6527,3474,RATE_OK
Pibit Technologies Pvt. Ltd.,48,Pibit Technologies Private Limited,name,LOT,4BY24M3,TTSPL4610,Dell Latitude 5420,3474,3474,ttspl,1432,4BY24M3,TTSPL4610,3474,RATE_OK
Pibit Technologies Pvt. Ltd.,48,Pibit Technologies Private Limited,name,LOT,F3Z31F3,TTSPL6892,Dell Latitude 5420,3474,3474,ttspl,1498,F3Z31F3,TTSPL6892,3474,RATE_OK
Pibit Technologies Pvt. Ltd.,48,Pibit Technologies Private Limited,name,LOT,JJDRC63,TTSPL4077,Dell Latitude 5310,3174,3174,ttspl,2881,JJDRC63,TTSPL4077,3174,RATE_OK
Pibit Technologies Pvt. Ltd.,48,Pibit Technologies Private Limited,name,LOT,27TD1F3,TTSPL4214,Dell Latitude 7310,3174,3174,ttspl,1999,27TD1F3,TTSPL4214,3174,RATE_OK
Pibit Technologies Pvt. Ltd.,48,Pibit Technologies Private Limited,name,LOT,PF2R1Q7H,TTSPL4328,Lenovo Thinkpad T14,3174,3174,ttspl,1330,PF2R1Q7H,TTSPL4328,3174,RATE_OK
Pibit Technologies Pvt. Ltd.,48,Pibit Technologies Private Limited,name,LOT,BWTXZH3,TTSPL4795,Dell Latitude 5420,3174,3174,ttspl,1227,BWTXZH3,TTSPL4795,3174,RATE_OK
Pibit Technologies Pvt. Ltd.,48,Pibit Technologies Private Limited,name,LOT,CFBB2J3,TTSPL6252,Dell Latitude 5420,3174,3174,ttspl,2466,CFBB2J3,TTSPL6252,3174,RATE_OK
Pibit Technologies Pvt. Ltd.,48,Pibit Technologies Private Limited,name,LOT,DTXG6J3,TTSPL4510,Dell Latitude 5420 (Touch Screen),3174,3174,ttspl,1778,DTXG6J3,TTSPL4510,3174,RATE_OK
Pibit Technologies Pvt. Ltd.,48,Pibit Technologies Private Limited,name,LOT,HKH3CG92VH,TTSPL5374,Apple Macbook Pro,9474,9474,ttspl,1651,HKH3CG92VH,TTSPL5374,9474,RATE_OK
Pibit Technologies Pvt. Ltd.,48,Pibit Technologies Private Limited,name,LOT,K60W9439G6,TTSPL4888,Apple Macbook Pro,9474,9474,ttspl,1650,K60W9439G6,TTSPL4888,9474,RATE_OK
Pibit Technologies Pvt. Ltd.,48,Pibit Technologies Private Limited,name,LOT,L935H26Q41,TTSPL4891,Apple Macbook Pro,9474,9474,ttspl,1561,L935H26Q41,TTSPL4891,9474,RATE_OK
Pibit Technologies Pvt. Ltd.,48,Pibit Technologies Private Limited,name,LOT,FVFHCN52Q05D,TTSPL6203,Apple Macbook Pro,5074,5074,ttspl,2100,FVFHCN52Q05D,TTSPL6203,5074,RATE_OK
Pibit Technologies Pvt. Ltd.,48,Pibit Technologies Private Limited,name,LOT,G7134WFH4P,TTSPL3319,Apple Macbook Pro,6474,6474,ttspl,3753,G7134WFH4P,TTSPL3319,6474,RATE_OK
Pibit Technologies Pvt. Ltd.,48,Pibit Technologies Private Limited,name,LOT,FQ43VCQN7X,TTSPL5450,Apple Macbook Pro,9474,9474,ttspl,2212,FQ43VCQN7X,TTSPL5450,9474,RATE_OK
Pibit Technologies Pvt. Ltd.,48,Pibit Technologies Private Limited,name,LOT,77FY8Y2,TTSPL3404,Dell Latitude 7400 (Touch Screen),3174,3174,ttspl,2286,77FY8Y2,TTSPL3404,3174,RATE_OK
Pibit Technologies Pvt. Ltd.,48,Pibit Technologies Private Limited,name,LOT,HF5V2Y90CN,TTSPL4352,Apple Macbook Air,6474,6474,ttspl,3213,HF5V2Y90CN,TTSPL4352,6474,RATE_OK
Pibit Technologies Pvt. Ltd.,48,Pibit Technologies Private Limited,name,LOT,MH4LP233GM,TTSPL4892,Apple Macbook Pro,9474,9474,ttspl,1024,MH4LP233GM,TTSPL4892,9474,RATE_OK
Pibit Technologies Pvt. Ltd.,48,Pibit Technologies Private Limited,name,LOT,PG02RECR,TTSPL6024,Lenovo Thinkpad E14,2374,2374,ttspl,577,PG02RECR,TTSPL6024,2374,RATE_OK
Pibit Technologies Pvt. Ltd.,48,Pibit Technologies Private Limited,name,LOT,PG02S22Q,TTSPL5609,Lenovo Thinkpad E14,2374,2374,ttspl,3333,PG02S22Q,TTSPL5609,2374,RATE_OK
Pibit Technologies Pvt. Ltd.,48,Pibit Technologies Private Limited,name,LOT,PG0343FX,TTSPL5928,Lenovo Thinkpad E14,2374,2374,ttspl,223,PG0343FX,TTSPL5928,2374,RATE_OK
Pibit Technologies Pvt. Ltd.,48,Pibit Technologies Private Limited,name,LOT,PG02JQ5M,TTSPL6408,Lenovo Thinkpad E-14 Gen 2,2374,2374,ttspl,2865,PG02JQ5M,TTSPL6408,2374,RATE_OK
Pibit Technologies Pvt. Ltd.,48,Pibit Technologies Private Limited,name,LOT,PG02HY9G,TTSPL6412,Lenovo Thinkpad E-14 Gen 2,2374,2374,ttspl,2867,PG02HY9G,TTSPL6412,2374,RATE_OK
Pibit Technologies Pvt. Ltd.,48,Pibit Technologies Private Limited,name,LOT,4JSC2F3,TTSPL4628,Dell Latitude 5420 (Touch Screen),3674,3674,ttspl,1435,4JSC2F3,TTSPL4628,3674,RATE_OK
Pibit Technologies Pvt. Ltd.,48,Pibit Technologies Private Limited,name,LOT,5CG14057NN,TTSPL6995,HP Elitebook 840 G8,3174,3174,ttspl,3602,5CG14057NN,TTSPL6995,3174,RATE_OK
Pibit Technologies Pvt. Ltd.,48,Pibit Technologies Private Limited,name,LOT,5CG31320GQ,TTSPL6998,HP Elitebook 840 G8,3174,3174,ttspl,3605,5CG31320GQ,TTSPL6998,3174,RATE_OK
Pibit Technologies Pvt. Ltd.,48,Pibit Technologies Private Limited,name,LOT,5CG1404S0C,TTSPL6931,HP Elitebook 840 G8,3174,3174,ttspl,260,5CG1404S0C,TTSPL6931,3174,RATE_OK
Pibit Technologies Pvt. Ltd.,48,Pibit Technologies Private Limited,name,LOT,D6C60J3,TTSPL4734,Dell Latitude 5420,3174,3174,ttspl,144,D6C60J3,TTSPL4734,3174,RATE_OK
Pibit Technologies Pvt. Ltd.,48,Pibit Technologies Private Limited,name,LOT,43PF4G3,TTSPL6954,Dell Latitude 7420,3174,3174,ttspl,3561,43PF4G3,TTSPL6954,3174,RATE_OK
Pibit Technologies Pvt. Ltd.,48,Pibit Technologies Private Limited,name,LOT,FVFHN083Q05F,TTSPL3854,Apple Macbook Pro,4500,4500,ttspl,1052,FVFHN083Q05F,TTSPL3854,4500,RATE_OK
Pibit Technologies Pvt. Ltd.,48,Pibit Technologies Private Limited,name,LOT,2TK245010Z,TTSPL7288,HP ELITEBOOK 640 G9,3675,3675,ttspl,3953,2TK245010Z,TTSPL7288,3675,RATE_OK
Pibit Technologies Pvt. Ltd.,48,Pibit Technologies Private Limited,name,LOT,PF2R3G5S,TTSPL4327,Lenovo Thinkpad T14,3675,3675,ttspl,1329,PF2R3G5S,TTSPL4327,3675,RATE_OK
Pibit Technologies Pvt. Ltd.,48,Pibit Technologies Private Limited,name,LOT,HYQF67HQMY,TTSPL5998,Apple MACBOOK AIR,6474,6474,ttspl,2299,HYQF67HQMY,TTSPL5998,6474,RATE_OK
Pibit Technologies Pvt. Ltd.,48,Pibit Technologies Private Limited,name,LOT,2TK2440GRF,TTSPL7285,HP ELITEBOOK 640 G9,3175,3175,ttspl,3950,2TK2440GRF,TTSPL7285,3175,RATE_OK
Pibit Technologies Pvt. Ltd.,48,Pibit Technologies Private Limited,name,LOT,2TK2460CY4,TTSPL7287,HP ELITEBOOK 640 G9,3175,3175,ttspl_other_customer,3946,PC1S0L6S,TTSPL7287,1699,RATE_MISMATCH
Pibit Technologies Pvt. Ltd.,48,Pibit Technologies Private Limited,name,LOT,2TK250094X,TTSPL7289,HP ELITEBOOK 640 G9,3175,3175,ttspl,3954,2TK250094X,TTSPL7289,3175,RATE_OK
Pibit Technologies Pvt. Ltd.,48,Pibit Technologies Private Limited,name,LOT,2TK25008GH,TTSPL7286,HP ELITEBOOK 640 G9,3175,3175,ttspl,3951,2TK25008GH,TTSPL7286,3175,RATE_OK
Pibit Technologies Pvt. Ltd.,48,Pibit Technologies Private Limited,name,LOT,FQKDF3VV9D,TTSPL7337,Apple MacBook Pro,11475,11475,ttspl,4041,FQKDF3VV9D,TTSPL7337,11475,RATE_OK
Pibit Technologies Pvt. Ltd.,48,Pibit Technologies Private Limited,name,LOT,34VW3F3,TTSPL3498,Dell Latitude 7310,2075,2075,ttspl,514,34VW3F3,TTSPL3498,2075,RATE_OK
Pibit Technologies Pvt. Ltd.,48,Pibit Technologies Private Limited,name,LOT,2TK24906DK,TTSPL7345,HP ELITEBOOK 640 G9,3175,3175,ttspl,4052,2TK24906DK,TTSPL7345,3175,RATE_OK
Pibit Technologies Pvt. Ltd.,48,Pibit Technologies Private Limited,name,LOT,2TK2460D40,TTSPL7346,HP ELITEBOOK 640 G9,3175,3175,ttspl,4053,2TK2460D40,TTSPL7346,3175,RATE_OK
Pibit Technologies Pvt. Ltd.,48,Pibit Technologies Private Limited,name,LOT,2TK2500D80,TTSPL7348,HP ELITEBOOK 640 G9,3175,3175,ttspl,4055,2TK2500D80,TTSPL7348,3175,RATE_OK
Pibit Technologies Pvt. Ltd.,48,Pibit Technologies Private Limited,name,LOT,G79GY67J60,TTSPL6554,Apple Macbook Air,6474,6474,ttspl,2303,G79GY67J60,TTSPL6554,6474,RATE_OK
Pibit Technologies Pvt. Ltd.,48,Pibit Technologies Private Limited,name,LOT,K7593PK7C7,TTSPL4425,Apple Macbook Air,6474,6474,ttspl,2153,K7593PK7C7,TTSPL4425,6474,RATE_OK
Pibit Technologies Pvt. Ltd.,48,Pibit Technologies Private Limited,name,LOT,2TK2500BRH,TTSPL7358,HP ELITEBOOK 640 G9,3999,3999,ttspl,4069,2TK2500BRH,TTSPL7358,3999,RATE_OK
Pibit Technologies Pvt. Ltd.,48,Pibit Technologies Private Limited,name,LOT,2TK2470F0K,TTSPL7359,HP ELITEBOOK 640 G9,4999,4999,ttspl,4070,2TK2470F0K,TTSPL7359,4999,RATE_OK
Pibit Technologies Pvt. Ltd.,48,Pibit Technologies Private Limited,name,LOT,2TK2470DTH,TTSPL7360,HP ELITEBOOK 640 G9,4999,4999,ttspl,4071,2TK2470DTH,TTSPL7360,4999,RATE_OK
Pibit Technologies Pvt. Ltd.,48,Pibit Technologies Private Limited,name,LOT,2TK24903V7,TTSPL7361,HP ELITEBOOK 640 G9,3999,3999,ttspl,4072,2TK24903V7,TTSPL7361,3999,RATE_OK
Pibit Technologies Pvt. Ltd.,48,Pibit Technologies Private Limited,name,LOT,2TK2450FMX,TTSPL7365,HP ELITEBOOK 640 G9,3999,3999,ttspl,4076,2TK2450FMX,TTSPL7365,3999,RATE_OK
Pibit Technologies Pvt. Ltd.,48,Pibit Technologies Private Limited,name,LOT,2TK24903TT,TTSPL7366,HP ELITEBOOK 640 G9,4999,4999,ttspl,4077,2TK24903TT,TTSPL7366,4999,RATE_OK
Pibit Technologies Pvt. Ltd.,48,Pibit Technologies Private Limited,name,LOT,2TK2470DSZ,TTSPL7367,HP ELITEBOOK 640 G9,4999,4999,ttspl,4078,2TK2470DSZ,TTSPL7367,4999,RATE_OK
Pibit Technologies Pvt. Ltd.,48,Pibit Technologies Private Limited,name,LOT,2TK2450398,TTSPL7340,HP ELITEBOOK 640 G9,2999,2999,ttspl,4047,2TK2450398,TTSPL7340,2999,RATE_OK
Pibit Technologies Pvt. Ltd.,48,Pibit Technologies Private Limited,name,LOT,2TK25003C9,TTSPL7351,HP ELITEBOOK 640 G9,2999,2999,ttspl,4058,2TK25003C9,TTSPL7351,2999,RATE_OK
Pibit Technologies Pvt. Ltd.,48,Pibit Technologies Private Limited,name,LOT,2TK249072K,TTSPL7352,HP ELITEBOOK 640 G9,2999,2999,ttspl,4059,2TK249072K,TTSPL7352,2999,RATE_OK
Pibit Technologies Pvt. Ltd.,48,Pibit Technologies Private Limited,name,LOT,2TK2450DVX,TTSPL7344,HP ELITEBOOK 640 G9,3174,3174,ttspl,4051,2TK2450DVX,TTSPL7344,3174,RATE_OK
Pibit Technologies Pvt. Ltd.,48,Pibit Technologies Private Limited,name,LOT,2TK25008HH,TTSPL7342,HP ELITEBOOK 640 G9,3174,3174,ttspl,4049,2TK25008HH,TTSPL7342,3174,RATE_OK
Pibit Technologies Pvt. Ltd.,48,Pibit Technologies Private Limited,name,LOT,FVFGW75EQ05D,TTSPL2617,Apple Macbook Pro,5074,8183.87,ttspl,2088,FVFGW75EQ05D,TTSPL2617,5074,RATE_OK
Pibit Technologies Pvt. Ltd.,48,Pibit Technologies Private Limited,name,LOT,2MQ448107S,TTSPL7429,HP Elitebook 640 G11,4200,5690.32,ttspl,8193,2MQ448107S,TTSPL7429,4200,RATE_OK
Pibit Technologies Pvt. Ltd.,48,Pibit Technologies Private Limited,name,LOT,2MQ449129N,TTSPL7427,HP Elitebook 640 G11,4200,5690.32,ttspl,8191,2MQ449129N,TTSPL7427,4200,RATE_OK
Pibit Technologies Pvt. Ltd.,48,Pibit Technologies Private Limited,name,LOT,2MQ44913LS,TTSPL7493,HP Elitebook 640 G11,4200,5690.32,ttspl,8261,2MQ44913LS,TTSPL7493,4200,RATE_OK
Pibit Technologies Pvt. Ltd.,48,Pibit Technologies Private Limited,name,LOT,2MQ44808GV,TTSPL7494,HP Elitebook 640 G11,4200,5690.32,ttspl,8262,2MQ44808GV,TTSPL7494,4200,RATE_OK
Pibit Technologies Pvt. Ltd.,48,Pibit Technologies Private Limited,name,LOT,2MQ4480QQK,TTSPL7426,HP Elitebook 640 G11,4200,5690.32,ttspl,8190,2MQ4480QQK,TTSPL7426,4200,RATE_OK
Pibit Technologies Pvt. Ltd.,48,Pibit Technologies Private Limited,name,LOT,2MQ4480ZW8,TTSPL7541,HP Elitebook 640 G11,4200,4741.94,ttspl,8457,2MQ4480ZW8,TTSPL7541,4200,RATE_OK
Pibit Technologies Pvt. Ltd.,48,Pibit Technologies Private Limited,name,LOT,2TK4420RW3,TTSPL7542,HP Elitebook 640 G11,4200,4741.94,ttspl,8458,2TK4420RW3,TTSPL7542,4200,RATE_OK
Pibit Technologies Pvt. Ltd.,48,Pibit Technologies Private Limited,name,LOT,2MQ44913Q2,TTSPL7550,HP Elitebook 640 G11,4200,4741.94,ttspl,8566,2MQ44913Q2,TTSPL7550,4200,RATE_OK
Pibit Technologies Pvt. Ltd.,48,Pibit Technologies Private Limited,name,LOT,M3PQNV4DJX,TTSPL5849,APPLE MACBOOK AIR,6474,6682.84,ttspl,2070,M3PQNV4DJX,TTSPL5849,6474,RATE_OK
Pibit Technologies Pvt. Ltd.,48,Pibit Technologies Private Limited,name,LOT,FM4PSV3,TTSPL7461,Dell Latitude 7440,3900,3900,ttspl,8225,FM4PSV3,TTSPL7461,3900,RATE_OK
Pibit Technologies Pvt. Ltd.,48,Pibit Technologies Private Limited,name,LOT,83TX8Y3,TTSPL7463,Dell Latitude 7440,3900,3900,ttspl,8227,83TX8Y3,TTSPL7463,3900,RATE_OK
Pibit Technologies Pvt. Ltd.,48,Pibit Technologies Private Limited,name,LOT,4T4WVW3,TTSPL7492,Dell Latitude 7440,3900,3900,ttspl,8260,4T4WVW3,TTSPL7492,3900,RATE_OK
Pibit Technologies Pvt. Ltd.,48,Pibit Technologies Private Limited,name,LOT,GNPMGW3,TTSPL7566,Dell Latitude 7440,3900,3774.19,ttspl,8733,GNPMGW3,TTSPL7566,3900,RATE_OK
Pibit Technologies Pvt. Ltd.,48,Pibit Technologies Private Limited,name,LOT,5R28GY3,TTSPL7567,Dell Latitude 7440,3900,3774.19,ttspl,8734,5R28GY3,TTSPL7567,3900,RATE_OK
Pibit Technologies Pvt. Ltd.,48,Pibit Technologies Private Limited,name,LOT,2MQ44802MC,TTSPL7572,HP EliteBook 640 G11,4200,4064.52,ttspl,8739,2MQ44802MC,TTSPL7572,4200,RATE_OK
TSCX CONSULTING PRIVATE LIMITED,49,TSCX CONSULTING PRIVATE LIMITED,name,LOT,FVFDQVN9Q05D,TTSPL3713,Apple Macbook Pro,4299,4299,ttspl,2311,FVFDQVN9Q05D,TTSPL3713,4299,RATE_OK
BPB ONLINE LLP,47,BPB Online LLP,name,LOT,FPN88S2,TTSPL2946,Dell Latitude 7490,1599,1599,ttspl,2138,FPN88S2,TTSPL2946,1599,RATE_OK
BPB ONLINE LLP,47,BPB Online LLP,name,LOT,2TK90201LV,TTSPL3619,HP Probook 640 G4,1599,1599,ttspl,917,2TK90201LV,TTSPL3619,1599,RATE_OK
BPB ONLINE LLP,47,BPB Online LLP,name,LOT,4G7Z5Q2,TTSPL4063,Dell Latitude 7490,1599,1599,ttspl,918,4G7Z5Q2,TTSPL4063,1599,RATE_OK
BPB ONLINE LLP,47,BPB Online LLP,name,LOT,4Y1ZMQ2,TTSPLGR0132,Dell Latitude 5490,1599,1599,ttspl,2275,4Y1ZMQ2,TTSPLGR0132,1599,RATE_OK
BPB ONLINE LLP,47,BPB Online LLP,name,LOT,GZTLPQ2,TTSPL3630,Dell Latitude 7490,1599,1599,ttspl,919,GZTLPQ2,TTSPL3630,1599,RATE_OK
BPB ONLINE LLP,47,BPB Online LLP,name,LOT,C0386S2,TTSPL3811,Dell Latitude 7490,1599,1599,ttspl,920,C0386S2,TTSPL3811,1599,RATE_OK
BPB ONLINE LLP,47,BPB Online LLP,name,LOT,88RMZQ2,TTSPL3464,Dell Latitude E5490,1599,1599,ttspl,921,88RMZQ2,TTSPL3464,1599,RATE_OK
BPB ONLINE LLP,47,BPB Online LLP,name,LOT,8NNCVN2,TTSPL2894,Dell Latitude 7490,1599,1599,ttspl,922,8NNCVN2,TTSPL2894,1599,RATE_OK
BPB ONLINE LLP,47,BPB Online LLP,name,LOT,PF1CYQRH,TTSPL3150,Lenovo Thinkpad T490 (Touchscreen),1599,1599,ttspl,923,PF1CYQRH,TTSPL3150,1599,RATE_OK
BPB ONLINE LLP,47,BPB Online LLP,name,LOT,F59MFW2,TTSPLGR0162,Dell Latitude 3400,1599,1599,ttspl,924,F59MFW2,TTSPLGR0162,1599,RATE_OK
BPB ONLINE LLP,47,BPB Online LLP,name,LOT,BNZ9N13,TTSPL4071,Dell Latitude 5400,1599,1599,ttspl,925,BNZ9N13,TTSPL4071,1599,RATE_OK
BPB ONLINE LLP,47,BPB Online LLP,name,LOT,1P8XTP2,TTSPL2848,Dell Latitude 7490,1599,1599,ttspl,926,1P8XTP2,TTSPL2848,1599,RATE_OK
BPB ONLINE LLP,47,BPB Online LLP,name,LOT,998V0Z2,TTSPL3424,Dell Latitude 7490,1599,1599,ttspl,2139,998V0Z2,TTSPL3424,1599,RATE_OK
BPB ONLINE LLP,47,BPB Online LLP,name,LOT,5XN5V93,TTSPL5649,Dell Latitude 3410,1599,1599,ttspl,2444,5XN5V93,TTSPL5649,1599,RATE_OK
BPB ONLINE LLP,47,BPB Online LLP,name,LOT,C0592N2,TTSPL3941,Dell Latitude 7490,1599,1599,ttspl,3187,C0592N2,TTSPL3941,1599,RATE_OK
BPB ONLINE LLP,47,BPB Online LLP,name,LOT,R913GZFT,TTSPL7160,Lenovo Thinkpad L13,1799,1799,ttspl,3819,R913GZFT,TTSPL7160,1799,RATE_OK
BPB ONLINE LLP,47,BPB Online LLP,name,LOT,R913GZ8K,TTSPL7193,Lenovo Thinkpad L13,1799,1799,ttspl,3852,R913GZ8K,TTSPL7193,1799,RATE_OK
BPB ONLINE LLP,47,BPB Online LLP,name,LOT,R913GZEB,TTSPL7173,Lenovo Thinkpad L13,1799,1799,ttspl,3832,R913GZEB,TTSPL7173,1799,RATE_OK
BPB ONLINE LLP,47,BPB Online LLP,name,LOT,R913GZ7R,TTSPL7190,Lenovo Thinkpad L13,1799,3598,ttspl,3849,R913GZ7R,TTSPL7190,1799,RATE_OK
BPB ONLINE LLP,47,BPB Online LLP,name,LOT,R913GZEX,TTSPL7153,Lenovo Thinkpad L13,1799,3598,ttspl,3812,R913GZEX,TTSPL7153,1799,RATE_OK
BLUEJAY WORKTECH PRIVATE LIMITED,117,BLUEJAY WORKTECH PRIVATE LIMITED,name,LOT,F4LFVT2,TTSPL3397,Dell Latitude 7490,1299,1299,ttspl,927,F4LFVT2,TTSPL3397,1299,RATE_OK
BLUEJAY WORKTECH PRIVATE LIMITED,117,BLUEJAY WORKTECH PRIVATE LIMITED,name,LOT,5CG8435RRJ,TTSPL3533,HP Elitebook 840 G5,1299,1299,ttspl,944,5CG8435RRJ,TTSPL3533,1299,RATE_OK
BLUEJAY WORKTECH PRIVATE LIMITED,117,BLUEJAY WORKTECH PRIVATE LIMITED,name,LOT,3TBZ8Y2,TTSPL3137,Dell Latitude 7400 (Touch Screen),1599,1599,ttspl,932,3TBZ8Y2,TTSPL3137,1599,RATE_OK
BLUEJAY WORKTECH PRIVATE LIMITED,117,BLUEJAY WORKTECH PRIVATE LIMITED,name,LOT,5433GB3,TTSPL4105,Dell Latitude 5410,1799,1799,ttspl,2140,5433GB3,TTSPL4105,1799,RATE_OK
BLUEJAY WORKTECH PRIVATE LIMITED,117,BLUEJAY WORKTECH PRIVATE LIMITED,name,LOT,PC1NVAXJ,TTSPL3545,Lenovo Thinkpad X-13,1799,1799,ttspl,938,PC1NVAXJ,TTSPL3545,1799,RATE_OK
BLUEJAY WORKTECH PRIVATE LIMITED,117,BLUEJAY WORKTECH PRIVATE LIMITED,name,LOT,6H2YM13,TTSPL4054,Dell Latitude 5400,1599,1599,ttspl,940,6H2YM13,TTSPL4054,1599,RATE_OK
BLUEJAY WORKTECH PRIVATE LIMITED,117,BLUEJAY WORKTECH PRIVATE LIMITED,name,LOT,5Z2TWT2,TTSPL2451,Dell Latitude 5490,1499,1499,ttspl,941,5Z2TWT2,TTSPL2451,1499,RATE_OK
BLUEJAY WORKTECH PRIVATE LIMITED,117,BLUEJAY WORKTECH PRIVATE LIMITED,name,LOT,5CG924D5NF,TTSPL3683,HP Elitebook 840 G5,1499,1499,ttspl,942,5CG924D5NF,TTSPL3683,1499,RATE_OK
BLUEJAY WORKTECH PRIVATE LIMITED,117,BLUEJAY WORKTECH PRIVATE LIMITED,name,LOT,8VZ5KR2,TTSPL2138,Dell Latitude 5490,1499,1499,ttspl,2277,8VZ5KR2,TTSPL2138,1499,RATE_OK
BLUEJAY WORKTECH PRIVATE LIMITED,117,BLUEJAY WORKTECH PRIVATE LIMITED,name,LOT,13NCJT2,TTSPL2220,Dell Latitude E3400,1299,1299,ttspl,2278,13NCJT2,TTSPL2220,1299,RATE_OK
BLUEJAY WORKTECH PRIVATE LIMITED,117,BLUEJAY WORKTECH PRIVATE LIMITED,name,LOT,G5568S2,TTSPL2850,Dell Latitude 7490,1299,1299,ttspl,946,G5568S2,TTSPL2850,1299,RATE_OK
BLUEJAY WORKTECH PRIVATE LIMITED,117,BLUEJAY WORKTECH PRIVATE LIMITED,name,LOT,PC261P3K,TTSPL4469,Lenovo Thinkpad X-13,1799,1799,ttspl,948,PC261P3K,TTSPL4469,1799,RATE_OK
BLUEJAY WORKTECH PRIVATE LIMITED,117,BLUEJAY WORKTECH PRIVATE LIMITED,name,LOT,PC282ZES,TTSPL4470,Lenovo Thinkpad X-13,1799,1799,ttspl,950,PC282ZES,TTSPL4470,1799,RATE_OK
BLUEJAY WORKTECH PRIVATE LIMITED,117,BLUEJAY WORKTECH PRIVATE LIMITED,name,LOT,5G7QJW2,TTSPL5441,Dell Latitude 3400,1299,1299,ttspl,2819,5G7QJW2,TTSPL5441,1299,RATE_OK
BLUEJAY WORKTECH PRIVATE LIMITED,117,BLUEJAY WORKTECH PRIVATE LIMITED,name,LOT,9G94103,TTSPL5444,Dell Latitude 3400,1299,1299,ttspl,2820,9G94103,TTSPL5444,1299,RATE_OK
BLUEJAY WORKTECH PRIVATE LIMITED,117,BLUEJAY WORKTECH PRIVATE LIMITED,name,LOT,9WZRWZ2,TTSPL5476/5447,Dell Latitude 3400,1299,1299,ttspl,956,9WZRWZ2,TTSPL5476,1299,RATE_OK
BLUEJAY WORKTECH PRIVATE LIMITED,117,BLUEJAY WORKTECH PRIVATE LIMITED,name,LOT,PF1C3CYE,TTSPL5194,Lenovo Thinkpad T490,1299,1299,ttspl,957,PF1C3CYE,TTSPL5194,1299,RATE_OK
BLUEJAY WORKTECH PRIVATE LIMITED,117,BLUEJAY WORKTECH PRIVATE LIMITED,name,LOT,PF34A01E,TTSPL5463,Lenovo Thinkpad T14 (Touch Screen),1799,1799,ttspl,958,PF34A01E,TTSPL5463,1799,RATE_OK
BLUEJAY WORKTECH PRIVATE LIMITED,117,BLUEJAY WORKTECH PRIVATE LIMITED,name,LOT,PC1NVAXE,TTSPL3554,Lenovo Thinkpad X-13,1500,1500,ttspl,959,PC1NVAXE,TTSPL3554,1500,RATE_OK
BLUEJAY WORKTECH PRIVATE LIMITED,117,BLUEJAY WORKTECH PRIVATE LIMITED,name,LOT,5QBJM53,TTSPL4244,Dell Latitude 5410,1500,1500,ttspl,961,5QBJM53,TTSPL4244,1500,RATE_OK
BLUEJAY WORKTECH PRIVATE LIMITED,117,BLUEJAY WORKTECH PRIVATE LIMITED,name,LOT,37XRFW2,TTSPL5309,Dell Latitude 5300,1299,1299,ttspl,962,37XRFW2,TTSPL5309,1299,RATE_OK
BLUEJAY WORKTECH PRIVATE LIMITED,117,BLUEJAY WORKTECH PRIVATE LIMITED,name,LOT,5CG93121SR,TTSPL3679,HP Elitebook 840 G6,1299,1299,ttspl,3145,5CG93121SR,TTSPL3679,1299,RATE_OK
BLUEJAY WORKTECH PRIVATE LIMITED,117,BLUEJAY WORKTECH PRIVATE LIMITED,name,LOT,2Q9MZW2,TTSPL3947,Dell Latitude 7490 (Touch screen),1599,1599,ttspl,3041,2Q9MZW2,TTSPL3947,1599,RATE_OK
BLUEJAY WORKTECH PRIVATE LIMITED,117,BLUEJAY WORKTECH PRIVATE LIMITED,name,LOT,5BGF0B3,TTSPL4246,Dell Latitude 5310,1799,1799,ttspl,276,5BGF0B3,TTSPL4246,1799,RATE_OK
IMSUCCESS PRIVATE LIMITED,50,IMSUCCESS PRIVATE LIMITED,name,LOT,C02G7E4SQ6L4,1633/FIRMTRUE1400/TTSPL1467,Apple Mackbook Air M1,5500,5500,ttspl,2263,C02G7E4SQ6L4,TTSPL1467,5500,RATE_OK
IMSUCCESS PRIVATE LIMITED,50,IMSUCCESS PRIVATE LIMITED,name,LOT,F41VYFPY3Y,TTSPL3142,MacBook Pro M2,6999,6999,ttspl,2115,F41VYFPY3Y,TTSPL3142,6999,RATE_OK
IMSUCCESS PRIVATE LIMITED,50,IMSUCCESS PRIVATE LIMITED,name,LOT,FHY5SL3,TTSPL4093,Dell Precision 3571 (with Nvidia T600 graphic),5150,5150,ttspl,613,FHY5SL3,TTSPL4093,5150,RATE_OK
IMSUCCESS PRIVATE LIMITED,50,IMSUCCESS PRIVATE LIMITED,name,LOT,T3NRCX01U929127,TTSPL4896,Asus TUF Gaming A15,5150,5150,ttspl,614,T3NRCX01U929127,TTSPL4896,5150,RATE_OK
IMSUCCESS PRIVATE LIMITED,50,IMSUCCESS PRIVATE LIMITED,name,LOT,T4NRCX04T806184,TTSPL5505,Asus TUF Gaming A15,5150,5150,ttspl,615,T4NRCX04T806184,TTSPL5505,5150,RATE_OK
WedMeGood,57,WedMeGood,name,LOT,SCNRCX03W861511,TTSPL4861,Asus TUF Gaming A15,4999,4999,ttspl,1,SCNRCX03W861511,TTSPL4861,4999,RATE_OK
ATTITUDE EVENETS PRIVATE LIMITED,115,ATTITUDE EVENTS PRIVATE LIMITED,name,LOT,3C2F7H2,TTSPL2921,Dell Latitude 7480,1499,1499,ttspl,488,3C2F7H2,TTSPL2921,1499,RATE_OK
ATTITUDE EVENETS PRIVATE LIMITED,115,ATTITUDE EVENTS PRIVATE LIMITED,name,LOT,5JX5PQ2,TTSPL3802,Dell Latitude 7490,1499,1499,ttspl,490,5JX5PQ2,TTSPL3802,1499,RATE_OK
ATTITUDE EVENETS PRIVATE LIMITED,115,ATTITUDE EVENTS PRIVATE LIMITED,name,LOT,HFK5JR2,TTSPL2097,Dell Latitude 7490,1499,1499,ttspl,2109,HFK5JR2,TTSPL2097,1499,RATE_OK
ATTITUDE EVENETS PRIVATE LIMITED,115,ATTITUDE EVENTS PRIVATE LIMITED,name,LOT,5CG7110C0K,TTSPL1421,HP Elitebook 820 G3,1499,1499,ttspl,491,5CG7110C0K,TTSPL1421,1499,RATE_OK
ATTITUDE EVENETS PRIVATE LIMITED,115,ATTITUDE EVENTS PRIVATE LIMITED,name,LOT,GJDZNV2,TTSPL2962,Dell Latitude 7490,1799,1799,ttspl,2111,GJDZNV2,TTSPL2962,1799,RATE_OK
ATTITUDE EVENETS PRIVATE LIMITED,115,ATTITUDE EVENTS PRIVATE LIMITED,name,LOT,FG581X2,TTSPL4884,Dell Latitude 7490,1499,1499,ttspl,502,FG581X2,TTSPL4884,1499,RATE_OK
ATTITUDE EVENETS PRIVATE LIMITED,115,ATTITUDE EVENTS PRIVATE LIMITED,name,LOT,PC1GXHW6,TTSPL4913,Lenovo Thinkpad T490s,1499,1499,ttspl,504,PC1GXHW6,TTSPL4913,1499,RATE_OK
ATTITUDE EVENETS PRIVATE LIMITED,115,ATTITUDE EVENTS PRIVATE LIMITED,name,LOT,G9T1F63,TTSPL3430,Dell Latitude 5310 (TOUCH SCREEN),2599,2599,ttspl,510,G9T1F63,TTSPL3430,2599,RATE_OK
ATTITUDE EVENETS PRIVATE LIMITED,115,ATTITUDE EVENTS PRIVATE LIMITED,name,LOT,PF3DT690,TTSPL5231,Lenovo Thinkpad E14 (Gen 2),1800,1800,ttspl,511,PF3DT690,TTSPL5231,1800,RATE_OK
ATTITUDE EVENETS PRIVATE LIMITED,115,ATTITUDE EVENTS PRIVATE LIMITED,name,LOT,PC1H12FX,TTSPL4956,Lenovo Thinkpad T490s,1499,1499,ttspl,512,PC1H12FX,TTSPL4956,1499,RATE_OK
ATTITUDE EVENETS PRIVATE LIMITED,115,ATTITUDE EVENTS PRIVATE LIMITED,name,LOT,9N2FL13,TTSPL6712,Dell Latitude 5400,1499,1499,ttspl,2380,9N2FL13,TTSPL6712,1499,RATE_OK
ATTITUDE EVENETS PRIVATE LIMITED,115,ATTITUDE EVENTS PRIVATE LIMITED,name,LOT,93Q5V93,TTSPL6284,Dell Latitude 3410,1499,1499,ttspl,3417,93Q5V93,TTSPL6284,1499,RATE_OK
ATTITUDE EVENETS PRIVATE LIMITED,115,ATTITUDE EVENTS PRIVATE LIMITED,name,LOT,5QN5273,TTSPL4219,Dell Latitude 5410,2300,2300,ttspl,126,5QN5273,TTSPL4219,2300,RATE_OK
ATTITUDE EVENETS PRIVATE LIMITED,115,ATTITUDE EVENTS PRIVATE LIMITED,name,LOT,JTKG463,TTSPL6451,Dell Latitude 3410,1799,1799,ttspl,3400,JTKG463,TTSPL6451,1799,RATE_OK
ATTITUDE EVENETS PRIVATE LIMITED,115,ATTITUDE EVENTS PRIVATE LIMITED,name,LOT,HRQD2B3,TTSPL6704,Dell Latitude 3420,2299,2299,ttspl,3481,HRQD2B3,TTSPL6704,2299,RATE_OK
ATTITUDE EVENETS PRIVATE LIMITED,115,ATTITUDE EVENTS PRIVATE LIMITED,name,LOT,DP3DPV2,TTSPL5027,Dell Latitude 5490,1525,1525,ttspl,1595,DP3DPV2,TTSPL5027,1525,RATE_OK
ATTITUDE EVENETS PRIVATE LIMITED,115,ATTITUDE EVENTS PRIVATE LIMITED,name,LOT,9ZDNK63,TTSPL4217,Dell Latitude 5410,2999,2999,ttspl,855,9ZDNK63,TTSPL4217,2999,RATE_OK
ATTITUDE EVENETS PRIVATE LIMITED,115,ATTITUDE EVENTS PRIVATE LIMITED,name,LOT,5CG9293ZZ9,TTSPL4037,HP Elitebook 840 G5,1499,1499,ttspl,1301,5CG9293ZZ9,TTSPL4037,1499,RATE_OK
ATTITUDE EVENETS PRIVATE LIMITED,115,ATTITUDE EVENTS PRIVATE LIMITED,name,LOT,PF2AP5NK,TTSPL4432,Lenovo Thinkpad L14,1800,232.26,UNMATCHED,,,,,NOT_IN_CRM_ACTIVE
ATTITUDE EVENETS PRIVATE LIMITED,115,ATTITUDE EVENTS PRIVATE LIMITED,name,LOT,5CG0278Q0Z,TTSPL7380,HP PROBOOK 640 G5,1499,1692.42,ttspl,8142,5CG0278Q0Z,TTSPL7380,1499,RATE_OK
ATTITUDE EVENETS PRIVATE LIMITED,115,ATTITUDE EVENTS PRIVATE LIMITED,name,LOT,JJX04D3,TTSPL7525,Dell Latitude 5420,1800,2032.26,ttspl,8441,JJX04D3,TTSPL7525,1800,RATE_OK
Tekuncorked Aiiot Private Limited,56,Tekuncorked Aiiot Private Limited,name,LOT,7Y1X573,TTSPL3102,Dell Latitude 5410,1799,1799,ttspl,694,7Y1X573,TTSPL3102,1799,RATE_OK
Tekuncorked Aiiot Private Limited,56,Tekuncorked Aiiot Private Limited,name,LOT,5CD129LC0X,TTSPL2642,HP 14S-DQ2xxx,1799,1799,ttspl,2123,5CD129LC0X,TTSPL2642,1799,RATE_OK
Tekuncorked Aiiot Private Limited,56,Tekuncorked Aiiot Private Limited,name,LOT,2J2BZM2,TTSPL1009,Dell latitude E7480,1399,1399,ttspl,695,2J2BZM2,TTSPL1009,1399,RATE_OK
Tekuncorked Aiiot Private Limited,56,Tekuncorked Aiiot Private Limited,name,LOT,52C6LQ3,TTSPL3231,DELL LATITUDE 5420,1799,1799,ttspl,696,52C6LQ3,TTSPL3231,1799,RATE_OK
Tekuncorked Aiiot Private Limited,56,Tekuncorked Aiiot Private Limited,name,LOT,5CG2221MQS,TTSPL2649,HP 240 G8,1799,1799,ttspl,2124,5CG2221MQS,TTSPL2649,1799,RATE_OK
Tekuncorked Aiiot Private Limited,56,Tekuncorked Aiiot Private Limited,name,LOT,3KTD693,TTSPL3789,Dell Latitude 5410,1799,1799,ttspl,697,3KTD693,TTSPL3789,1799,RATE_OK
Tekuncorked Aiiot Private Limited,56,Tekuncorked Aiiot Private Limited,name,LOT,1PY4693,TTSPL4480,Dell Latitude 5410,1799,1799,ttspl,698,1PY4693,TTSPL4480,1799,RATE_OK
Tekuncorked Aiiot Private Limited,56,Tekuncorked Aiiot Private Limited,name,LOT,JVVQ6D3,TTSPL4484,Dell Latitude 5410,1799,1799,ttspl,699,JVVQ6D3,TTSPL4484,1799,RATE_OK
Tekuncorked Aiiot Private Limited,56,Tekuncorked Aiiot Private Limited,name,LOT,PF31PL74,TTSPL4722,Lenovo Thinkpad T14,1799,1799,ttspl,700,PF31PL74,TTSPL4722,1799,RATE_OK
Tekuncorked Aiiot Private Limited,56,Tekuncorked Aiiot Private Limited,name,LOT,24H70J3,TTSPL4845,Dell Latitude 5420,2499,2499,ttspl,701,24H70J3,TTSPL4845,2499,RATE_OK
Tekuncorked Aiiot Private Limited,56,Tekuncorked Aiiot Private Limited,name,LOT,PF56J8N5,TTSPL5053,Lenovo V14 (Gen 3),3150,3150,ttspl,702,PF56J8N5,TTSPL5053,3150,RATE_OK
Tekuncorked Aiiot Private Limited,56,Tekuncorked Aiiot Private Limited,name,LOT,6TV2KN3,TTSPL3229,Dell Latitude 5420,1799,1799,ttspl,703,6TV2KN3,TTSPL3229,1799,RATE_OK
Tekuncorked Aiiot Private Limited,56,Tekuncorked Aiiot Private Limited,name,LOT,PF56BCV4,TTSPL5060,Lenovo V14 (Gen 3),3000,3000,ttspl,704,PF56BCV4,TTSPL5060,3000,RATE_OK
Tekuncorked Aiiot Private Limited,56,Tekuncorked Aiiot Private Limited,name,LOT,5CD437P9JS,TTSPL5508,HP Probook 450 G10,3500,3500,ttspl,705,5CD437P9JS,TTSPL5508,3500,RATE_OK
Tekuncorked Aiiot Private Limited,56,Tekuncorked Aiiot Private Limited,name,LOT,8LXQ1T3,TTSPL6373,Dell Latitude 7330,3000,3000,ttspl,706,8LXQ1T3,TTSPL6373,3000,RATE_OK
Tekuncorked Aiiot Private Limited,56,Tekuncorked Aiiot Private Limited,name,LOT,B0D7TT3,TTSPL6374,Dell Latitude 7330,3000,3000,ttspl,707,B0D7TT3,TTSPL6374,3000,RATE_OK
Tekuncorked Aiiot Private Limited,56,Tekuncorked Aiiot Private Limited,name,LOT,PC2830AS,TTSPL4361,Lenovo Thinkpad X-13,1799,1799,ttspl,708,PC2830AS,TTSPL4361,1799,RATE_OK
Tekuncorked Aiiot Private Limited,56,Tekuncorked Aiiot Private Limited,name,LOT,5BGT0T3,TTSPL6929,Dell Latitude 7330 (Touch),3000,3000,ttspl,709,5BGT0T3,TTSPL6929,3000,RATE_OK
Tekuncorked Aiiot Private Limited,56,Tekuncorked Aiiot Private Limited,name,LOT,BBBS3T3,TTSPL6951,Dell Latitude 7330 (Touch),3000,3000,ttspl,3558,BBBS3T3,TTSPL6951,3000,RATE_OK
Tekuncorked Aiiot Private Limited,56,Tekuncorked Aiiot Private Limited,name,LOT,J4MCWT3,TTSPL6953,Dell Latitude 7330 (Touch),3000,3000,ttspl,3560,J4MCWT3,TTSPL6953,3000,RATE_OK
Tekuncorked Aiiot Private Limited,56,Tekuncorked Aiiot Private Limited,name,LOT,7MTT1B3,TTSPL6635,Dell Latitude 3420,1799,1799,ttspl,3448,7MTT1B3,TTSPL6635,1799,RATE_OK
Tekuncorked Aiiot Private Limited,56,Tekuncorked Aiiot Private Limited,name,LOT,317F1J3,TTSPL4828,Dell Latitude 5420,2499,2499,ttspl,1120,317F1J3,TTSPL4828,2499,RATE_OK
Tekuncorked Aiiot Private Limited,56,Tekuncorked Aiiot Private Limited,name,LOT,2MQ4490GJ1,TTSPL7543,HP EliteBook 640 Notebook G11,4199,4740.81,ttspl,8459,2MQ4490GJ1,TTSPL7543,4999,RATE_MISMATCH
VINCIT TECHNOLOGIES PVT LTD,112,VINCIT TECHNOLOGIES PVT LTD,name,LOT,3MW7693,TTSPL3820,Dell Latitude 5410,1999,1999,ttspl,2182,3MW7693,TTSPL3820,1999,RATE_OK
VINCIT TECHNOLOGIES PVT LTD,112,VINCIT TECHNOLOGIES PVT LTD,name,LOT,CJNL7S2,TTSPL2016,Dell Latitude 5490,1499,1499,UNMATCHED,,,,,NOT_IN_CRM_ACTIVE
OEX TECH SOLUTION PVT. LTD,53,OEX TECH SOLUTION PVT. LTD,name,LOT,B5F8N13,TTSPL3131,Dell Latitude 7400,2499,2499,ttspl,778,B5F8N13,TTSPL3131,2499,RATE_OK
OEX TECH SOLUTION PVT. LTD,53,OEX TECH SOLUTION PVT. LTD,name,LOT,4YR6N13,TTSPL3155,Dell Latitude 7400,2499,2499,ttspl,779,4YR6N13,TTSPL3155,2499,RATE_OK
OEX TECH SOLUTION PVT. LTD,53,OEX TECH SOLUTION PVT. LTD,name,LOT,9ZVT7Y2,TTSPL3423,Dell Latitude 7490,1999,1999,ttspl,2268,9ZVT7Y2,TTSPL3423,1999,RATE_OK
OEX TECH SOLUTION PVT. LTD,53,OEX TECH SOLUTION PVT. LTD,name,LOT,HDK6N13,TTSPL3162,Dell Latitude 7400,2499,2499,ttspl,780,HDK6N13,TTSPL3162,2499,RATE_OK
OEX TECH SOLUTION PVT. LTD,53,OEX TECH SOLUTION PVT. LTD,name,LOT,826BYY2,TTSPL3098,Dell Latitude 7400,2499,2499,ttspl,781,826BYY2,TTSPL3098,2499,RATE_OK
OEX TECH SOLUTION PVT. LTD,53,OEX TECH SOLUTION PVT. LTD,name,LOT,HCMFN13,TTSPL3221,Dell Latitude 7400,2499,2499,ttspl,782,HCMFN13,TTSPL3221,2499,RATE_OK
OEX TECH SOLUTION PVT. LTD,53,OEX TECH SOLUTION PVT. LTD,name,LOT,51HBBK3,TTSPL4860,Dell Latitude 5420,2699,2699,ttspl,783,51HBBK3,TTSPL4860,2699,RATE_OK
OEX TECH SOLUTION PVT. LTD,53,OEX TECH SOLUTION PVT. LTD,name,LOT,8STL3F3,TTSPL4492,Dell Latitude 5420,1999,1999,ttspl,784,8STL3F3,TTSPL4492,1999,RATE_OK
OEX TECH SOLUTION PVT. LTD,53,OEX TECH SOLUTION PVT. LTD,name,LOT,F1F7S93,TTSPL4287,Dell Latitude 5320,2699,2699,ttspl,785,F1F7S93,TTSPL4287,2699,RATE_OK
OEX TECH SOLUTION PVT. LTD,53,OEX TECH SOLUTION PVT. LTD,name,LOT,CND137BHHX,TTSPL3309,HP Elitebook 1040 G8,2699,2699,ttspl,788,CND137BHHX,TTSPL3309,2699,RATE_OK
OEX TECH SOLUTION PVT. LTD,53,OEX TECH SOLUTION PVT. LTD,name,LOT,95VB4M3,TTSPL4613,Dell Latitude 5420 (Touch Screen),2699,2699,ttspl,789,95VB4M3,TTSPL4613,2699,RATE_OK
OEX TECH SOLUTION PVT. LTD,53,OEX TECH SOLUTION PVT. LTD,name,LOT,311C2J3,TTSPL3493,Dell Latitude 5420,2699,2699,ttspl,790,311C2J3,TTSPL3493,2699,RATE_OK
OEX TECH SOLUTION PVT. LTD,53,OEX TECH SOLUTION PVT. LTD,name,LOT,J2PXVM3,TTSPL6350,Dell Latitude 5420,2699,2699,ttspl,2420,J2PXVM3,TTSPL6350,2699,RATE_OK
OEX TECH SOLUTION PVT. LTD,53,OEX TECH SOLUTION PVT. LTD,name,LOT,FZFC2J3,TTSPL6355,Dell Latitude 5420,2699,2699,ttspl,2421,FZFC2J3,TTSPL6355,2699,RATE_OK
OEX TECH SOLUTION PVT. LTD,53,OEX TECH SOLUTION PVT. LTD,name,LOT,H086HK3,TTSPL6358,Dell Latitude 5420,2699,2699,ttspl,2422,H086HK3,TTSPL6358,2699,RATE_OK
OEX TECH SOLUTION PVT. LTD,53,OEX TECH SOLUTION PVT. LTD,name,LOT,DXNXVM3,TTSPL6524,Dell Latitude 5420,2699,2699,ttspl,2423,DXNXVM3,TTSPL6524,2699,RATE_OK
OEX TECH SOLUTION PVT. LTD,53,OEX TECH SOLUTION PVT. LTD,name,LOT,2FJ3FL3,TTSPL4256,Dell Latitude 5320,2699,2699,ttspl,3111,2FJ3FL3,TTSPL4256,2699,RATE_OK
OEX TECH SOLUTION PVT. LTD,53,OEX TECH SOLUTION PVT. LTD,name,LOT,FJ560J3,TTSPL4846,Dell Latitude 5420,2699,2699,ttspl,3202,FJ560J3,TTSPL4846,2699,RATE_OK
OEX TECH SOLUTION PVT. LTD,53,OEX TECH SOLUTION PVT. LTD,name,LOT,97CB4G3,TTSPL6960,Dell Latitude 7420,2699,2699,ttspl,3567,97CB4G3,TTSPL6960,2699,RATE_OK
OEX TECH SOLUTION PVT. LTD,53,OEX TECH SOLUTION PVT. LTD,name,LOT,53L10F3,TTSPL6893,Dell Latitude 5420,2699,2699,ttspl,3764,53L10F3,TTSPL6893,2699,RATE_OK
OEX TECH SOLUTION PVT. LTD,53,OEX TECH SOLUTION PVT. LTD,name,LOT,24ZB6G3,TTSPL4525,Dell Latitude 5420,2699,2699,ttspl,1480,24ZB6G3,TTSPL4525,2699,RATE_OK
OEX TECH SOLUTION PVT. LTD,53,OEX TECH SOLUTION PVT. LTD,name,LOT,D67F1J3,TTSPL4833,Dell Latitude 5420,2699,2699,ttspl,1946,D67F1J3,TTSPL4833,2699,RATE_OK
OEX TECH SOLUTION PVT. LTD,53,OEX TECH SOLUTION PVT. LTD,name,LOT,2TK24906P6,TTSPL7338,HP ELITEBOOK 640 G9,2699,2699,ttspl,4045,2TK24906P6,TTSPL7338,2699,RATE_OK
Mercury Solutions Limited,26,Mercury Solutions Limited,name,LOT,5CG6472PXW,TTSPL1585,HP Elitebook 820 G3,899,899,ttspl,767,5CG6472PXW,TTSPL1585,899,RATE_OK
Mercury Solutions Limited,26,Mercury Solutions Limited,name,LOT,3NWYMF2,TTSPL2149,Dell Latitude E5490,1899,1899,ttspl,2266,3NWYMF2,TTSPL2149,1899,RATE_OK
Mercury Solutions Limited,26,Mercury Solutions Limited,name,LOT,DB7Y2X2,TTSPL4200,Dell Latitude 5400,1899,1899,ttspl,770,DB7Y2X2,TTSPL4200,1899,RATE_OK
Mercury Solutions Limited,26,Mercury Solutions Limited,name,LOT,JM1NHM2,TTSPL2913,Dell Latitude 7480,999,999,ttspl,773,JM1NHM2,TTSPL2913,999,RATE_OK
Mercury Solutions Limited,26,Mercury Solutions Limited,name,LOT,2R0DN73,TTSPL5651,Dell Latitude 5400,1499,1499,ttspl,2407,2R0DN73,TTSPL5651,1499,RATE_OK
Mercury Solutions Limited,26,Mercury Solutions Limited,name,LOT,G8C2QG3,TTSPL5770,Dell Latitude 3420,1699,1699,ttspl,2408,G8C2QG3,TTSPL5770,1699,RATE_OK
Mercury Solutions Limited,26,Mercury Solutions Limited,name,LOT,70SD2B3,TTSPL5836,Dell Latitude 3420,1699,1699,ttspl,2409,70SD2B3,TTSPL5836,1699,RATE_OK
Mercury Solutions Limited,26,Mercury Solutions Limited,name,LOT,F19Q463,TTSPL5659,Dell Latitude 3410,1699,1699,ttspl,2411,F19Q463,TTSPL5659,1699,RATE_OK
Mercury Solutions Limited,26,Mercury Solutions Limited,name,LOT,4BC2QG3,TTSPL5710,Dell Latitude 3420,1699,1699,ttspl,2412,4BC2QG3,TTSPL5710,1699,RATE_OK
Mercury Solutions Limited,26,Mercury Solutions Limited,name,LOT,2TP1T93,TTSPL5661,Dell Latitude 3410,1699,1699,ttspl,2413,2TP1T93,TTSPL5661,1699,RATE_OK
Mercury Solutions Limited,26,Mercury Solutions Limited,name,LOT,69C2QG3,TTSPL5715,Dell Latitude 3420,1699,1699,ttspl,2414,69C2QG3,TTSPL5715,1699,RATE_OK
Mercury Solutions Limited,26,Mercury Solutions Limited,name,LOT,PC1M8P3J,TTSPL3552,Lenovo Thinkpad X-13,1699,1699,ttspl,776,PC1M8P3J,TTSPL3552,1699,RATE_OK
Mercury Solutions Limited,26,Mercury Solutions Limited,name,LOT,J673C63,TTSPL6531,Dell Latitude 3410,1699,1699,ttspl,2417,J673C63,TTSPL6531,1699,RATE_OK
Mercury Solutions Limited,26,Mercury Solutions Limited,name,LOT,84SM763,TTSPL6788,Dell Latitude 3410,1699,1699,ttspl,2418,84SM763,TTSPL6788,1699,RATE_OK
Mercury Solutions Limited,26,Mercury Solutions Limited,name,LOT,9XFD693,TTSPL3790,Dell Latitude 5410,1699,1699,ttspl,777,9XFD693,TTSPL3790,1699,RATE_OK
Mercury Solutions Limited,26,Mercury Solutions Limited,name,LOT,12J0503,TTSPL6278,Dell Latitude 3410,1699,1699,ttspl,3524,12J0503,TTSPL6278,1699,RATE_OK
Mercury Solutions Limited,26,Mercury Solutions Limited,name,LOT,PF2446ZP,TTSPL6902,Lenovo Thinkpad T14,1699,1699,ttspl,3249,PF2446ZP,TTSPL6902,1699,RATE_OK
Mercury Solutions Limited,26,Mercury Solutions Limited,name,LOT,DDPYCL3,TTSPL6643,Dell Latitude 3420,1699,1699,ttspl,3454,DDPYCL3,TTSPL6643,1699,RATE_OK
Mercury Solutions Limited,26,Mercury Solutions Limited,name,LOT,PF254K19,TTSPL6916,Lenovo Thinkpad T14,1699,1699,ttspl,3260,PF254K19,TTSPL6916,1699,RATE_OK
Mercury Solutions Limited,26,Mercury Solutions Limited,name,LOT,939Q463,TTSPL6285,Dell Latitude 3410,1699,1699,ttspl,3732,939Q463,TTSPL6285,1699,RATE_OK
Mercury Solutions Limited,26,Mercury Solutions Limited,name,LOT,PC1M8P31,TTSPL3567,Lenovo Thinkpad X-13,1699,1699,ttspl,34,PC1M8P31,TTSPL3567,1699,RATE_OK
Mercury Solutions Limited,26,Mercury Solutions Limited,name,LOT,PC0C8DMZ,TTSPL3299,Lenovo Thinkpad T450,899,899,ttspl,3143,PC0C8DMZ,TTSPL3299,899,RATE_OK
Mercury Solutions Limited,26,Mercury Solutions Limited,name,LOT,FYS1F63,TTSPL3440,Dell Latitude 5310 (TOUCH SCREEN),1699,1699,ttspl,113,FYS1F63,TTSPL3440,1699,RATE_OK
Mercury Solutions Limited,26,Mercury Solutions Limited,name,LOT,R913EBVJ,TTSPL7266,Lenovo Thinkpad L13,1899,1899,ttspl,3925,R913EBVJ,TTSPL7266,1899,RATE_OK
Mercury Solutions Limited,26,Mercury Solutions Limited,name,LOT,95Q5V93,TTSPL6542,Dell Latitude 3410,1699,1699,ttspl,2702,95Q5V93,TTSPL6542,1699,RATE_OK
Mercury Solutions Limited,26,Mercury Solutions Limited,name,LOT,R913GZ7Y,TTSPL7218,Lenovo Thinkpad L13,1899,1899,ttspl,3877,R913GZ7Y,TTSPL7218,1899,RATE_OK
Mercury Solutions Limited,26,Mercury Solutions Limited,name,LOT,5N3K163,TTSPL4127,Dell Latitude 5410,1699,1699,ttspl,2110,5N3K163,TTSPL4127,1699,RATE_OK
Mercury Solutions Limited,26,Mercury Solutions Limited,name,LOT,6173C63,TTSPL6335,Dell Latitude 3410,1699,1699,ttspl,2726,6173C63,TTSPL6335,1699,RATE_OK
Mercury Solutions Limited,26,Mercury Solutions Limited,name,LOT,PC1S0L6S,TTSPL3574,Lenovo Thinkpad X-13,1699,1699,serial,3946,PC1S0L6S,TTSPL7287,1699,RATE_OK
Mercury Solutions Limited,26,Mercury Solutions Limited,name,LOT,1SCY0B3,TTSPLGR0165,Dell Latitude 5310,1699,1699,ttspl,4090,1SCY0B3,TTSPLGR0165,1699,RATE_OK
Mercury Solutions Limited,26,Mercury Solutions Limited,name,LOT,162QX52,1283/TTSPL1814,Dell Latitude E7250,899,319,UNMATCHED,,,,,NOT_IN_CRM_ACTIVE
Mercury Solutions Limited,26,Mercury Solutions Limited,name,LOT,HY23C63,TTSPL6664,Dell Latitude 3410,1699,2849.94,ttspl,3473,HY23C63,TTSPL6664,1699,RATE_OK
Mercury Solutions Limited,26,Mercury Solutions Limited,name,LOT,PF2AM39T,TTSPL4453,Lenovo Thinkpad L14,1699,2685.52,ttspl,681,PF2AM39T,TTSPL4453,1699,RATE_OK
Mercury Solutions Limited,26,Mercury Solutions Limited,name,LOT,5CG212DZKC,TTSPL6834,HP Elitebook 840 G8,1899,2450.32,ttspl,2011,5CG212DZKC,TTSPL6834,1899,RATE_OK
EPIC (INDIA) TOURS AND EVENTS PRIVATE LIMITED,119,EPIC (INDIA) TOURS AND EVENTS PRIVATE LIMITED,name,LOT,PG04GTJC,TTSPL5125,Lenovo V14 (Gen 3),2400,2400,ttspl,571,PG04GTJC,TTSPL5125,2400,RATE_OK
EPIC (INDIA) TOURS AND EVENTS PRIVATE LIMITED,119,EPIC (INDIA) TOURS AND EVENTS PRIVATE LIMITED,name,LOT,18TVXT3,TTSPL5336,Dell Latitude 5430,2550,2550,ttspl,2797,18TVXT3,TTSPL5336,2550,RATE_OK
EPIC (INDIA) TOURS AND EVENTS PRIVATE LIMITED,119,EPIC (INDIA) TOURS AND EVENTS PRIVATE LIMITED,name,LOT,H4YWMS3,TTSPL5341,Dell Latitude 5430,2400,2400,ttspl,2799,H4YWMS3,TTSPL5341,2400,RATE_OK
EPIC (INDIA) TOURS AND EVENTS PRIVATE LIMITED,119,EPIC (INDIA) TOURS AND EVENTS PRIVATE LIMITED,name,LOT,T7NRCX07V42631A,TTSPL5855,Asus TUF Gaming A15,5499,5499,ttspl,573,T7NRCX07V42631A,TTSPL5855,5499,RATE_OK
EPIC (INDIA) TOURS AND EVENTS PRIVATE LIMITED,119,EPIC (INDIA) TOURS AND EVENTS PRIVATE LIMITED,name,LOT,PG04FAML,TTSPL5104,Lenovo V14 (Gen 3),2400,2400,ttspl,574,PG04FAML,TTSPL5104,2400,RATE_OK
EPIC (INDIA) TOURS AND EVENTS PRIVATE LIMITED,119,EPIC (INDIA) TOURS AND EVENTS PRIVATE LIMITED,name,LOT,PF54PYK5,TTSPL4981,Lenovo V14 (Gen 3),2400,2400,ttspl,575,PF54PYK5,TTSPL4981,2400,RATE_OK
EPIC (INDIA) TOURS AND EVENTS PRIVATE LIMITED,119,EPIC (INDIA) TOURS AND EVENTS PRIVATE LIMITED,name,LOT,PG02XHTD,TTSPL6036,Lenovo Thinkpad E14,1999,1999,ttspl,578,PG02XHTD,TTSPL6036,1999,RATE_OK
EPIC (INDIA) TOURS AND EVENTS PRIVATE LIMITED,119,EPIC (INDIA) TOURS AND EVENTS PRIVATE LIMITED,name,LOT,D4Y60J3,TTSPL4840,Dell Latitude 5420,2499,2499,ttspl,1389,D4Y60J3,TTSPL4840,2499,RATE_OK
EPIC (INDIA) TOURS AND EVENTS PRIVATE LIMITED,119,EPIC (INDIA) TOURS AND EVENTS PRIVATE LIMITED,name,LOT,7VT4HK3,TTSPL6314,Dell Latitude 5420,2499,2499,ttspl,3168,7VT4HK3,TTSPL6314,2499,RATE_OK
EPIC (INDIA) TOURS AND EVENTS PRIVATE LIMITED,119,EPIC (INDIA) TOURS AND EVENTS PRIVATE LIMITED,name,LOT,48TVXT3,TTSPL5343,Dell Latitude 5430,2400,2400,ttspl,3548,48TVXT3,TTSPL5343,2400,RATE_OK
EPIC (INDIA) TOURS AND EVENTS PRIVATE LIMITED,119,EPIC (INDIA) TOURS AND EVENTS PRIVATE LIMITED,name,LOT,2TK25008F8,TTSPL7341,HP ELITEBOOK 640 G9,2750,2750,ttspl,4048,2TK25008F8,TTSPL7341,2750,RATE_OK
EPIC (INDIA) TOURS AND EVENTS PRIVATE LIMITED,119,EPIC (INDIA) TOURS AND EVENTS PRIVATE LIMITED,name,LOT,WK25026-10417,TTSPL5841,Assemble-E2BT1N2,2599,2766.68,ttspl,3369,WK25026-10417,TTSPL5841,2599,RATE_OK
COSMO BRANDS PRIVATE LIMITED,118,COSMO BRANDS PRIVATE LIMITED,name,LOT,5CG52656XJ,TRU631/TTSPL2219,HP Laptop Elitebook Folio 9480m,1190,1190,ttspl,596,5CG52656XJ,TTSPL2219,1190,RATE_OK
COSMO BRANDS PRIVATE LIMITED,118,COSMO BRANDS PRIVATE LIMITED,name,LOT,5CG6091XQL,TRU613/TTSPL1709,HP Laptop Elitebook Folio 9480m,1190,1190,ttspl,597,5CG6091XQL,TTSPL1709,1190,RATE_OK
COSMO BRANDS PRIVATE LIMITED,118,COSMO BRANDS PRIVATE LIMITED,name,LOT,BSQSMC2,TTSPL1569,Dell Latitude E5470,1199,1199,ttspl,598,BSQSMC2,TTSPL1569,1199,RATE_OK
COSMO BRANDS PRIVATE LIMITED,118,COSMO BRANDS PRIVATE LIMITED,name,LOT,C108QC2,TTSPL3015,Dell Latitude E7470,1190,1190,ttspl,600,C108QC2,TTSPL3015,1190,RATE_OK
COSMO BRANDS PRIVATE LIMITED,118,COSMO BRANDS PRIVATE LIMITED,name,LOT,PF139HSS,TTSPLGR0115,Lenovo Thinkpad T470 (Touch Screen),1190,1190,ttspl,601,PF139HSS,TTSPLGR0115,1190,RATE_OK
COSMO BRANDS PRIVATE LIMITED,118,COSMO BRANDS PRIVATE LIMITED,name,LOT,H8H41X2,TTSPL4883,Dell Latitude 7490,1190,1190,ttspl,602,H8H41X2,TTSPL4883,1190,RATE_OK
COSMO BRANDS PRIVATE LIMITED,118,COSMO BRANDS PRIVATE LIMITED,name,LOT,PC1DFHEJ,TTSPL5041,Lenovo Thinkpad T490s,1190,1190,ttspl,603,PC1DFHEJ,TTSPL5041,1190,RATE_OK
COSMO BRANDS PRIVATE LIMITED,118,COSMO BRANDS PRIVATE LIMITED,name,LOT,PF258K6H,TTSPL5250,Lenovo Thinkpad T490,1190,1190,ttspl,604,PF258K6H,TTSPL5250,1190,RATE_OK
COSMO BRANDS PRIVATE LIMITED,118,COSMO BRANDS PRIVATE LIMITED,name,LOT,4743C63,TTSPL5648,Dell Latitude 3410,1499,1499,ttspl,3507,4743C63,TTSPL5648,1499,RATE_OK
COSMO BRANDS PRIVATE LIMITED,118,COSMO BRANDS PRIVATE LIMITED,name,LOT,JT4RTT2,TTSPL3976,Dell Latitude 7490,1499,1499,ttspl,2187,JT4RTT2,TTSPL3976,1499,RATE_OK
COSMO BRANDS PRIVATE LIMITED,118,COSMO BRANDS PRIVATE LIMITED,name,LOT,5ZX6RV2,TTSPL3749,Dell Latitude 5490,1499,1499,ttspl,2954,5ZX6RV2,TTSPL3749,1499,RATE_OK
KULSYS TECHNOLOGIES PRIVATE LIMITED,36,KULSYS TECHNOLOGIES PRIVATE LIMITED,name,LOT,FFPT3J3,TTSPL3476,Dell Latitude 5420,2699,2699,ttspl,1655,FFPT3J3,TTSPL3476,2699,RATE_OK
KULSYS TECHNOLOGIES PRIVATE LIMITED,36,KULSYS TECHNOLOGIES PRIVATE LIMITED,name,LOT,HW76HK3,TTSPL6300,Dell Latitude 5420,2699,2699,ttspl,2541,HW76HK3,TTSPL6300,2699,RATE_OK
KULSYS TECHNOLOGIES PRIVATE LIMITED,36,KULSYS TECHNOLOGIES PRIVATE LIMITED,name,LOT,4BY60J3,TTSPL4756,Dell Latitude 5420,2699,2699,ttspl,1656,4BY60J3,TTSPL4756,2699,RATE_OK
KULSYS TECHNOLOGIES PRIVATE LIMITED,36,KULSYS TECHNOLOGIES PRIVATE LIMITED,name,LOT,5CG31300N4,TTSPL6982,HP Elitebook 840 G8,2699,2699,ttspl,3589,5CG31300N4,TTSPL6982,2699,RATE_OK
KULSYS TECHNOLOGIES PRIVATE LIMITED,36,KULSYS TECHNOLOGIES PRIVATE LIMITED,name,LOT,T9NRCX05E930384,TTSPL7015,Asus TUF Gaming A15,6000,6000,ttspl,3622,T9NRCX05E930384,TTSPL7015,6000,RATE_OK
KULSYS TECHNOLOGIES PRIVATE LIMITED,36,KULSYS TECHNOLOGIES PRIVATE LIMITED,name,LOT,HZ2XZH3,TTSPL4764,Dell Latitude 5420,3500,3500,ttspl,167,HZ2XZH3,TTSPL4764,3500,RATE_OK
KULSYS TECHNOLOGIES PRIVATE LIMITED,36,KULSYS TECHNOLOGIES PRIVATE LIMITED,name,LOT,FDGVZH3,TTSPL4823,Dell Latitude 5420,3500,3500,ttspl,1387,FDGVZH3,TTSPL4823,3500,RATE_OK
KULSYS TECHNOLOGIES PRIVATE LIMITED,36,KULSYS TECHNOLOGIES PRIVATE LIMITED,name,LOT,66RM3F3,TTSPL4657,Dell Latitude 5420 (Touch Screen),3500,6209.68,ttspl,1483,66RM3F3,TTSPL4657,3500,RATE_OK
EasyRewardz Software Services Private Limited,158,EasyRewardz Software Services Private Limited,name,LOT,93RV8D3,TTSPL4489,Dell Latitude 5420,1500,1500,ttspl,1622,93RV8D3,TTSPL4489,1500,RATE_OK
EasyRewardz Software Services Private Limited,158,EasyRewardz Software Services Private Limited,name,LOT,JPKK2F3,TTSPL4545,Dell Latitude 5420,1500,1500,ttspl,1623,JPKK2F3,TTSPL4545,1500,RATE_OK
EasyRewardz Software Services Private Limited,158,EasyRewardz Software Services Private Limited,name,LOT,FJCP7C3,TTSPL4549,Dell Latitude 5420,1500,1500,ttspl,1624,FJCP7C3,TTSPL4549,1500,RATE_OK
EasyRewardz Software Services Private Limited,158,EasyRewardz Software Services Private Limited,name,LOT,9Q05BC3,TTSPL4633,Dell Latitude 5420 (Touch Screen),1550,1550,ttspl,1625,9Q05BC3,TTSPL4633,1550,RATE_OK
EasyRewardz Software Services Private Limited,158,EasyRewardz Software Services Private Limited,name,LOT,FVWVCK3,TTSPL4675,Dell Latitude 5420 (Touch Screen),1550,1550,ttspl,1626,FVWVCK3,TTSPL4675,1550,RATE_OK
EasyRewardz Software Services Private Limited,158,EasyRewardz Software Services Private Limited,name,LOT,PF32H9V9,TTSPL4682,Lenovo Thinkpad T14 (Touchscreen),1500,1500,ttspl,1627,PF32H9V9,TTSPL4682,1500,RATE_OK
EasyRewardz Software Services Private Limited,158,EasyRewardz Software Services Private Limited,name,LOT,CR0YZH3,TTSPL4848,Dell Latitude 5420,1550,1550,ttspl,1630,CR0YZH3,TTSPL4848,1550,RATE_OK
EasyRewardz Software Services Private Limited,158,EasyRewardz Software Services Private Limited,name,LOT,PF32JD1G,TTSPL4700,Lenovo Thinkpad T14,1500,1500,ttspl,1632,PF32JD1G,TTSPL4700,1500,RATE_OK
EasyRewardz Software Services Private Limited,158,EasyRewardz Software Services Private Limited,name,LOT,BMZB3F3,TTSPL4490,Dell Latitude 5420,1500,1500,ttspl,1634,BMZB3F3,TTSPL4490,1500,RATE_OK
EasyRewardz Software Services Private Limited,158,EasyRewardz Software Services Private Limited,name,LOT,PF38GHWA,TTSPL4728,Lenovo Thinkpad T14,1500,1500,ttspl,1635,PF38GHWA,TTSPL4728,1500,RATE_OK
EasyRewardz Software Services Private Limited,158,EasyRewardz Software Services Private Limited,name,LOT,7FQ82F3,TTSPL5086,Dell Latitude 5420,1500,1500,ttspl,2203,7FQ82F3,TTSPL5086,1500,RATE_OK
EasyRewardz Software Services Private Limited,158,EasyRewardz Software Services Private Limited,name,LOT,8SMGZH3,TTSPL4497,Dell Latitude 5420,1500,1500,ttspl,1636,8SMGZH3,TTSPL4497,1500,RATE_OK
EasyRewardz Software Services Private Limited,158,EasyRewardz Software Services Private Limited,name,LOT,CBVV6G3,TTSPL5385,Dell Latitude 5420,1500,1500,ttspl,1637,CBVV6G3,TTSPL5385,1500,RATE_OK
EasyRewardz Software Services Private Limited,158,EasyRewardz Software Services Private Limited,name,LOT,96HB3M3,TTSPL5394,Dell Latitude 5420,1500,1500,ttspl,1638,96HB3M3,TTSPL5394,1500,RATE_OK
EasyRewardz Software Services Private Limited,158,EasyRewardz Software Services Private Limited,name,LOT,9PV23F3,TTSPL5403,Dell Latitude 5420,1500,1500,ttspl,1639,9PV23F3,TTSPL5403,1500,RATE_OK
EasyRewardz Software Services Private Limited,158,EasyRewardz Software Services Private Limited,name,LOT,8HYZ3J3,TTSPL5405,Dell Latitude 5420,1500,1500,ttspl,1640,8HYZ3J3,TTSPL5405,1500,RATE_OK
EasyRewardz Software Services Private Limited,158,EasyRewardz Software Services Private Limited,name,LOT,7ZGTHG3,TTSPL5084,Dell Latitude 3420,1500,1500,ttspl,1641,7ZGTHG3,TTSPL5084,1500,RATE_OK
EasyRewardz Software Services Private Limited,158,EasyRewardz Software Services Private Limited,name,LOT,PG02WA60,TTSPL5471,Lenovo Thinkbook 14 (Gen2),1500,1500,ttspl,1642,PG02WA60,TTSPL5471,1500,RATE_OK
EasyRewardz Software Services Private Limited,158,EasyRewardz Software Services Private Limited,name,LOT,1B14JL3,TTSPL5835,Dell Latitude 3420,1500,1500,ttspl,2535,1B14JL3,TTSPL5835,1500,RATE_OK
EasyRewardz Software Services Private Limited,158,EasyRewardz Software Services Private Limited,name,LOT,PG0343EN,TTSPL6023,Lenovo Thinkpad E14,1500,1500,ttspl,1643,PG0343EN,TTSPL6023,1500,RATE_OK
EasyRewardz Software Services Private Limited,158,EasyRewardz Software Services Private Limited,name,LOT,PF54RFBV,TTSPL5107,Lenovo V14 (Gen 3),1500,1500,ttspl,1644,PF54RFBV,TTSPL5107,1500,RATE_OK
EasyRewardz Software Services Private Limited,158,EasyRewardz Software Services Private Limited,name,LOT,HW4BML3,TTSPL5825,Dell Latitude 3420,1500,1500,ttspl,2537,HW4BML3,TTSPL5825,1500,RATE_OK
EasyRewardz Software Services Private Limited,158,EasyRewardz Software Services Private Limited,name,LOT,CRZH2J3,TTSPL6321,Dell Latitude 5420,1999,1999,ttspl,2538,CRZH2J3,TTSPL6321,1999,RATE_OK
EasyRewardz Software Services Private Limited,158,EasyRewardz Software Services Private Limited,name,LOT,2T892J3,TTSPL4502,Dell Latitude 5420,1500,1500,ttspl,678,2T892J3,TTSPL4502,1500,RATE_OK
EasyRewardz Software Services Private Limited,158,EasyRewardz Software Services Private Limited,name,LOT,JVYL3F3,TTSPL5389,Dell Latitude 5420,1500,1500,ttspl,3289,JVYL3F3,TTSPL5389,1500,RATE_OK
EasyRewardz Software Services Private Limited,158,EasyRewardz Software Services Private Limited,name,LOT,95JL3T3,TTSPL5392,Dell Latitude 5420,1500,1500,ttspl,1714,95JL3T3,TTSPL5392,1500,RATE_OK
Wellbeing/NUTRITIONALAB PRIVATE LIMITED,22,NUTRITIONALAB PRIVATE LIMITED,name,LOT,PF31PDTR,TTSPL4697,Lenovo Thinkpad T14,1999,1999,ttspl,1521,PF31PDTR,TTSPL4697,1999,RATE_OK
Wellbeing/NUTRITIONALAB PRIVATE LIMITED,22,NUTRITIONALAB PRIVATE LIMITED,name,LOT,PC261P34,TTSPL4459,Lenovo Thinkpad X-13,1999,1999,ttspl,1523,PC261P34,TTSPL4459,1999,RATE_OK
Wellbeing/NUTRITIONALAB PRIVATE LIMITED,22,NUTRITIONALAB PRIVATE LIMITED,name,LOT,PC261P3Y,TTSPL4464,Lenovo Thinkpad X-13,1999,1999,ttspl,1524,PC261P3Y,TTSPL4464,1999,RATE_OK
Wellbeing/NUTRITIONALAB PRIVATE LIMITED,22,NUTRITIONALAB PRIVATE LIMITED,name,LOT,PC2830NL,TTSPL4467,Lenovo Thinkpad X-13,1999,1999,ttspl,1526,PC2830NL,TTSPL4467,1999,RATE_OK
Wellbeing/NUTRITIONALAB PRIVATE LIMITED,22,NUTRITIONALAB PRIVATE LIMITED,name,LOT,PC27MNS8,TTSPL4471,Lenovo Thinkpad X-13,1999,1999,ttspl,1530,PC27MNS8,TTSPL4471,1999,RATE_OK
Wellbeing/NUTRITIONALAB PRIVATE LIMITED,22,NUTRITIONALAB PRIVATE LIMITED,name,LOT,PC261P3M,TTSPL4466,Lenovo Thinkpad X-13,1999,1999,ttspl,1532,PC261P3M,TTSPL4466,1999,RATE_OK
Wellbeing/NUTRITIONALAB PRIVATE LIMITED,22,NUTRITIONALAB PRIVATE LIMITED,name,LOT,PC2830NM,TTSPL4463,Lenovo Thinkpad X-13,1999,1999,ttspl,1534,PC2830NM,TTSPL4463,1999,RATE_OK
Wellbeing/NUTRITIONALAB PRIVATE LIMITED,22,NUTRITIONALAB PRIVATE LIMITED,name,LOT,H1B50J3,TTSPL4772,Dell Latitude 5420,2999,2999,ttspl,1529,H1B50J3,TTSPL4772,2999,RATE_OK
Wellbeing/NUTRITIONALAB PRIVATE LIMITED,22,NUTRITIONALAB PRIVATE LIMITED,name,LOT,PC261MHL,TTSPL4462,Lenovo Thinkpad X-13,1999,1999,ttspl,1527,PC261MHL,TTSPL4462,1999,RATE_OK
Wellbeing/NUTRITIONALAB PRIVATE LIMITED,22,NUTRITIONALAB PRIVATE LIMITED,name,LOT,PF34JQ3G,TTSPL5016,Lenovo THinkpad X1 Carbon,5299,5299,ttspl,1528,PF34JQ3G,TTSPL5016,5299,RATE_OK
Wellbeing/NUTRITIONALAB PRIVATE LIMITED,22,NUTRITIONALAB PRIVATE LIMITED,name,LOT,PG02SKCK,TTSPL5175,Lenovo Thinkpad E14 (Gen 2),1999,1999,ttspl,1535,PG02SKCK,TTSPL5175,1999,RATE_OK
Wellbeing/NUTRITIONALAB PRIVATE LIMITED,22,NUTRITIONALAB PRIVATE LIMITED,name,LOT,PG04FE4R,TTSPL5013,Lenovo V14 (Gen 3),2499,2499,ttspl,1533,PG04FE4R,TTSPL5013,2499,RATE_OK
Wellbeing/NUTRITIONALAB PRIVATE LIMITED,22,NUTRITIONALAB PRIVATE LIMITED,name,LOT,JTS50J3,TTSPL4744,Dell Latitude 5420,2499,2499,ttspl,1537,JTS50J3,TTSPL4744,2499,RATE_OK
Wellbeing/NUTRITIONALAB PRIVATE LIMITED,22,NUTRITIONALAB PRIVATE LIMITED,name,LOT,PG04GTJ1,TTSPL5101,Lenovo V14 (Gen 3),2499,2499,ttspl,1539,PG04GTJ1,TTSPL5101,2499,RATE_OK
Wellbeing/NUTRITIONALAB PRIVATE LIMITED,22,NUTRITIONALAB PRIVATE LIMITED,name,LOT,H2XC2F3,TTSPL4674,Dell Latitude 5420 (Touch Screen),2999,2999,ttspl,1542,H2XC2F3,TTSPL4674,2999,RATE_OK
Wellbeing/NUTRITIONALAB PRIVATE LIMITED,22,NUTRITIONALAB PRIVATE LIMITED,name,LOT,J54H2F3,TTSPL4557,Dell Latitude 5420,1999,1999,ttspl,1544,J54H2F3,TTSPL4557,1999,RATE_OK
Wellbeing/NUTRITIONALAB PRIVATE LIMITED,22,NUTRITIONALAB PRIVATE LIMITED,name,LOT,6XZBRG3,TTSPL5768,Dell Latitude 3420,1999,1999,ttspl,2515,6XZBRG3,TTSPL5768,1999,RATE_OK
Wellbeing/NUTRITIONALAB PRIVATE LIMITED,22,NUTRITIONALAB PRIVATE LIMITED,name,LOT,5CD1315YTV,TTSPL5327,HP Probook 440 G8,1999,1999,ttspl,2825,5CD1315YTV,TTSPL5327,1999,RATE_OK
Wellbeing/NUTRITIONALAB PRIVATE LIMITED,22,NUTRITIONALAB PRIVATE LIMITED,name,LOT,PF3BLMBL,TTSPL5611,Lenovo Thinkpad E14,1999,1999,ttspl,1546,PF3BLMBL,TTSPL5611,1999,RATE_OK
Wellbeing/NUTRITIONALAB PRIVATE LIMITED,22,NUTRITIONALAB PRIVATE LIMITED,name,LOT,HDYTXTNX92,TTSPL5853,APPLE MACBOOK PRO,8999,8999,ttspl,2199,HDYTXTNX92,TTSPL5853,8999,RATE_OK
Wellbeing/NUTRITIONALAB PRIVATE LIMITED,22,NUTRITIONALAB PRIVATE LIMITED,name,LOT,PG02S239,TTSPL5628,Lenovo Thinkpad E14,1999,1999,ttspl,1548,PG02S239,TTSPL5628,1999,RATE_OK
Wellbeing/NUTRITIONALAB PRIVATE LIMITED,22,NUTRITIONALAB PRIVATE LIMITED,name,LOT,PF3C6PTM,TTSPL5630,Lenovo Thinkpad E14,1999,1999,ttspl,1549,PF3C6PTM,TTSPL5630,1999,RATE_OK
Wellbeing/NUTRITIONALAB PRIVATE LIMITED,22,NUTRITIONALAB PRIVATE LIMITED,name,LOT,H9PXVM3,TTSPL6251,Dell Latitude 5420,2999,2999,ttspl,2517,H9PXVM3,TTSPL6251,2999,RATE_OK
Wellbeing/NUTRITIONALAB PRIVATE LIMITED,22,NUTRITIONALAB PRIVATE LIMITED,name,LOT,DIPXVM3,TTSPL6295,Dell Latitude 5420,2999,2999,ttspl,2518,DIPXVM3,TTSPL6295,2999,RATE_OK
Wellbeing/NUTRITIONALAB PRIVATE LIMITED,22,NUTRITIONALAB PRIVATE LIMITED,name,LOT,FZ7C2J3,TTSPL6305,Dell Latitude 5420,2999,2999,ttspl,2520,FZ7C2J3,TTSPL6305,2999,RATE_OK
Wellbeing/NUTRITIONALAB PRIVATE LIMITED,22,NUTRITIONALAB PRIVATE LIMITED,name,LOT,J58C2J3,TTSPL6308,Dell Latitude 5420,2999,2999,ttspl,2521,J58C2J3,TTSPL6308,2999,RATE_OK
Wellbeing/NUTRITIONALAB PRIVATE LIMITED,22,NUTRITIONALAB PRIVATE LIMITED,name,LOT,FXNXVM3,TTSPL5797,Dell Latitude 5420,2999,2999,ttspl,2522,FXNXVM3,TTSPL5797,2999,RATE_OK
Wellbeing/NUTRITIONALAB PRIVATE LIMITED,22,NUTRITIONALAB PRIVATE LIMITED,name,LOT,PF5T3Q7R,TTSPL6558,Lenovo Thinkpad X1 Carbon,8499,8499,ttspl,1550,PF5T3Q7R,TTSPL6558,8499,RATE_OK
Wellbeing/NUTRITIONALAB PRIVATE LIMITED,22,NUTRITIONALAB PRIVATE LIMITED,name,LOT,4LT84D3,TTSPL6806,Dell Latitude 5420,2999,2999,ttspl,1553,4LT84D3,TTSPL6806,2999,RATE_OK
Wellbeing/NUTRITIONALAB PRIVATE LIMITED,22,NUTRITIONALAB PRIVATE LIMITED,name,LOT,PG02JQ8Z,TTSPL6415,Lenovo Thinkpad E-14 Gen 2,1999,1999,ttspl,2869,PG02JQ8Z,TTSPL6415,1999,RATE_OK
Wellbeing/NUTRITIONALAB PRIVATE LIMITED,22,NUTRITIONALAB PRIVATE LIMITED,name,LOT,JZHS3T3,TTSPL6930,Dell Latitude 7330 (Touch),3500,3500,ttspl,1556,JZHS3T3,TTSPL6930,3500,RATE_OK
Wellbeing/NUTRITIONALAB PRIVATE LIMITED,22,NUTRITIONALAB PRIVATE LIMITED,name,LOT,6RZ3JL3,TTSPL5704,Dell Latitude 3420,1999,1999,ttspl,2570,6RZ3JL3,TTSPL5704,1999,RATE_OK
Wellbeing/NUTRITIONALAB PRIVATE LIMITED,22,NUTRITIONALAB PRIVATE LIMITED,name,LOT,K6GW6PH3QQ,TTSPL6981,Apple Macbook Pro,10999,10999,ttspl,3588,K6GW6PH3QQ,TTSPL6981,10999,RATE_OK
Wellbeing/NUTRITIONALAB PRIVATE LIMITED,22,NUTRITIONALAB PRIVATE LIMITED,name,LOT,GV6FH7XQT2,TTSPL6979,Apple Macbook Pro,10999,10999,ttspl,3586,GV6FH7XQT2,TTSPL6979,10999,RATE_OK
Wellbeing/NUTRITIONALAB PRIVATE LIMITED,22,NUTRITIONALAB PRIVATE LIMITED,name,LOT,G1P04M3,TTSPL4625,Dell Latitude 5420 (Touch Screen),2999,2999,ttspl,1438,G1P04M3,TTSPL4625,2999,RATE_OK
Wellbeing/NUTRITIONALAB PRIVATE LIMITED,22,NUTRITIONALAB PRIVATE LIMITED,name,LOT,5CG2139NT6,TTSPL6869,HP Elitebook 840 G8,2999,2999,ttspl,248,5CG2139NT6,TTSPL6869,2999,RATE_OK
Wellbeing/NUTRITIONALAB PRIVATE LIMITED,22,NUTRITIONALAB PRIVATE LIMITED,name,LOT,5CG2225S44,TTSPL6849,HP Elitebook 840 G8,2999,2999,ttspl,246,5CG2225S44,TTSPL6849,2999,RATE_OK
Wellbeing/NUTRITIONALAB PRIVATE LIMITED,22,NUTRITIONALAB PRIVATE LIMITED,name,LOT,HM943P59RC,TTSPL7017,Apple Macbook Pro,10999,10999,ttspl,3624,HM943P59RC,TTSPL7017,10999,RATE_OK
Wellbeing/NUTRITIONALAB PRIVATE LIMITED,22,NUTRITIONALAB PRIVATE LIMITED,name,LOT,C1F7S93,TTSPL4282,Dell Latitude 5320,2999,2999,ttspl,3023,C1F7S93,TTSPL4282,2999,RATE_OK
Wellbeing/NUTRITIONALAB PRIVATE LIMITED,22,NUTRITIONALAB PRIVATE LIMITED,name,LOT,CSJ60J3,TTSPL4837,Dell Latitude 5420,2999,2999,ttspl,3022,CSJ60J3,TTSPL4837,2999,RATE_OK
Wellbeing/NUTRITIONALAB PRIVATE LIMITED,22,NUTRITIONALAB PRIVATE LIMITED,name,LOT,LT4HMHNH2F,TTSPL4890,Apple Macbook Pro,8999,8999,ttspl,1560,LT4HMHNH2F,TTSPL4890,8999,RATE_OK
Wellbeing/NUTRITIONALAB PRIVATE LIMITED,22,NUTRITIONALAB PRIVATE LIMITED,name,LOT,KDF0CHX2NF,TTSPL4889,Apple Macbook Pro,8999,8999,ttspl,1559,KDF0CHX2NF,TTSPL4889,8999,RATE_OK
Wellbeing/NUTRITIONALAB PRIVATE LIMITED,22,NUTRITIONALAB PRIVATE LIMITED,name,LOT,G7MC6KGJY6,TTSPL7283,Apple Macbook Pro,11000,11000,ttspl,3942,G7MC6KGJY6,TTSPL7283,11000,RATE_OK
Wellbeing/NUTRITIONALAB PRIVATE LIMITED,22,NUTRITIONALAB PRIVATE LIMITED,name,LOT,71660J3,TTSPL4741,Dell Latitude 5420,2999,2999,ttspl,1394,71660J3,TTSPL4741,2999,RATE_OK
Wellbeing/NUTRITIONALAB PRIVATE LIMITED,22,NUTRITIONALAB PRIVATE LIMITED,name,LOT,434S9K3,TTSPL4514,Dell Latitude 5420 (Touch Screen),2999,2999,ttspl,1352,434S9K3,TTSPL4514,2999,RATE_OK
Wellbeing/NUTRITIONALAB PRIVATE LIMITED,22,NUTRITIONALAB PRIVATE LIMITED,name,LOT,53GN3F3,TTSPL4580,Dell Latitude 5420 (Touch Screen),2999,2999,ttspl,1362,53GN3F3,TTSPL4580,2999,RATE_OK
Wellbeing/NUTRITIONALAB PRIVATE LIMITED,22,NUTRITIONALAB PRIVATE LIMITED,name,LOT,GYVKGVQ3HM,TTSPL5908,APPLE MACBOOK AIR,6500,12580.65,ttspl,80,GYVKGVQ3HM,TTSPL5908,6500,RATE_OK
Wellbeing/NUTRITIONALAB PRIVATE LIMITED,22,NUTRITIONALAB PRIVATE LIMITED,name,LOT,MT9JLQV7H3,TTSPL7513,Apple MacBook Pro,12999,16772.9,ttspl,8294,MT9JLQV7H3,TTSPL7513,12999,RATE_OK
Wellbeing/NUTRITIONALAB PRIVATE LIMITED,22,NUTRITIONALAB PRIVATE LIMITED,name,LOT,6928HK3,TTSPL5791,Dell Latitude 5420,2999,3289.23,ttspl,2485,6928HK3,TTSPL5791,2999,RATE_OK
Wellbeing/NUTRITIONALAB PRIVATE LIMITED,22,NUTRITIONALAB PRIVATE LIMITED,name,LOT,FGW390CXH9,TTSPL6045,Apple MACBOOK AIR,5799,5799,ttspl,2294,FGW390CXH9,TTSPL6045,5799,RATE_OK
Wellbeing/NUTRITIONALAB PRIVATE LIMITED,22,NUTRITIONALAB PRIVATE LIMITED,name,LOT,LDYXNQ0DFP,TTSPL7564,Apple MacBook Pro,14000,14000,ttspl,8731,LDYXNQ0DFP,TTSPL7564,14000,RATE_OK
Bergen Associated Pvt Ltd,121,BERGEN ASSOCIATES PVT LTD.,name,LOT,4MBZ7Y2,TTSPLGR0106,Dell Laptop Latitude E7490,2400,2400,ttspl,594,4MBZ7Y2,TTSPLGR0106,2400,RATE_OK
Bergen Associated Pvt Ltd,121,BERGEN ASSOCIATES PVT LTD.,name,LOT,5CD7020237,TRU748,HP Laptop Probook 430 G3,1440,1440,ttspl,595,5CD7020237,TRU748,1440,RATE_OK
RISK EDUCATORS PRIVATE LIMITED,21,RISK EDUCATORS PRIVATE LIMITED,name,LOT,C329LL3,TTSPL4057,Dell Precision 3571 (with Nvidia T600 4 GB graphic),5299,5299,ttspl,643,C329LL3,TTSPL4057,5299,RATE_OK
G N APNA UDYOG LLP (AU Logistics)/RATHAM TECHNOLOGIES LLP,122,RATHAM TECHNOLOGIES LLP,name,LOT,D2V5PQ2,TTSPL2852,Dell Laptop Latitude 7490,2199,2199,ttspl,651,D2V5PQ2,TTSPL2852,2199,RATE_OK
G N APNA UDYOG LLP (AU Logistics)/RATHAM TECHNOLOGIES LLP,122,RATHAM TECHNOLOGIES LLP,name,LOT,68S8SF2,TTSPL2864,Dell Laptop Latitude E7470,1099,1099,ttspl,652,68S8SF2,TTSPL2864,1099,RATE_OK
G N APNA UDYOG LLP (AU Logistics)/RATHAM TECHNOLOGIES LLP,122,RATHAM TECHNOLOGIES LLP,name,LOT,95NV2G2,TTSPL3021,Dell Laptop Latitude E7470,1099,1099,ttspl,653,95NV2G2,TTSPL3021,1099,RATE_OK
G N APNA UDYOG LLP (AU Logistics)/RATHAM TECHNOLOGIES LLP,122,RATHAM TECHNOLOGIES LLP,name,LOT,PF1XA922,TTSPL3113,Lenovo Thinkpad T-490,2199,2199,ttspl,654,PF1XA922,TTSPL3113,2199,RATE_OK
G N APNA UDYOG LLP (AU Logistics)/RATHAM TECHNOLOGIES LLP,122,RATHAM TECHNOLOGIES LLP,name,LOT,PF225C13,TTSPL3115,Lenovo Thinkpad T-490,2199,2199,ttspl,655,PF225C13,TTSPL3115,2199,RATE_OK
G N APNA UDYOG LLP (AU Logistics)/RATHAM TECHNOLOGIES LLP,122,RATHAM TECHNOLOGIES LLP,name,LOT,CDKN1Z2,TTSPL3337,Dell Latitude 7400,2399,2399,ttspl,656,CDKN1Z2,TTSPL3337,2399,RATE_OK
G N APNA UDYOG LLP (AU Logistics)/RATHAM TECHNOLOGIES LLP,122,RATHAM TECHNOLOGIES LLP,name,LOT,5CG2221RSG,TTSPL3347,HP 240 G8,2399,2399,ttspl,2117,5CG2221RSG,TTSPL3347,2399,RATE_OK
G N APNA UDYOG LLP (AU Logistics)/RATHAM TECHNOLOGIES LLP,122,RATHAM TECHNOLOGIES LLP,name,LOT,4GF4763,TTSPL4041,Dell Latitude 3410,1800,1800,ttspl,2118,4GF4763,TTSPL4041,1800,RATE_OK
G N APNA UDYOG LLP (AU Logistics)/RATHAM TECHNOLOGIES LLP,122,RATHAM TECHNOLOGIES LLP,name,LOT,F4R1F63,TTSPL3433,Dell Latitude 5310 (TOUCH SCREEN),1800,1800,ttspl,657,F4R1F63,TTSPL3433,1800,RATE_OK
G N APNA UDYOG LLP (AU Logistics)/RATHAM TECHNOLOGIES LLP,122,RATHAM TECHNOLOGIES LLP,name,LOT,54T5Z93,TTSPL4055,Dell Latitude 3410,1800,1800,ttspl,2120,54T5Z93,TTSPL4055,1800,RATE_OK
G N APNA UDYOG LLP (AU Logistics)/RATHAM TECHNOLOGIES LLP,122,RATHAM TECHNOLOGIES LLP,name,LOT,C9Z3L13,TTSPL4053,Dell Latitude 5400,1800,1800,ttspl,658,C9Z3L13,TTSPL4053,1800,RATE_OK
G N APNA UDYOG LLP (AU Logistics)/RATHAM TECHNOLOGIES LLP,122,RATHAM TECHNOLOGIES LLP,name,LOT,9WN6L13,TTSPL4056,Dell Latitude 5400,1800,1800,ttspl,660,9WN6L13,TTSPL4056,1800,RATE_OK
G N APNA UDYOG LLP (AU Logistics)/RATHAM TECHNOLOGIES LLP,122,RATHAM TECHNOLOGIES LLP,name,LOT,HTP5XZ2,TTSPL4089,Dell Latitude 5310,1800,1800,ttspl,661,HTP5XZ2,TTSPL4089,1800,RATE_OK
G N APNA UDYOG LLP (AU Logistics)/RATHAM TECHNOLOGIES LLP,122,RATHAM TECHNOLOGIES LLP,name,LOT,1XSN163,TTSPL4156,Dell Latitude 5410,1800,1800,ttspl,2121,1XSN163,TTSPL4156,1800,RATE_OK
G N APNA UDYOG LLP (AU Logistics)/RATHAM TECHNOLOGIES LLP,122,RATHAM TECHNOLOGIES LLP,name,LOT,DYT1F63,TTSPL3420,Dell Latitude 5310,1800,1800,ttspl,662,DYT1F63,TTSPL3420,1800,RATE_OK
G N APNA UDYOG LLP (AU Logistics)/RATHAM TECHNOLOGIES LLP,122,RATHAM TECHNOLOGIES LLP,name,LOT,356SQ73,TTSPL4241,Dell Latitude 5410,1800,1800,ttspl,663,356SQ73,TTSPL4241,1800,RATE_OK
G N APNA UDYOG LLP (AU Logistics)/RATHAM TECHNOLOGIES LLP,122,RATHAM TECHNOLOGIES LLP,name,LOT,GF58PQ2,TTSPL2026,Dell Latitude 7390,1800,1800,ttspl,2264,GF58PQ2,TTSPL2026,1800,RATE_OK
G N APNA UDYOG LLP (AU Logistics)/RATHAM TECHNOLOGIES LLP,122,RATHAM TECHNOLOGIES LLP,name,LOT,F0ZK163,TTSPL3856,Dell Latitude 5410,1800,1800,ttspl,664,F0ZK163,TTSPL3856,1800,RATE_OK
G N APNA UDYOG LLP (AU Logistics)/RATHAM TECHNOLOGIES LLP,122,RATHAM TECHNOLOGIES LLP,name,LOT,CVD7S93,TTSPL4311,Dell Latitude 5320,3199,3199,ttspl,665,CVD7S93,TTSPL4311,3199,RATE_OK
G N APNA UDYOG LLP (AU Logistics)/RATHAM TECHNOLOGIES LLP,122,RATHAM TECHNOLOGIES LLP,name,LOT,DWD4TG3,TTSPL4309,Dell Latitude 5320,3199,3199,ttspl,667,DWD4TG3,TTSPL4309,3199,RATE_OK
G N APNA UDYOG LLP (AU Logistics)/RATHAM TECHNOLOGIES LLP,122,RATHAM TECHNOLOGIES LLP,name,LOT,PC27MNRG,TTSPL4356,Lenovo Thinkpad X-13,1800,1800,ttspl,669,PC27MNRG,TTSPL4356,1800,RATE_OK
G N APNA UDYOG LLP (AU Logistics)/RATHAM TECHNOLOGIES LLP,122,RATHAM TECHNOLOGIES LLP,name,LOT,PC28VSSB,TTSPL4357,Lenovo Thinkpad X-13,1800,1800,ttspl,670,PC28VSSB,TTSPL4357,1800,RATE_OK
G N APNA UDYOG LLP (AU Logistics)/RATHAM TECHNOLOGIES LLP,122,RATHAM TECHNOLOGIES LLP,name,LOT,PF2AK73L,TTSPL4435,Lenovo Thinkpad L14,1800,1800,ttspl,671,PF2AK73L,TTSPL4435,1800,RATE_OK
G N APNA UDYOG LLP (AU Logistics)/RATHAM TECHNOLOGIES LLP,122,RATHAM TECHNOLOGIES LLP,name,LOT,PF2C8WBA,TTSPL4433,Lenovo Thinkpad L14,1800,1800,ttspl,674,PF2C8WBA,TTSPL4433,1800,RATE_OK
G N APNA UDYOG LLP (AU Logistics)/RATHAM TECHNOLOGIES LLP,122,RATHAM TECHNOLOGIES LLP,name,LOT,PF2R8225,TTSPL4690,Lenovo Thinkpad T14,1800,1800,ttspl,675,PF2R8225,TTSPL4690,1800,RATE_OK
G N APNA UDYOG LLP (AU Logistics)/RATHAM TECHNOLOGIES LLP,122,RATHAM TECHNOLOGIES LLP,name,LOT,9JHMFB3,TTSPL4542,Dell Latitude 5420,1800,1800,ttspl,680,9JHMFB3,TTSPL4542,1800,RATE_OK
G N APNA UDYOG LLP (AU Logistics)/RATHAM TECHNOLOGIES LLP,122,RATHAM TECHNOLOGIES LLP,name,LOT,JM8P563,TTSPL4085,Dell Latitude 5310,1800,1800,ttspl,684,JM8P563,TTSPL4085,1800,RATE_OK
G N APNA UDYOG LLP (AU Logistics)/RATHAM TECHNOLOGIES LLP,122,RATHAM TECHNOLOGIES LLP,name,LOT,3WR1F63,TTSPL3450,Dell Latitude 5310 (TOUCH SCREEN),1800,1800,ttspl,686,3WR1F63,TTSPL3450,1800,RATE_OK
G N APNA UDYOG LLP (AU Logistics)/RATHAM TECHNOLOGIES LLP,122,RATHAM TECHNOLOGIES LLP,name,LOT,FXSVFB3,TTSPL4485,Dell Latitude 5410 (Touch),1800,1800,ttspl,687,FXSVFB3,TTSPL4485,1800,RATE_OK
G N APNA UDYOG LLP (AU Logistics)/RATHAM TECHNOLOGIES LLP,122,RATHAM TECHNOLOGIES LLP,name,LOT,PF2PR1C4,TTSPL5145,Lenovo Thinkpad T14,1800,1800,ttspl,3130,PF2PR1C4,TTSPL5145,1800,RATE_OK
G N APNA UDYOG LLP (AU Logistics)/RATHAM TECHNOLOGIES LLP,122,RATHAM TECHNOLOGIES LLP,name,LOT,B641QG3,TTSPL5819,Dell Latitude 3420,2399,2399,ttspl,2392,B641QG3,TTSPL5819,2399,RATE_OK
G N APNA UDYOG LLP (AU Logistics)/RATHAM TECHNOLOGIES LLP,122,RATHAM TECHNOLOGIES LLP,name,LOT,FHS4JG3,TTSPL5322,Dell Latitude 3420,2399,2399,ttspl,691,FHS4JG3,TTSPL5322,2399,RATE_OK
G N APNA UDYOG LLP (AU Logistics)/RATHAM TECHNOLOGIES LLP,122,RATHAM TECHNOLOGIES LLP,name,LOT,BW6FYY2,TTSPL3846,Dell Latitude 7400,2499,2499,ttspl,692,BW6FYY2,TTSPL3846,2499,RATE_OK
G N APNA UDYOG LLP (AU Logistics)/RATHAM TECHNOLOGIES LLP,122,RATHAM TECHNOLOGIES LLP,name,LOT,8SPD5B3,TTSPL5688,Dell Latitude 3410,1800,1800,ttspl,2394,8SPD5B3,TTSPL5688,1800,RATE_OK
G N APNA UDYOG LLP (AU Logistics)/RATHAM TECHNOLOGIES LLP,122,RATHAM TECHNOLOGIES LLP,name,LOT,8FFRHG3,TTSPL5319,Dell Latitude 3420,1800,1800,ttspl,2395,8FFRHG3,TTSPL5319,1800,RATE_OK
G N APNA UDYOG LLP (AU Logistics)/RATHAM TECHNOLOGIES LLP,122,RATHAM TECHNOLOGIES LLP,name,LOT,1743C63,TTSPL6208,Dell Latitude 3410,1800,1800,ttspl,2397,1743C63,TTSPL6208,1800,RATE_OK
G N APNA UDYOG LLP (AU Logistics)/RATHAM TECHNOLOGIES LLP,122,RATHAM TECHNOLOGIES LLP,name,LOT,JBRD2B3,TTSPL6267,Dell Latitude 3420,1800,1800,ttspl,2398,JBRD2B3,TTSPL6267,1800,RATE_OK
G N APNA UDYOG LLP (AU Logistics)/RATHAM TECHNOLOGIES LLP,122,RATHAM TECHNOLOGIES LLP,name,LOT,GBQ1T93,TTSPL6552,Dell Latitude 3410,1800,1800,ttspl,2400,GBQ1T93,TTSPL6552,1800,RATE_OK
G N APNA UDYOG LLP (AU Logistics)/RATHAM TECHNOLOGIES LLP,122,RATHAM TECHNOLOGIES LLP,name,LOT,3CK60J3,TTSPL4740,Dell Latitude 5420,3199,3199,ttspl,693,3CK60J3,TTSPL4740,3199,RATE_OK
G N APNA UDYOG LLP (AU Logistics)/RATHAM TECHNOLOGIES LLP,122,RATHAM TECHNOLOGIES LLP,name,LOT,BQ83C63,TTSPL6206,Dell Latitude 3410,1800,1800,ttspl,2401,BQ83C63,TTSPL6206,1800,RATE_OK
G N APNA UDYOG LLP (AU Logistics)/RATHAM TECHNOLOGIES LLP,122,RATHAM TECHNOLOGIES LLP,name,LOT,GB63C63,TTSPL6724,Dell Latitude 3410,1800,1800,ttspl,2402,GB63C63,TTSPL6724,1800,RATE_OK
G N APNA UDYOG LLP (AU Logistics)/RATHAM TECHNOLOGIES LLP,122,RATHAM TECHNOLOGIES LLP,name,LOT,JH6BC63,TTSPL6487,Dell Latitude 3410,1800,1800,ttspl,3535,JH6BC63,TTSPL6487,1800,RATE_OK
G N APNA UDYOG LLP (AU Logistics)/RATHAM TECHNOLOGIES LLP,122,RATHAM TECHNOLOGIES LLP,name,LOT,8N33C63,TTSPL6464,Dell Latitude 3410,1800,1800,ttspl,3525,8N33C63,TTSPL6464,1800,RATE_OK
G N APNA UDYOG LLP (AU Logistics)/RATHAM TECHNOLOGIES LLP,122,RATHAM TECHNOLOGIES LLP,name,LOT,1VPD5B3,TTSPL6544,Dell Latitude 3410,1800,1800,ttspl,3429,1VPD5B3,TTSPL6544,1800,RATE_OK
G N APNA UDYOG LLP (AU Logistics)/RATHAM TECHNOLOGIES LLP,122,RATHAM TECHNOLOGIES LLP,name,LOT,5CG3128D98,TTSPL6987,HP Elitebook 840 G8,3199,3199,ttspl,3594,5CG3128D98,TTSPL6987,3199,RATE_OK
G N APNA UDYOG LLP (AU Logistics)/RATHAM TECHNOLOGIES LLP,122,RATHAM TECHNOLOGIES LLP,name,LOT,D7QS103,TTSPL6228,Dell Latitude 3410,1800,1800,ttspl,3428,D7QS103,TTSPL6228,1800,RATE_OK
G N APNA UDYOG LLP (AU Logistics)/RATHAM TECHNOLOGIES LLP,122,RATHAM TECHNOLOGIES LLP,name,LOT,9SN7M63,TTSPL3009,Dell Latitude 5410,1800,1800,ttspl,731,9SN7M63,TTSPL3009,1800,RATE_OK
G N APNA UDYOG LLP (AU Logistics)/RATHAM TECHNOLOGIES LLP,122,RATHAM TECHNOLOGIES LLP,name,LOT,PF254WZ0,TTSPL6908,Lenovo Thinkpad T14,1800,1800,ttspl,3253,PF254WZ0,TTSPL6908,1800,RATE_OK
G N APNA UDYOG LLP (AU Logistics)/RATHAM TECHNOLOGIES LLP,122,RATHAM TECHNOLOGIES LLP,name,LOT,GQYQ793,TTSPL3777,Dell Latitude 5410,1800,1800,ttspl,3171,GQYQ793,TTSPL3777,1800,RATE_OK
G N APNA UDYOG LLP (AU Logistics)/RATHAM TECHNOLOGIES LLP,122,RATHAM TECHNOLOGIES LLP,name,LOT,5MK5QG3,TTSPL6627,Dell Latitude 3420,1800,1800,ttspl,3445,5MK5QG3,TTSPL6627,1800,RATE_OK
G N APNA UDYOG LLP (AU Logistics)/RATHAM TECHNOLOGIES LLP,122,RATHAM TECHNOLOGIES LLP,name,LOT,7GTM763,TTSPL6723,Dell Latitude 3410,1800,1800,ttspl,3489,7GTM763,TTSPL6723,1800,RATE_OK
G N APNA UDYOG LLP (AU Logistics)/RATHAM TECHNOLOGIES LLP,122,RATHAM TECHNOLOGIES LLP,name,LOT,8H3BW93,TTSPL6481,Dell Latitude 3410,1800,1800,ttspl,3462,8H3BW93,TTSPL6481,1800,RATE_OK
G N APNA UDYOG LLP (AU Logistics)/RATHAM TECHNOLOGIES LLP,122,RATHAM TECHNOLOGIES LLP,name,LOT,JWX60J3,TTSPL4842,Dell Latitude 5420,3199,3199,ttspl,1405,JWX60J3,TTSPL4842,3199,RATE_OK
G N APNA UDYOG LLP (AU Logistics)/RATHAM TECHNOLOGIES LLP,122,RATHAM TECHNOLOGIES LLP,name,LOT,PF40J5FK,TTSPL3089,Lenovo Ideapad 3,3199,3199,ttspl,2076,PF40J5FK,TTSPL3089,3199,RATE_OK
G N APNA UDYOG LLP (AU Logistics)/RATHAM TECHNOLOGIES LLP,122,RATHAM TECHNOLOGIES LLP,name,LOT,R913GZCQ,TTSPL7242,Lenovo Thinkpad L13,1800,1800,ttspl,3901,R913GZCQ,TTSPL7242,1800,RATE_OK
G N APNA UDYOG LLP (AU Logistics)/RATHAM TECHNOLOGIES LLP,122,RATHAM TECHNOLOGIES LLP,name,LOT,3X89ZD3,TTSPL6801,Dell Latitude 5420,3199,3199,ttspl,1496,3X89ZD3,TTSPL6801,3199,RATE_OK
G N APNA UDYOG LLP (AU Logistics)/RATHAM TECHNOLOGIES LLP,122,RATHAM TECHNOLOGIES LLP,name,LOT,5CG3050K9Y,TTSPL6933,HP Elitebook 840 G8,3199,3199,ttspl,262,5CG3050K9Y,TTSPL6933,3199,RATE_OK
G N APNA UDYOG LLP (AU Logistics)/RATHAM TECHNOLOGIES LLP,122,RATHAM TECHNOLOGIES LLP,name,LOT,DYTXZH3,TTSPL4809,Dell Latitude 5420,3199,6078.1,ttspl,299,DYTXZH3,TTSPL4809,3199,RATE_OK
G N APNA UDYOG LLP (AU Logistics)/RATHAM TECHNOLOGIES LLP,122,RATHAM TECHNOLOGIES LLP,name,LOT,CND12350P1,TTSPL3995,HP Elitebook 1040 G8,3199,5262.87,ttspl,3065,CND12350P1,TTSPL3995,3199,RATE_OK
WSB Projects Pvt. Ltd,70,WSB PROJECTS PRIVATE LIMITED,name,LOT,PF32JC3T,TTSPL4716,Lenovo Thinkpad T14,1500,1500,ttspl,1652,PF32JC3T,TTSPL4716,1500,RATE_OK
WSB Projects Pvt. Ltd,70,WSB PROJECTS PRIVATE LIMITED,name,LOT,F7ZYJG3,TTSPL5706,Dell Latitude 3420,1500,1500,ttspl,2539,F7ZYJG3,TTSPL5706,1500,RATE_OK
WSB Projects Pvt. Ltd,70,WSB PROJECTS PRIVATE LIMITED,name,LOT,PF3CF0KQ,TTSPL5633,Lenovo Thinkpad E14,1500,1500,ttspl,3221,PF3CF0KQ,TTSPL5633,1500,RATE_OK
WSB Projects Pvt. Ltd,70,WSB PROJECTS PRIVATE LIMITED,name,LOT,PF2CAZ9N,TTSPL4447,Lenovo Thinkpad L14,1500,1500,ttspl,3186,PF2CAZ9N,TTSPL4447,1500,RATE_OK
WSB Projects Pvt. Ltd,70,WSB PROJECTS PRIVATE LIMITED,name,LOT,BZS1F63,TTSPL3444,Dell Latitude 5310 (TOUCH SCREEN),1500,1500,ttspl,964,BZS1F63,TTSPL3444,1500,RATE_OK
WSB Projects Pvt. Ltd,70,WSB PROJECTS PRIVATE LIMITED,name,LOT,33CJZQ2,TTSPL3927,Dell Latitude 7490,1500,1500,ttspl,2184,33CJZQ2,TTSPL3927,1500,RATE_OK
WSB Projects Pvt. Ltd,70,WSB PROJECTS PRIVATE LIMITED,name,LOT,PG02JQ8Y,TTSPL6405,Lenovo Thinkpad E-14 Gen 2,1500,1500,ttspl,2860,PG02JQ8Y,TTSPL6405,1500,RATE_OK
WSB Projects Pvt. Ltd,70,WSB PROJECTS PRIVATE LIMITED,name,LOT,92J0503,TTSPL6231,Dell Latitude 3410,1500,2612.9,ttspl,3521,92J0503,TTSPL6231,1500,RATE_OK
RESEARCH NESTER PRIVATE LIMITED,20,Research Nester Private Limited,name,LOT,CNFF1X2,TTSPL3463,Dell Latitude E5490,1099,1099,ttspl,973,CNFF1X2,TTSPL3463,1099,RATE_OK
RESEARCH NESTER PRIVATE LIMITED,20,Research Nester Private Limited,name,LOT,G40Z7S2,TTSPL2909,Dell Latitude 7480,899,899,ttspl,975,G40Z7S2,TTSPL2909,899,RATE_OK
RESEARCH NESTER PRIVATE LIMITED,20,Research Nester Private Limited,name,LOT,HHX5SF2,TTSPL3028,Dell Latitude E7470,899,899,ttspl,977,HHX5SF2,TTSPL3028,899,RATE_OK
RESEARCH NESTER PRIVATE LIMITED,20,Research Nester Private Limited,name,LOT,8H7RDC2,TTSPL3027,Dell Latitude E7470,899,899,ttspl,979,8H7RDC2,TTSPL3027,899,RATE_OK
RESEARCH NESTER PRIVATE LIMITED,20,Research Nester Private Limited,name,LOT,7MTWF02,1449/ TTSPL2121,Dell desktop OptiPlex 3020,599,599,ttspl,981,7MTWF02,TTSPL2121,599,RATE_OK
RESEARCH NESTER PRIVATE LIMITED,20,Research Nester Private Limited,name,LOT,PF225E2C,TTSPL3147,Lenovo Thinkpad T490 (Touchscreen),1099,1099,UNMATCHED,,,,,NOT_IN_CRM_ACTIVE
RESEARCH NESTER PRIVATE LIMITED,20,Research Nester Private Limited,name,LOT,G595WD2,TTSPL2956,Dell Latitude E7470,899,899,ttspl,984,G595WD2,TTSPL2956,899,RATE_OK
RESEARCH NESTER PRIVATE LIMITED,20,Research Nester Private Limited,name,LOT,2B5CQH2,1529/TTSPL1036,Dell Latitude E7480,899,899,ttspl,985,2B5CQH2,TTSPL1036,899,RATE_OK
RESEARCH NESTER PRIVATE LIMITED,20,Research Nester Private Limited,name,LOT,5CG7125CFP,TTSPLGR0147,HP Elitebook 820 G3,899,899,ttspl,986,5CG7125CFP,TTSPLGR0147,899,RATE_OK
RESEARCH NESTER PRIVATE LIMITED,20,Research Nester Private Limited,name,LOT,5CG43709VG,TTSPL1012,HP Elitebook 840 G1,899,899,ttspl,988,5CG43709VG,TTSPL1012,899,RATE_OK
RESEARCH NESTER PRIVATE LIMITED,20,Research Nester Private Limited,name,LOT,1LD4NF2,TTSPL2625,Dell Latitude 7490 (Touch Screen),1099,1099,ttspl,989,1LD4NF2,TTSPL2625,1099,RATE_OK
RESEARCH NESTER PRIVATE LIMITED,20,Research Nester Private Limited,name,LOT,5CG7021WWB,TRU1043/TTSPL1826,HP Elitebook 820 G3,899,899,ttspl,990,5CG7021WWB,TTSPL1826,899,RATE_OK
RESEARCH NESTER PRIVATE LIMITED,20,Research Nester Private Limited,name,LOT,DK2Z4Q2,TTSPL2937,Dell Latitude 7490,1099,1099,ttspl,993,DK2Z4Q2,TTSPL2937,1099,RATE_OK
RESEARCH NESTER PRIVATE LIMITED,20,Research Nester Private Limited,name,LOT,2TK85104WK,TTSPL3620,HP Probook 640 G4,1199,1199,ttspl,995,2TK85104WK,TTSPL3620,1199,RATE_OK
RESEARCH NESTER PRIVATE LIMITED,20,Research Nester Private Limited,name,LOT,PC0GAJBR,TTSPL2731,Lenovo Thinkpad T460,899,899,ttspl,996,PC0GAJBR,TTSPL2731,899,RATE_OK
RESEARCH NESTER PRIVATE LIMITED,20,Research Nester Private Limited,name,LOT,5CG8528NWG,TTSPL3686,HP Elitebook 840 G5,1099,1099,ttspl,997,5CG8528NWG,TTSPL3686,1099,RATE_OK
RESEARCH NESTER PRIVATE LIMITED,20,Research Nester Private Limited,name,LOT,R82MWCX,TRU1067/TTSPL2570,"Lenovo ThinkCenter M90p
",599,599,ttspl,999,R82MWCX,TTSPL2570,599,RATE_OK
RESEARCH NESTER PRIVATE LIMITED,20,Research Nester Private Limited,name,LOT,CCS9VN2,TTSPL2893,Dell Latitude 7490,1099,1099,ttspl,1000,CCS9VN2,TTSPL2893,1099,RATE_OK
RESEARCH NESTER PRIVATE LIMITED,20,Research Nester Private Limited,name,LOT,L900526,TTSPL2045,Lenovo ThinkCentre M90P,599,599,ttspl,1001,L900526,TTSPL2045,599,RATE_OK
RESEARCH NESTER PRIVATE LIMITED,20,Research Nester Private Limited,name,LOT,5CG72304WW,TTSPL1276,HP Elitebook 840 G3,899,899,ttspl,1002,5CG72304WW,TTSPL1276,899,RATE_OK
RESEARCH NESTER PRIVATE LIMITED,20,Research Nester Private Limited,name,LOT,JH5XQV2,TTSPL3457,Dell Latitude E5490,1099,1099,ttspl,1004,JH5XQV2,TTSPL3457,1099,RATE_OK
RESEARCH NESTER PRIVATE LIMITED,20,Research Nester Private Limited,name,LOT,BP9ZJM2,TTSPL2915,Dell Latitude 7480,899,899,ttspl,2279,BP9ZJM2,TTSPL2915,899,RATE_OK
RESEARCH NESTER PRIVATE LIMITED,20,Research Nester Private Limited,name,LOT,H878CG2,TTSPL1079,Dell Latitude E5470,899,899,ttspl,1008,H878CG2,TTSPL1079,899,RATE_OK
RESEARCH NESTER PRIVATE LIMITED,20,Research Nester Private Limited,name,LOT,PF26Y9YE,TTSPL5212,Lenovo Thinkpad T490,1099,1099,ttspl,1010,PF26Y9YE,TTSPL5212,1099,RATE_OK
RESEARCH NESTER PRIVATE LIMITED,20,Research Nester Private Limited,name,LOT,PC1H12JM,TTSPL4942,Lenovo Thinkpad T490s,1099,1099,ttspl,1011,PC1H12JM,TTSPL4942,1099,RATE_OK
RESEARCH NESTER PRIVATE LIMITED,20,Research Nester Private Limited,name,LOT,CSZ3JL3,TTSPL5705,Dell Latitude 3420,1300,1300,ttspl,2448,CSZ3JL3,TTSPL5705,1300,RATE_OK
RESEARCH NESTER PRIVATE LIMITED,20,Research Nester Private Limited,name,LOT,PC0VNSTY,TTSPL5034,Lenovo Thinkpad T480s,1099,1099,ttspl,1013,PC0VNSTY,TTSPL5034,1099,RATE_OK
RESEARCH NESTER PRIVATE LIMITED,20,Research Nester Private Limited,name,LOT,7J048S2,TTSPL3672,Dell Latitude 7490,1099,1099,ttspl,1014,7J048S2,TTSPL3672,1099,RATE_OK
RESEARCH NESTER PRIVATE LIMITED,20,Research Nester Private Limited,name,LOT,38X25Q2,TTSPL4677,Dell Latitude 7490,1099,1099,ttspl,1017,38X25Q2,TTSPL4677,1099,RATE_OK
RESEARCH NESTER PRIVATE LIMITED,20,Research Nester Private Limited,name,LOT,63V3PC2,TTSPL2950,Dell Latitude E7470,899,899,ttspl,1019,63V3PC2,TTSPL2950,899,RATE_OK
RESEARCH NESTER PRIVATE LIMITED,20,Research Nester Private Limited,name,LOT,CL5YMQ2,TTSPL2025,Dell Latitude 5490,1099,1099,ttspl,2280,CL5YMQ2,TTSPL2025,1099,RATE_OK
RESEARCH NESTER PRIVATE LIMITED,20,Research Nester Private Limited,name,LOT,PF0XTT4G,TTSPLGR0157,Lenovo Thinkpad T470 (Touch Screen),1099,1099,ttspl,1020,PF0XTT4G,TTSPLGR0157,1099,RATE_OK
RESEARCH NESTER PRIVATE LIMITED,20,Research Nester Private Limited,name,LOT,PC1FB9HA,TTSPL4951,Lenovo Thinkpad T490s,1099,1099,ttspl,1021,PC1FB9HA,TTSPL4951,1099,RATE_OK
RESEARCH NESTER PRIVATE LIMITED,20,Research Nester Private Limited,name,LOT,CDDNHR2,TTSPL1971,Dell Latitude 5490,1099,1099,ttspl,2142,CDDNHR2,TTSPL1971,1099,RATE_OK
RESEARCH NESTER PRIVATE LIMITED,20,Research Nester Private Limited,name,LOT,PC164BHG,TTSPL5035,Lenovo Thinkpad T480s,1099,1099,ttspl,1022,PC164BHG,TTSPL5035,1099,RATE_OK
RESEARCH NESTER PRIVATE LIMITED,20,Research Nester Private Limited,name,LOT,5PVDQ13,TTSPL6677,Dell Latitude 5400,1099,1099,ttspl,2449,5PVDQ13,TTSPL6677,1099,RATE_OK
RESEARCH NESTER PRIVATE LIMITED,20,Research Nester Private Limited,name,LOT,8TWDQ13,TTSPL6594,Dell Latitude 5400,899,899,ttspl,2450,8TWDQ13,TTSPL6594,899,RATE_OK
RESEARCH NESTER PRIVATE LIMITED,20,Research Nester Private Limited,name,LOT,2BSZP13,TTSPL6716,Dell Latitude 5400,1099,1099,ttspl,2452,2BSZP13,TTSPL6716,1099,RATE_OK
RESEARCH NESTER PRIVATE LIMITED,20,Research Nester Private Limited,name,LOT,2TK023059J,TTSPL3618,HP Probook 640 G5,1099,1099,ttspl,3276,2TK023059J,TTSPL3618,1099,RATE_OK
RESEARCH NESTER PRIVATE LIMITED,20,Research Nester Private Limited,name,LOT,DM93C63,TTSPL6261,Dell Latitude 3410,1099,1099,ttspl,3377,DM93C63,TTSPL6261,1099,RATE_OK
RESEARCH NESTER PRIVATE LIMITED,20,Research Nester Private Limited,name,LOT,6CR6086GJ0,516/TTSPL1536,HP Elitedesk 800 G2,599,599,ttspl,3007,6CR6086GJ0,TTSPL1536,599,RATE_OK
RESEARCH NESTER PRIVATE LIMITED,20,Research Nester Private Limited,name,LOT,3ZKZ5Q2,TTSPL3658,Dell Latitude 7490,1099,1099,ttspl,1945,3ZKZ5Q2,TTSPL3658,1099,RATE_OK
RESEARCH NESTER PRIVATE LIMITED,20,Research Nester Private Limited,name,LOT,6Q123X2,TTSPL4881,Dell Latitude 7490,1099,1099,ttspl,1007,6Q123X2,TTSPL4881,1099,RATE_OK
RESEARCH NESTER PRIVATE LIMITED,20,Research Nester Private Limited,name,LOT,5CG91054KZ,TTSPL4035,HP Elitebook 840 G5,1199,1199,ttspl,2956,5CG91054KZ,TTSPL4035,1199,RATE_OK
RESEARCH NESTER PRIVATE LIMITED,20,Research Nester Private Limited,name,LOT,JT4SYY2,TTSPL5676,Dell Latitude 5400,1099,1099,ttspl,2405,JT4SYY2,TTSPL5676,1099,RATE_OK
RESEARCH NESTER PRIVATE LIMITED,20,Research Nester Private Limited,name,LOT,PC1GXHZ1,TTSPL4944,Lenovo Thinkpad T490s,1099,1099,ttspl,955,PC1GXHZ1,TTSPL4944,1099,RATE_OK
RESEARCH NESTER PRIVATE LIMITED,20,Research Nester Private Limited,name,LOT,GFTKSQ2,TTSPL3929,Dell Latitude 7490,1099,1099,ttspl,2141,GFTKSQ2,TTSPL3929,1099,RATE_OK
RESEARCH NESTER PRIVATE LIMITED,20,Research Nester Private Limited,name,LOT,2TK85003QZ,TTSPL3615,HP Probook 640 G4,1099,1099,ttspl,3645,2TK85003QZ,TTSPL3615,1099,RATE_OK
RESEARCH NESTER PRIVATE LIMITED,20,Research Nester Private Limited,name,LOT,H7YCQH2,TTSPL1005,Dell Latitude E7480,1099,1099,ttspl,931,H7YCQH2,TTSPL1005,1099,RATE_OK
RESEARCH NESTER PRIVATE LIMITED,20,Research Nester Private Limited,name,LOT,FBVHWZ2,TTSPL5431,Dell Latitude 3400,1299,1299,ttspl,2841,FBVHWZ2,TTSPL5431,1299,RATE_OK
RESEARCH NESTER PRIVATE LIMITED,20,Research Nester Private Limited,name,LOT,8ZSVZW2,TTSPL3050,Dell Latitude 7490,1099,1099,ttspl,1892,8ZSVZW2,TTSPL3050,1099,RATE_OK
RESEARCH NESTER PRIVATE LIMITED,20,Research Nester Private Limited,name,LOT,BMM57Y2,TTSPL4209,Dell Latitude 5400,1100,1100,ttspl,341,BMM57Y2,TTSPL4209,1100,RATE_OK
RESEARCH NESTER PRIVATE LIMITED,20,Research Nester Private Limited,name,LOT,986YN73,TTSPL5673,Dell Latitude 5400,1099,1914.39,ttspl,2463,986YN73,TTSPL5673,1099,RATE_OK
RESEARCH NESTER PRIVATE LIMITED,20,Research Nester Private Limited,name,LOT,5CG027484L,TTSPL7489,HP Probook 640 G5,1250,1532.26,ttspl,8253,5CG027484L,TTSPL7489,1250,RATE_OK
RESEARCH NESTER PRIVATE LIMITED,20,Research Nester Private Limited,name,LOT,PC0GBAWV,TTSPL2691,Lenovo Thinkpad T460,899,870,UNMATCHED,,,,,NOT_IN_CRM_ACTIVE
RESEARCH NESTER PRIVATE LIMITED,20,Research Nester Private Limited,name,LOT,5CG0278DQ0,TTSPL7472,HP Probook 640 G5,1250,1209.68,UNMATCHED,,,,,NOT_IN_CRM_ACTIVE
Shreyas Management Consulting Services,76,Shreyas Management Consulting Services,name,LOT,28B0KR2,TTSPL3653,Dell Latitude 7490,1699,1699,ttspl,1162,28B0KR2,TTSPL3653,1699,RATE_OK
Shreyas Management Consulting Services,76,Shreyas Management Consulting Services,name,LOT,5CG8472MZ0,TTSPL4042,HP Elitebook 840 G5,1699,1699,ttspl,1163,5CG8472MZ0,TTSPL4042,1699,RATE_OK
Shreyas Management Consulting Services,76,Shreyas Management Consulting Services,name,LOT,H5HZNN2,TTSPL2443,Dell Latitude 5490,1699,1699,ttspl,1165,H5HZNN2,TTSPL2443,1699,RATE_OK
Shreyas Management Consulting Services,76,Shreyas Management Consulting Services,name,LOT,5CG9352CK3,TTSPL2359,HP Elitebook 840 G5,1699,1699,ttspl,1166,5CG9352CK3,TTSPL2359,1699,RATE_OK
Shreyas Management Consulting Services,76,Shreyas Management Consulting Services,name,LOT,PC1H12GL,TTSPL5210,Lenovo Thinkpad T490s,1699,1699,ttspl,1169,PC1H12GL,TTSPL5210,1699,RATE_OK
Shreyas Management Consulting Services,76,Shreyas Management Consulting Services,name,LOT,PF1DXA7B,TTSPL5219,Lenovo Thinkpad T490,1699,1699,ttspl,1170,PF1DXA7B,TTSPL5219,1699,RATE_OK
Shreyas Management Consulting Services,76,Shreyas Management Consulting Services,name,LOT,7S1BW93,TTSPL6540,Dell Latitude 3410,1699,1699,ttspl,2461,7S1BW93,TTSPL6540,1699,RATE_OK
Shreyas Management Consulting Services,76,Shreyas Management Consulting Services,name,LOT,PF244BGN,TTSPL6202,Lenovo Thinkpad T14,1899,1899,ttspl,3346,PF244BGN,TTSPL6202,1899,RATE_OK
Shreyas Management Consulting Services,76,Shreyas Management Consulting Services,name,LOT,PF2PSZ7N,TTSPL6196,Lenovo Thinkpad T14,1899,1899,ttspl,3218,PF2PSZ7N,TTSPL6196,1899,RATE_OK
Shreyas Management Consulting Services,76,Shreyas Management Consulting Services,name,LOT,BJ6BC63,TTSPL6336,Dell Latitude 3410,1899,1899,ttspl,3419,BJ6BC63,TTSPL6336,1899,RATE_OK
Shreyas Management Consulting Services,76,Shreyas Management Consulting Services,name,LOT,PF2ANBEL,TTSPL4452,Lenovo Thinkpad L14,1899,1899,ttspl,46,PF2ANBEL,TTSPL4452,1899,RATE_OK
Shreyas Management Consulting Services,76,Shreyas Management Consulting Services,name,LOT,5CG0294MT0,TTSPL3616,HP Probook 640 G5,1699,1699,ttspl,370,5CG0294MT0,TTSPL3616,1699,RATE_OK
REYKLE INDIA PRIVATE LIMITED,65,REYKLE INDIA PRIVATE LIMITED,name,LOT,FVFH8CFFQ05D,TTSPL3174,Apple MacBook Pro M1,5199,5199,ttspl,644,FVFH8CFFQ05D,TTSPL3174,5199,RATE_OK
REYKLE INDIA PRIVATE LIMITED,65,REYKLE INDIA PRIVATE LIMITED,name,LOT,MYK07KC476,TTSPL4372,Apple Macbook Air,4999,4999,ttspl,2116,MYK07KC476,TTSPL4372,4999,RATE_OK
REYKLE INDIA PRIVATE LIMITED,65,REYKLE INDIA PRIVATE LIMITED,name,LOT,MVMJW60PF1,TTSPL4569,Apple Macbook Air,5999,5999,ttspl,645,MVMJW60PF1,TTSPL4569,5999,RATE_OK
REYKLE INDIA PRIVATE LIMITED,65,REYKLE INDIA PRIVATE LIMITED,name,LOT,DDHD6GGWP7,TTSPL5079,Apple Macbook Air,5499,5499,ttspl,646,DDHD6GGWP7,TTSPL5079,5499,RATE_OK
REYKLE INDIA PRIVATE LIMITED,65,REYKLE INDIA PRIVATE LIMITED,name,LOT,716WZH3,TTSPL4806,Dell Latitude 5420,2899,2899,ttspl,647,716WZH3,TTSPL4806,2899,RATE_OK
REYKLE INDIA PRIVATE LIMITED,65,REYKLE INDIA PRIVATE LIMITED,name,LOT,PG04FH2Q,TTSPL5004,Lenovo V14 (Gen 3),2600,2600,ttspl,648,PG04FH2Q,TTSPL5004,2600,RATE_OK
REYKLE INDIA PRIVATE LIMITED,65,REYKLE INDIA PRIVATE LIMITED,name,LOT,8KHB7D3,TTSPL5404,Dell Latitude 5420,1999,1999,ttspl,649,8KHB7D3,TTSPL5404,1999,RATE_OK
REYKLE INDIA PRIVATE LIMITED,65,REYKLE INDIA PRIVATE LIMITED,name,LOT,70CLGJ3,TTSPL2592,Dell Vostro 3500,2999,2999,ttspl,650,70CLGJ3,TTSPL2592,2999,RATE_OK
REYKLE INDIA PRIVATE LIMITED,65,REYKLE INDIA PRIVATE LIMITED,name,LOT,7BQ18C3,TTSPL4665,Dell Latitude 5420 (Touch Screen),3499,3499,ttspl,54,7BQ18C3,TTSPL4665,3499,RATE_OK
REYKLE INDIA PRIVATE LIMITED,65,REYKLE INDIA PRIVATE LIMITED,name,LOT,C02HQ192Q6L4,TTSPL1776,Apple MacBook Air,4000,4000,ttspl,2273,C02HQ192Q6L4,TTSPL1776,4000,RATE_OK
REYKLE INDIA PRIVATE LIMITED,65,REYKLE INDIA PRIVATE LIMITED,name,LOT,5XLK2J3,TTSPL6352,Dell Latitude 5420,2999,2999,ttspl,3626,5XLK2J3,TTSPL6352,2999,RATE_OK
REYKLE INDIA PRIVATE LIMITED,65,REYKLE INDIA PRIVATE LIMITED,name,LOT,FVFHGAQFQ05D,TTSPL2896,Apple Macbook Pro,4500,4500,ttspl,2205,FVFHGAQFQ05D,TTSPL2896,4500,RATE_OK
REYKLE INDIA PRIVATE LIMITED,65,REYKLE INDIA PRIVATE LIMITED,name,LOT,FVFH8D06Q05D,TTSPL2630,Apple Macbook Pro,4500,4500,ttspl,2148,FVFH8D06Q05D,TTSPL2630,4500,RATE_OK
Pas Digital Pvt Ltd,62,Pas Digital Pvt Ltd,name,LOT,5CD6355GC3,TTSPL1743,HP Laptop Probook 430 G3,1490,1490,ttspl,460,5CD6355GC3,TTSPL1743,1490,RATE_OK
Pas Digital Pvt Ltd,62,Pas Digital Pvt Ltd,name,LOT,FVFFN8WUQ05F,TTSPL2895,Apple MacBook Pro M1,5349,5349,ttspl,2104,FVFFN8WUQ05F,TTSPL2895,5349,RATE_OK
Pas Digital Pvt Ltd,62,Pas Digital Pvt Ltd,name,LOT,B57TMQ2,TTSPL3968,Dell Latitude 7490,1699,1699,ttspl,2105,B57TMQ2,TTSPL3968,1699,RATE_OK
Pas Digital Pvt Ltd,62,Pas Digital Pvt Ltd,name,LOT,5NQT0Z2,TTSPL4021,Dell Latitude 7490,1899,1899,ttspl,2106,5NQT0Z2,TTSPL4021,1899,RATE_OK
Pas Digital Pvt Ltd,62,Pas Digital Pvt Ltd,name,LOT,PC1NVVA6,TTSPL3566,Lenovo Thinkpad X-13,1699,1699,ttspl,461,PC1NVVA6,TTSPL3566,1699,RATE_OK
Pas Digital Pvt Ltd,62,Pas Digital Pvt Ltd,name,LOT,PF2283DM,TTSPL3178,Lenovo Thinkpad T490 (Touchscreen),1999,1999,ttspl,462,PF2283DM,TTSPL3178,1999,RATE_OK
Pas Digital Pvt Ltd,62,Pas Digital Pvt Ltd,name,LOT,J9B1BC3,TTSPL4232,Dell Latitude 5410,2999,2999,ttspl,463,J9B1BC3,TTSPL4232,2999,RATE_OK
Pas Digital Pvt Ltd,62,Pas Digital Pvt Ltd,name,LOT,PF1SSAK2,TTSPL5295,Lenovo Thinkpad T14,1690,1690,ttspl,465,PF1SSAK2,TTSPL5295,1690,RATE_OK
Pas Digital Pvt Ltd,62,Pas Digital Pvt Ltd,name,LOT,6J33ZW2,TTSPL3770,Dell Latitude 5490,1699,1699,ttspl,466,6J33ZW2,TTSPL3770,1699,RATE_OK
Pas Digital Pvt Ltd,62,Pas Digital Pvt Ltd,name,LOT,H4RD2B3,TTSPL6641,Dell Latitude 3420,1999,1999,ttspl,2377,H4RD2B3,TTSPL6641,1999,RATE_OK
Pas Digital Pvt Ltd,62,Pas Digital Pvt Ltd,name,LOT,J154ZW2,TTSPL3411,Dell Latitude 7400,1599,1599,ttspl,3720,J154ZW2,TTSPL3411,1599,RATE_OK
Pas Digital Pvt Ltd,62,Pas Digital Pvt Ltd,name,LOT,5CD6400VHM,TRU741/TTSPL4155,HP Probook 430 G3,1499,1499,ttspl,3315,5CD6400VHM,TTSPL4155,1499,RATE_OK
Pas Digital Pvt Ltd,62,Pas Digital Pvt Ltd,name,LOT,PF29JJ4H,TTSPL5204,Lenovo Thinkpad T490,1699,1699,ttspl,775,PF29JJ4H,TTSPL5204,1699,RATE_OK
Pas Digital Pvt Ltd,62,Pas Digital Pvt Ltd,name,LOT,5CG6392QN3,TTSPL3850,HP Elitebook 840 G3,1490,1490,ttspl,480,5CG6392QN3,TTSPL3850,1490,RATE_OK
RENCOMM TELE SERVICES LLP,99,RENCOMM TELE SERVICES LLP,name,LOT,9LTZP13,TTSPL5672,Dell Latitude 5400,1199,1199,ttspl,2572,9LTZP13,TTSPL5672,1199,RATE_OK
RENCOMM TELE SERVICES LLP,99,RENCOMM TELE SERVICES LLP,name,LOT,2QK5M13,TTSPL5667,Dell Latitude 5400,1199,1199,ttspl,2573,2QK5M13,TTSPL5667,1199,RATE_OK
RENCOMM TELE SERVICES LLP,99,RENCOMM TELE SERVICES LLP,name,LOT,47Z2NQ2,TTSPL3943,Dell Latitude 7490,1199,1199,ttspl,2216,47Z2NQ2,TTSPL3943,1199,RATE_OK
RENCOMM TELE SERVICES LLP,99,RENCOMM TELE SERVICES LLP,name,LOT,PF2286GE,TTSPL3112,Lenovo Thinkpad T490 (Touchscreen),1199,1199,ttspl,1889,PF2286GE,TTSPL3112,1199,RATE_OK
Digeesell Media Solutions Pvt Ltd,60,DIGEESELL MEDIA SOLUTIONS PRIVATE LIMITED,name,LOT,HLMZ4Q2,TTSPL3634,Dell Latitude 7490,1649,1649,ttspl,1256,HLMZ4Q2,TTSPL3634,1649,RATE_OK
Digeesell Media Solutions Pvt Ltd,60,DIGEESELL MEDIA SOLUTIONS PRIVATE LIMITED,name,LOT,DP8GPQ2,TTSPL3945,Dell Latitude 7490,1499,1499,ttspl,2178,DP8GPQ2,TTSPL3945,1499,RATE_OK
Digeesell Media Solutions Pvt Ltd,60,DIGEESELL MEDIA SOLUTIONS PRIVATE LIMITED,name,LOT,FH3BW93,TTSPL6477,Dell Latitude 3410,1999,1999,ttspl,2474,FH3BW93,TTSPL6477,1999,RATE_OK
PPG Asian Paint,79,PPG ASIAN PAINTS PRIVATE LIMITED,name,LOT,BB326Q2,TTSPL4066,Dell Latitude 7490,1399,1399,ttspl,1596,BB326Q2,TTSPL4066,1399,RATE_OK
PPG Asian Paint,79,PPG ASIAN PAINTS PRIVATE LIMITED,name,LOT,8861NF2,TTSPL2103,Dell Latitude 5490,1399,1399,ttspl,1597,8861NF2,TTSPL2103,1399,RATE_OK
PPG Asian Paint,79,PPG ASIAN PAINTS PRIVATE LIMITED,name,LOT,4WQVZY2,TTSPL3263,Dell Latitude 7400 (Touch Screen),1399,1399,ttspl,1598,4WQVZY2,TTSPL3263,1399,RATE_OK
PPG Asian Paint,79,PPG ASIAN PAINTS PRIVATE LIMITED,name,LOT,F3CFXT2,TTSPL2411,Dell Latitude 7490,1399,1399,ttspl,1600,F3CFXT2,TTSPL2411,1399,RATE_OK
PPG Asian Paint,79,PPG ASIAN PAINTS PRIVATE LIMITED,name,LOT,1V02PQ2,TTSPLGR0151,Dell Latitude 7390,1399,1399,ttspl,1601,1V02PQ2,TTSPLGR0151,1399,RATE_OK
PPG Asian Paint,79,PPG ASIAN PAINTS PRIVATE LIMITED,name,LOT,D1B3PV2,TTSPL3509,Dell Latitude 7490,1399,1399,ttspl,1602,D1B3PV2,TTSPL3509,1399,RATE_OK
PPG Asian Paint,79,PPG ASIAN PAINTS PRIVATE LIMITED,name,LOT,1BD5NV2,TTSPL5029,Dell Latitude 5490,1399,1399,ttspl,1604,1BD5NV2,TTSPL5029,1399,RATE_OK
PPG Asian Paint,79,PPG ASIAN PAINTS PRIVATE LIMITED,name,LOT,7GQXMF2,TTSPL2133,Dell Latitude 5490,1399,1399,ttspl,2201,7GQXMF2,TTSPL2133,1399,RATE_OK
PPG Asian Paint,79,PPG ASIAN PAINTS PRIVATE LIMITED,name,LOT,DR2QHR2,TTSPL3895,Dell Latitude 7490,1399,1399,ttspl,1605,DR2QHR2,TTSPL3895,1399,RATE_OK
PPG Asian Paint,79,PPG ASIAN PAINTS PRIVATE LIMITED,name,LOT,DJG5HR2,TTSPL3934,Dell Latitude 7490,1399,1399,ttspl,2202,DJG5HR2,TTSPL3934,1399,RATE_OK
PPG Asian Paint,79,PPG ASIAN PAINTS PRIVATE LIMITED,name,LOT,1W8P563,TTSPL4088,Dell Latitude 5310,1399,1399,ttspl,1607,1W8P563,TTSPL4088,1399,RATE_OK
PPG Asian Paint,79,PPG ASIAN PAINTS PRIVATE LIMITED,name,LOT,J519BC3,TTSPL3774,Dell Latitude 5410,1399,1399,ttspl,1608,J519BC3,TTSPL3774,1399,RATE_OK
PPG Asian Paint,79,PPG ASIAN PAINTS PRIVATE LIMITED,name,LOT,4RGF0B3,TTSPL3454,Dell Latitude 5310 (TOUCH SCREEN),1399,1399,ttspl,1609,4RGF0B3,TTSPL3454,1399,RATE_OK
PPG Asian Paint,79,PPG ASIAN PAINTS PRIVATE LIMITED,name,LOT,14F87Y2,TTSPL2452,Dell Latitude 5490,1399,1399,ttspl,3736,14F87Y2,TTSPL2452,1399,RATE_OK
PPG Asian Paint,79,PPG ASIAN PAINTS PRIVATE LIMITED,name,LOT,20XY5S2,TTSPL3948,Dell Latitude 7490,1399,1399,ttspl,3721,20XY5S2,TTSPL3948,1399,RATE_OK
PPG Asian Paint,79,PPG ASIAN PAINTS PRIVATE LIMITED,name,LOT,5CD9468ZHF,TTSPL3237,HP Elitebook X360 1030 G4,1399,225.65,UNMATCHED,,,,,NOT_IN_CRM_ACTIVE
SGATE Tech Solutions Private Limited,89,SGATE TECH SOLUTIONS PRIVATE LIMITED,name,LOT,5CD141CKT4,TTSPL5297,HP Probook 440 G8,1899,1899,ttspl,1867,5CD141CKT4,TTSPL5297,1899,RATE_OK
SGATE Tech Solutions Private Limited,89,SGATE TECH SOLUTIONS PRIVATE LIMITED,name,LOT,5CD152BHL4,TTSPL5298,HP Probook 440 G8,1899,1899,ttspl,1868,5CD152BHL4,TTSPL5298,1899,RATE_OK
SGATE Tech Solutions Private Limited,89,SGATE TECH SOLUTIONS PRIVATE LIMITED,name,LOT,5CD127F7NW,TTSPL6053,HP Probook 440 G8,1899,1899,ttspl,2562,5CD127F7NW,TTSPL6053,1899,RATE_OK
SGATE Tech Solutions Private Limited,89,SGATE TECH SOLUTIONS PRIVATE LIMITED,name,LOT,5CD147H24C,TTSPL5370,HP Probook 440 G8,1899,1899,ttspl,2840,5CD147H24C,TTSPL5370,1899,RATE_OK
SGATE Tech Solutions Private Limited,89,SGATE TECH SOLUTIONS PRIVATE LIMITED,name,LOT,FHFRHG3,TTSPL5320,Dell Latitude 3420,1899,1899,ttspl,1869,FHFRHG3,TTSPL5320,1899,RATE_OK
SGATE Tech Solutions Private Limited,89,SGATE TECH SOLUTIONS PRIVATE LIMITED,name,LOT,PG02VJBF,TTSPL6376,Lenovo Thinkpad E-14 Gen 2,1899,1899,ttspl,2866,PG02VJBF,TTSPL6376,1899,RATE_OK
SGATE Tech Solutions Private Limited,89,SGATE TECH SOLUTIONS PRIVATE LIMITED,name,LOT,PG02Y0FX,TTSPL5241,Lenovo Thinkpad E-14 Gen 2,1899,1899,ttspl,319,PG02Y0FX,TTSPL5241,1899,RATE_OK
SGATE Tech Solutions Private Limited,89,SGATE TECH SOLUTIONS PRIVATE LIMITED,name,LOT,GL510J3,TTSPL7530,Dell Latitude 5420,1899,2389.06,ttspl,8446,GL510J3,TTSPL7530,1899,RATE_OK
Wick Automation LLP,93,WICK AUTOMATION LLP,name,LOT,PF3D1WZ0,TTSPL5169,Lenovo Thinkpad E14 (Gen 2),1599,1599,ttspl,1780,PF3D1WZ0,TTSPL5169,1599,RATE_OK
Wick Automation LLP,93,WICK AUTOMATION LLP,name,LOT,7GNPVP2,TTSPL3666,Dell Latitude 7490,999,999,ttspl,1781,7GNPVP2,TTSPL3666,999,RATE_OK
Wick Automation LLP,93,WICK AUTOMATION LLP,name,LOT,PG02WAB7,TTSPL5470,Lenovo Thinkbook 14 (Gen2),1599,1599,ttspl,1782,PG02WAB7,TTSPL5470,1599,RATE_OK
Wick Automation LLP,93,WICK AUTOMATION LLP,name,LOT,93ZBRG3,TTSPL6089,Dell Latitude 3420,1599,1599,ttspl,2544,93ZBRG3,TTSPL6089,1599,RATE_OK
Wick Automation LLP,93,WICK AUTOMATION LLP,name,LOT,J3F2QG3,TTSPL6265,Dell Latitude 3420,1599,1599,ttspl,2547,J3F2QG3,TTSPL6265,1599,RATE_OK
Wick Automation LLP,93,WICK AUTOMATION LLP,name,LOT,BCP6V93,TTSPL6445,Dell Latitude 3410,1599,1599,ttspl,3398,BCP6V93,TTSPL6445,1599,RATE_OK
Wick Automation LLP,93,WICK AUTOMATION LLP,name,LOT,6C5X8D3,TTSPL5399,Dell Latitude 5420,1599,1599,ttspl,1884,6C5X8D3,TTSPL5399,1599,RATE_OK
Wick Automation LLP,93,WICK AUTOMATION LLP,name,LOT,5WSXYD3,TTSPL3482,Dell Latitude 5420,1999,1999,ttspl,295,5WSXYD3,TTSPL3482,1999,RATE_OK
Wick Automation LLP,93,WICK AUTOMATION LLP,name,LOT,7PYYZH3,TTSPL7560,Dell Latitude 5420,1599,1650.58,ttspl,8725,7PYYZH3,TTSPL7560,1599,RATE_OK
NECTAR INFOTEL SOLUTIONS PRIVATE LIMITED,87,NECTAR INFOTEL SOLUTIONS PRIVATE LIMITED,name,LOT,7QQX5Y2,TTSPL5198,Dell Latitude 5490,1199,1199,ttspl,1822,7QQX5Y2,TTSPL5198,1199,RATE_OK
NECTAR INFOTEL SOLUTIONS PRIVATE LIMITED,87,NECTAR INFOTEL SOLUTIONS PRIVATE LIMITED,name,LOT,4N6ZMF2,TTSPL2720,Dell Latitude 5490,1199,1199,ttspl,1823,4N6ZMF2,TTSPL2720,1199,RATE_OK
NECTAR INFOTEL SOLUTIONS PRIVATE LIMITED,87,NECTAR INFOTEL SOLUTIONS PRIVATE LIMITED,name,LOT,PF26Z7E7,TTSPL5214,Lenovo Thinkpad T490,1099,1099,ttspl,1824,PF26Z7E7,TTSPL5214,1099,RATE_OK
NECTAR INFOTEL SOLUTIONS PRIVATE LIMITED,87,NECTAR INFOTEL SOLUTIONS PRIVATE LIMITED,name,LOT,PF1CULJT,TTSPL5215,Lenovo Thinkpad T490,1099,1099,ttspl,1825,PF1CULJT,TTSPL5215,1099,RATE_OK
NECTAR INFOTEL SOLUTIONS PRIVATE LIMITED,87,NECTAR INFOTEL SOLUTIONS PRIVATE LIMITED,name,LOT,PF2706A8,TTSPL5216,Lenovo Thinkpad T490,1099,1099,ttspl,1826,PF2706A8,TTSPL5216,1099,RATE_OK
NECTAR INFOTEL SOLUTIONS PRIVATE LIMITED,87,NECTAR INFOTEL SOLUTIONS PRIVATE LIMITED,name,LOT,PF26ZLD3,TTSPL5217,Lenovo Thinkpad T490,1099,1099,ttspl,1827,PF26ZLD3,TTSPL5217,1099,RATE_OK
NECTAR INFOTEL SOLUTIONS PRIVATE LIMITED,87,NECTAR INFOTEL SOLUTIONS PRIVATE LIMITED,name,LOT,PF26Z5G8,TTSPL5220,Lenovo Thinkpad T490,1099,1099,ttspl,1828,PF26Z5G8,TTSPL5220,1099,RATE_OK
Optimizing Resources Private Limited,29,Optimizing Resources Private Limited,name,LOT,PF2ALNQW,TTSPL4431,Lenovo Thinkpad L14,1450,1450,ttspl,1662,PF2ALNQW,TTSPL4431,1450,RATE_OK
Optimizing Resources Private Limited,29,Optimizing Resources Private Limited,name,LOT,PC10YH71,TTSPL3588,Lenovo Thinkpad T480s,1450,1450,ttspl,1661,PC10YH71,TTSPL3588,1450,RATE_OK
Optimizing Resources Private Limited,29,Optimizing Resources Private Limited,name,LOT,DRJTL13,TTSPL3202,Dell Latitude 7400 (Touch Screen),1450,1450,ttspl,1664,DRJTL13,TTSPL3202,1450,RATE_OK
Optimizing Resources Private Limited,29,Optimizing Resources Private Limited,name,LOT,CW48N13,TTSPL3134,Dell Latitude 7400 (Touch Screen),1450,1450,ttspl,1665,CW48N13,TTSPL3134,1450,RATE_OK
Optimizing Resources Private Limited,29,Optimizing Resources Private Limited,name,LOT,80J80F3,TTSPL5069,Dell Latitude 5420,1450,1450,ttspl,2209,80J80F3,TTSPL5069,1450,RATE_OK
Optimizing Resources Private Limited,29,Optimizing Resources Private Limited,name,LOT,39ZW8Y2,TTSPL3220,Dell Latitude 7400 (Touch Screen),1450,1450,ttspl,1666,39ZW8Y2,TTSPL3220,1450,RATE_OK
Optimizing Resources Private Limited,29,Optimizing Resources Private Limited,name,LOT,B1WBZY2,TTSPL3358,Dell Latitude 7400 (Touch Screen),1450,1450,ttspl,1667,B1WBZY2,TTSPL3358,1450,RATE_OK
Optimizing Resources Private Limited,29,Optimizing Resources Private Limited,name,LOT,G0M0P13,TTSPL3198,Dell Latitude 7400 (Touch Screen),1450,1450,ttspl,1668,G0M0P13,TTSPL3198,1450,RATE_OK
Optimizing Resources Private Limited,29,Optimizing Resources Private Limited,name,LOT,PG02Y0BB,TTSPL5163,Lenovo Thinkpad E14 (Gen 2),1699,1699,ttspl,1669,PG02Y0BB,TTSPL5163,1699,RATE_OK
Optimizing Resources Private Limited,29,Optimizing Resources Private Limited,name,LOT,PF3DSYE6,TTSPL5164,Lenovo Thinkpad E14 (Gen 2),1699,1699,ttspl,1670,PF3DSYE6,TTSPL5164,1699,RATE_OK
Optimizing Resources Private Limited,29,Optimizing Resources Private Limited,name,LOT,PG02Y0F8,TTSPL5168,Lenovo Thinkpad E14 (Gen 2),1699,1699,ttspl,1671,PG02Y0F8,TTSPL5168,1699,RATE_OK
Optimizing Resources Private Limited,29,Optimizing Resources Private Limited,name,LOT,PG02Y0DW,TTSPL5171,Lenovo Thinkpad E14 (Gen 2),1699,1699,ttspl,1672,PG02Y0DW,TTSPL5171,1699,RATE_OK
Optimizing Resources Private Limited,29,Optimizing Resources Private Limited,name,LOT,PG02Y0FY,TTSPL5172,Lenovo Thinkpad E14 (Gen 2),1699,1699,ttspl,1673,PG02Y0FY,TTSPL5172,1699,RATE_OK
Optimizing Resources Private Limited,29,Optimizing Resources Private Limited,name,LOT,PG02Y0BM,TTSPL5173,Lenovo Thinkpad E14 (Gen 2),1699,1699,ttspl,1674,PG02Y0BM,TTSPL5173,1699,RATE_OK
Optimizing Resources Private Limited,29,Optimizing Resources Private Limited,name,LOT,PG02Y0FW,TTSPL5178,Lenovo Thinkpad E14 (Gen 2),1699,1699,ttspl,1676,PG02Y0FW,TTSPL5178,1699,RATE_OK
Optimizing Resources Private Limited,29,Optimizing Resources Private Limited,name,LOT,PG02XZ22,TTSPL5180,Lenovo Thinkpad E14 (Gen 2),1699,1699,ttspl,1677,PG02XZ22,TTSPL5180,1699,RATE_OK
Optimizing Resources Private Limited,29,Optimizing Resources Private Limited,name,LOT,PG02Y0BY,TTSPL5181,Lenovo Thinkpad E14 (Gen 2),1699,1699,ttspl,1678,PG02Y0BY,TTSPL5181,1699,RATE_OK
Optimizing Resources Private Limited,29,Optimizing Resources Private Limited,name,LOT,PG02Y0E3,TTSPL5182,Lenovo Thinkpad E14 (Gen 2),1699,1699,ttspl,1679,PG02Y0E3,TTSPL5182,1699,RATE_OK
Optimizing Resources Private Limited,29,Optimizing Resources Private Limited,name,LOT,PG02Y0BZ,TTSPL5183,Lenovo Thinkpad E14 (Gen 2),1699,1699,ttspl,1680,PG02Y0BZ,TTSPL5183,1699,RATE_OK
Optimizing Resources Private Limited,29,Optimizing Resources Private Limited,name,LOT,PG02SKBZ,TTSPL5186,Lenovo Thinkpad E14 (Gen 2),1699,1699,ttspl,1681,PG02SKBZ,TTSPL5186,1699,RATE_OK
Optimizing Resources Private Limited,29,Optimizing Resources Private Limited,name,LOT,PG02SKCP,TTSPL5187,Lenovo Thinkpad E14 (Gen 2),1699,1699,ttspl,1682,PG02SKCP,TTSPL5187,1699,RATE_OK
Optimizing Resources Private Limited,29,Optimizing Resources Private Limited,name,LOT,PG02SKB2,TTSPL5189,Lenovo Thinkpad E14 (Gen 2),1699,1699,ttspl,1683,PG02SKB2,TTSPL5189,1699,RATE_OK
Optimizing Resources Private Limited,29,Optimizing Resources Private Limited,name,LOT,PG02Y0F0,TTSPL5191,Lenovo Thinkpad E14 (Gen 2),1699,1699,ttspl,1684,PG02Y0F0,TTSPL5191,1699,RATE_OK
Optimizing Resources Private Limited,29,Optimizing Resources Private Limited,name,LOT,PG02Y0DV,TTSPL5270,Lenovo Thinkpad E14 (Gen 2),1450,1450,ttspl,1685,PG02Y0DV,TTSPL5270,1450,RATE_OK
Optimizing Resources Private Limited,29,Optimizing Resources Private Limited,name,LOT,PC0P9S1U,TTSPL5282,Desktop Lenovo Thinkcenter M710q,1450,1450,ttspl,1686,PC0P9S1U,TTSPL5282,1450,RATE_OK
Optimizing Resources Private Limited,29,Optimizing Resources Private Limited,name,LOT,PC0R7B0N,TTSPL5283,Desktop Lenovo Thinkcenter M710q,1450,1450,ttspl,1687,PC0R7B0N,TTSPL5283,1450,RATE_OK
Optimizing Resources Private Limited,29,Optimizing Resources Private Limited,name,LOT,PF2QZYSL,TTSPL5143,Lenovo Thinkpad T14,1450,1450,ttspl,1688,PF2QZYSL,TTSPL5143,1450,RATE_OK
Optimizing Resources Private Limited,29,Optimizing Resources Private Limited,name,LOT,PF1TD7FZ,TTSPL5146,Lenovo Thinkpad T14,1450,1450,ttspl,1689,PF1TD7FZ,TTSPL5146,1450,RATE_OK
Optimizing Resources Private Limited,29,Optimizing Resources Private Limited,name,LOT,PF1BW4M2,TTSPL5150,Lenovo Thinkpad T14,1450,1450,ttspl,1690,PF1BW4M2,TTSPL5150,1450,RATE_OK
Optimizing Resources Private Limited,29,Optimizing Resources Private Limited,name,LOT,PF2MZM2A,TTSPL5151,Lenovo Thinkpad T14,1450,1450,ttspl,1691,PF2MZM2A,TTSPL5151,1450,RATE_OK
Optimizing Resources Private Limited,29,Optimizing Resources Private Limited,name,LOT,PF2C9R3H,TTSPL5154,Lenovo Thinkpad T14,1450,1450,ttspl,1692,PF2C9R3H,TTSPL5154,1450,RATE_OK
Optimizing Resources Private Limited,29,Optimizing Resources Private Limited,name,LOT,PF2559PN,TTSPL5162,Lenovo Thinkpad T14,1450,1450,ttspl,1693,PF2559PN,TTSPL5162,1450,RATE_OK
Optimizing Resources Private Limited,29,Optimizing Resources Private Limited,name,LOT,PF20FZK8,TTSPL5152,Lenovo Thinkpad T14,1450,1450,ttspl,1694,PF20FZK8,TTSPL5152,1450,RATE_OK
Optimizing Resources Private Limited,29,Optimizing Resources Private Limited,name,LOT,PF35JAD8,TTSPL5284,Lenovo Thinkpad T14,1450,1450,ttspl,1695,PF35JAD8,TTSPL5284,1450,RATE_OK
Optimizing Resources Private Limited,29,Optimizing Resources Private Limited,name,LOT,5CD152BHJZ,TTSPL5299,HP Probook 440 G8,1699,1699,ttspl,1696,5CD152BHJZ,TTSPL5299,1699,RATE_OK
Optimizing Resources Private Limited,29,Optimizing Resources Private Limited,name,LOT,5CD1321W7V,TTSPL5301,HP Probook 440 G8,1699,1699,ttspl,1697,5CD1321W7V,TTSPL5301,1699,RATE_OK
Optimizing Resources Private Limited,29,Optimizing Resources Private Limited,name,LOT,5CD1394XWW,TTSPL5303,HP Probook 440 G8,1699,1699,ttspl,1698,5CD1394XWW,TTSPL5303,1699,RATE_OK
Optimizing Resources Private Limited,29,Optimizing Resources Private Limited,name,LOT,PF31MN6B,TTSPL4686,Lenovo Thinkpad T14,1699,1699,ttspl,1699,PF31MN6B,TTSPL4686,1699,RATE_OK
Optimizing Resources Private Limited,29,Optimizing Resources Private Limited,name,LOT,PF2M72Z7,TTSPL5144,Lenovo Thinkpad T14,1450,1450,ttspl,1700,PF2M72Z7,TTSPL5144,1450,RATE_OK
Optimizing Resources Private Limited,29,Optimizing Resources Private Limited,name,LOT,1Z8K4J3,TTSPL5381,Dell Latitude 5420,1699,1699,ttspl,1701,1Z8K4J3,TTSPL5381,1699,RATE_OK
Optimizing Resources Private Limited,29,Optimizing Resources Private Limited,name,LOT,56V70J3,TTSPL5388,Dell Latitude 5420,1699,1699,ttspl,1702,56V70J3,TTSPL5388,1699,RATE_OK
Optimizing Resources Private Limited,29,Optimizing Resources Private Limited,name,LOT,4KQPZD3,TTSPL5398,Dell Latitude 5420,1699,1699,ttspl,1703,4KQPZD3,TTSPL5398,1699,RATE_OK
Optimizing Resources Private Limited,29,Optimizing Resources Private Limited,name,LOT,JV544M3,TTSPL5400,Dell Latitude 5420,1699,1699,ttspl,1704,JV544M3,TTSPL5400,1699,RATE_OK
Optimizing Resources Private Limited,29,Optimizing Resources Private Limited,name,LOT,PF32GGV1,TTSPL5458,Lenovo Thinkpad T14 (Touch Screen),1699,1699,ttspl,1705,PF32GGV1,TTSPL5458,1699,RATE_OK
Optimizing Resources Private Limited,29,Optimizing Resources Private Limited,name,LOT,PG02SK9J,TTSPL5464,Lenovo Thinkpad E14,1699,1699,ttspl,1706,PG02SK9J,TTSPL5464,1699,RATE_OK
Optimizing Resources Private Limited,29,Optimizing Resources Private Limited,name,LOT,PF3DNPRY,TTSPL5466,Lenovo Thinkpad E14,1699,1699,ttspl,1707,PF3DNPRY,TTSPL5466,1699,RATE_OK
Optimizing Resources Private Limited,29,Optimizing Resources Private Limited,name,LOT,5CD1411HG1,TTSPL5407,HP Probook 440 G8,1699,1699,ttspl,2830,5CD1411HG1,TTSPL5407,1699,RATE_OK
Optimizing Resources Private Limited,29,Optimizing Resources Private Limited,name,LOT,5CD147H28P,TTSPL5409,HP Probook 440 G8,1699,1699,ttspl,2831,5CD147H28P,TTSPL5409,1699,RATE_OK
Optimizing Resources Private Limited,29,Optimizing Resources Private Limited,name,LOT,5CD1322053,TTSPL5412,HP Probook 440 G8,1699,1699,ttspl,2832,5CD1322053,TTSPL5412,1699,RATE_OK
Optimizing Resources Private Limited,29,Optimizing Resources Private Limited,name,LOT,5CD1411J5H,TTSPL5413,HP Probook 440 G8,1699,1699,ttspl,2833,5CD1411J5H,TTSPL5413,1699,RATE_OK
Optimizing Resources Private Limited,29,Optimizing Resources Private Limited,name,LOT,PF32GEYD,TTSPL5457,Lenovo Thinkpad T14 (Touch Screen),1699,1699,ttspl,1708,PF32GEYD,TTSPL5457,1699,RATE_OK
Optimizing Resources Private Limited,29,Optimizing Resources Private Limited,name,LOT,PG02SKDB,TTSPL5468,Lenovo Thinkpad E14,1699,1699,ttspl,1709,PG02SKDB,TTSPL5468,1699,RATE_OK
Optimizing Resources Private Limited,29,Optimizing Resources Private Limited,name,LOT,PG02SKD1,TTSPL5469,Lenovo Thinkpad E14,1699,1699,ttspl,1710,PG02SKD1,TTSPL5469,1699,RATE_OK
Optimizing Resources Private Limited,29,Optimizing Resources Private Limited,name,LOT,C5862F3,TTSPL5387,Dell Latitude 5420,1699,1699,ttspl,1711,C5862F3,TTSPL5387,1699,RATE_OK
Optimizing Resources Private Limited,29,Optimizing Resources Private Limited,name,LOT,2TK85002XP,TTSPL3614,HP Probook 640 G4,1450,1450,ttspl,1717,2TK85002XP,TTSPL3614,1450,RATE_OK
Optimizing Resources Private Limited,29,Optimizing Resources Private Limited,name,LOT,5CG90949DD,TTSPL3406,HP Elitebook 840 G5,1450,1450,ttspl,2210,5CG90949DD,TTSPL3406,1450,RATE_OK
Optimizing Resources Private Limited,29,Optimizing Resources Private Limited,name,LOT,5CD0485V9R,TTSPL5418,HP Probook 440 G8,1699,1699,ttspl,2834,5CD0485V9R,TTSPL5418,1699,RATE_OK
Optimizing Resources Private Limited,29,Optimizing Resources Private Limited,name,LOT,2C4CGK3,TTSPL5491,Dell Latitude 5420,2899,2899,ttspl,1718,2C4CGK3,TTSPL5491,2899,RATE_OK
Optimizing Resources Private Limited,29,Optimizing Resources Private Limited,name,LOT,6WP70J3,TTSPL5492,Dell Latitude 5420 (Touch Screen),2899,2899,ttspl,1719,6WP70J3,TTSPL5492,2899,RATE_OK
Optimizing Resources Private Limited,29,Optimizing Resources Private Limited,name,LOT,9TK2723,TTSPL3918,Dell Vostro 3480,1450,1450,ttspl,1725,9TK2723,TTSPL3918,1450,RATE_OK
Optimizing Resources Private Limited,29,Optimizing Resources Private Limited,name,LOT,2527BH2,TTSPL2920,Dell Latitude 7480,1450,1450,ttspl,1726,2527BH2,TTSPL2920,1450,RATE_OK
Optimizing Resources Private Limited,29,Optimizing Resources Private Limited,name,LOT,PC0HB1D4,TTSPL2717,Lenovo Thinkpad T460,1450,1450,ttspl,1727,PC0HB1D4,TTSPL2717,1450,RATE_OK
Optimizing Resources Private Limited,29,Optimizing Resources Private Limited,name,LOT,FC9Y4H2,TTSPL2800,Dell Latitude E7470,1450,1450,ttspl,1728,FC9Y4H2,TTSPL2800,1450,RATE_OK
Optimizing Resources Private Limited,29,Optimizing Resources Private Limited,name,LOT,5X0VYF2,YASHTRUE1440/TTSPL2629,Dell Latitude E5470,1450,1450,ttspl,1729,5X0VYF2,TTSPL2629,1450,RATE_OK
Optimizing Resources Private Limited,29,Optimizing Resources Private Limited,name,LOT,PC0KKL39,TTSPL2409,Lenovo Thinkpad T460 (Touch Screen),1450,1450,ttspl,1730,PC0KKL39,TTSPL2409,1450,RATE_OK
Optimizing Resources Private Limited,29,Optimizing Resources Private Limited,name,LOT,PC0CR1V7,TTSPL3696,Lenovo Thinkpad T460,1450,1450,ttspl,1731,PC0CR1V7,TTSPL3696,1450,RATE_OK
Optimizing Resources Private Limited,29,Optimizing Resources Private Limited,name,LOT,PC0CF986,TTSPL3376,Lenovo Thinkpad T450,1450,1450,ttspl,1732,PC0CF986,TTSPL3376,1450,RATE_OK
Optimizing Resources Private Limited,29,Optimizing Resources Private Limited,name,LOT,FKR6RV2,TTSPL3768,Dell Latitude 5490,1450,1450,ttspl,1733,FKR6RV2,TTSPL3768,1450,RATE_OK
Optimizing Resources Private Limited,29,Optimizing Resources Private Limited,name,LOT,DWCP0G2,FIRMTRUE1539/TTSPL2942,Dell Latitude E5470,1450,1450,ttspl,1734,DWCP0G2,TTSPL2942,1450,RATE_OK
Optimizing Resources Private Limited,29,Optimizing Resources Private Limited,name,LOT,PC0GJ0EY,TTSPL2458,Lenovo Thinkpad T460 (Touch Screen),1450,1450,ttspl,1735,PC0GJ0EY,TTSPL2458,1450,RATE_OK
Optimizing Resources Private Limited,29,Optimizing Resources Private Limited,name,LOT,6F6XNC2,TTSPL1553,Dell Latitude E5470,1450,1450,ttspl,1737,6F6XNC2,TTSPL1553,1450,RATE_OK
Optimizing Resources Private Limited,29,Optimizing Resources Private Limited,name,LOT,CNU4269X8S,TRU576/TTSPL1151,HP Elitebook 820 G1,1450,1450,ttspl,1738,CNU4269X8S,TTSPL1151,1450,RATE_OK
Optimizing Resources Private Limited,29,Optimizing Resources Private Limited,name,LOT,5CG515112R,733/MANJTRUE1337/TTSPL1197,HP Elitebook 840 G1,1450,1450,ttspl,1739,5CG515112R,TTSPL1197,1450,RATE_OK
Optimizing Resources Private Limited,29,Optimizing Resources Private Limited,name,LOT,9GTNMV2,TTSPLGR0121,Dell Latitude 7390,1450,1450,ttspl,1740,9GTNMV2,TTSPLGR0121,1450,RATE_OK
Optimizing Resources Private Limited,29,Optimizing Resources Private Limited,name,LOT,40V36M2,TTSPL2912,Dell Latitude 7480,1450,1450,ttspl,1741,40V36M2,TTSPL2912,1450,RATE_OK
Optimizing Resources Private Limited,29,Optimizing Resources Private Limited,name,LOT,5CG6472R2B,TTSPL1490,HP Elitebook 820 G3,1450,1450,ttspl,1742,5CG6472R2B,TTSPL1490,1450,RATE_OK
Optimizing Resources Private Limited,29,Optimizing Resources Private Limited,name,LOT,BQJPR22,TTSPL1146,Dell Latitude E7240,1450,1450,ttspl,1743,BQJPR22,TTSPL1146,1450,RATE_OK
Optimizing Resources Private Limited,29,Optimizing Resources Private Limited,name,LOT,PF1Q10QH,TTSPL3240,Lenovo Thinkpad T480 (Touchscreen),1450,1450,ttspl,1744,PF1Q10QH,TTSPL3240,1450,RATE_OK
Optimizing Resources Private Limited,29,Optimizing Resources Private Limited,name,LOT,PC0HJ4MH,TTSPL2718,Lenovo Thinkpad T460,1450,1450,ttspl,1745,PC0HJ4MH,TTSPL2718,1450,RATE_OK
Optimizing Resources Private Limited,29,Optimizing Resources Private Limited,name,LOT,11PY7S2,TTSPL3628,Dell Latitude 7490,1450,1450,ttspl,1746,11PY7S2,TTSPL3628,1450,RATE_OK
Optimizing Resources Private Limited,29,Optimizing Resources Private Limited,name,LOT,FDBCQ92,TTSPL2955,Dell Latitude E7470,1450,1450,ttspl,1747,FDBCQ92,TTSPL2955,1450,RATE_OK
Optimizing Resources Private Limited,29,Optimizing Resources Private Limited,name,LOT,JX1GQ12,TTSPL1448,Dell Latitude E7240,1450,1450,ttspl,1749,JX1GQ12,TTSPL1448,1450,RATE_OK
Optimizing Resources Private Limited,29,Optimizing Resources Private Limited,name,LOT,5CG4501JPW,719/GULSTRUE1335/TTSPL2302,HP Elitebook 840 G1,1450,1450,ttspl,1750,5CG4501JPW,TTSPL2302,1450,RATE_OK
Optimizing Resources Private Limited,29,Optimizing Resources Private Limited,name,LOT,1Z80S72,TTSPL3039,Dell Latitude E7470,1450,1450,ttspl,1752,1Z80S72,TTSPL3039,1450,RATE_OK
Optimizing Resources Private Limited,29,Optimizing Resources Private Limited,name,LOT,3HB2N13,TTSPL3223,Dell Latitude 7400 (Touch Screen),1450,1450,ttspl,1753,3HB2N13,TTSPL3223,1450,RATE_OK
Optimizing Resources Private Limited,29,Optimizing Resources Private Limited,name,LOT,5T3M4Y2,TTSPL2936,Dell Latitude 5400,1450,1450,ttspl,1754,5T3M4Y2,TTSPL2936,1450,RATE_OK
Optimizing Resources Private Limited,29,Optimizing Resources Private Limited,name,LOT,3NQHWZ2,TTSPL5479,Dell Latitude 3400,1450,1450,ttspl,2835,3NQHWZ2,TTSPL5479,1450,RATE_OK
Optimizing Resources Private Limited,29,Optimizing Resources Private Limited,name,LOT,19G9VN2,TTSPLGR0038,Dell Latitude E5290,1450,1450,ttspl,1755,19G9VN2,TTSPLGR0038,1450,RATE_OK
Optimizing Resources Private Limited,29,Optimizing Resources Private Limited,name,LOT,PF032EDS,TTSPL1102,Lenovo Thinkpad X240,1450,1450,ttspl,1756,PF032EDS,TTSPL1102,1450,RATE_OK
Optimizing Resources Private Limited,29,Optimizing Resources Private Limited,name,LOT,5CG524076V,TRU752/TTSPL2116,HP Elitebook 840 G2,1450,1450,ttspl,1757,5CG524076V,TTSPL2116,1450,RATE_OK
Optimizing Resources Private Limited,29,Optimizing Resources Private Limited,name,LOT,PF1HYHVV,TTSPL3306,Lenovo Thinkpad T480,1450,1450,ttspl,1758,PF1HYHVV,TTSPL3306,1450,RATE_OK
Optimizing Resources Private Limited,29,Optimizing Resources Private Limited,name,LOT,CNU416DB7G,TTSPL1014,HP Elitebook 840 G1,1450,1450,ttspl,1761,CNU416DB7G,TTSPL1014,1450,RATE_OK
Optimizing Resources Private Limited,29,Optimizing Resources Private Limited,name,LOT,PG02Y0B9,TTSPL5230,Lenovo Thinkpad E14 (Gen 2),1450,1450,ttspl,1762,PG02Y0B9,TTSPL5230,1450,RATE_OK
Optimizing Resources Private Limited,29,Optimizing Resources Private Limited,name,LOT,PG02WBHK,TTSPL6853,Lenovo Thinkpad L14,1450,1450,ttspl,1763,PG02WBHK,TTSPL6853,1450,RATE_OK
Optimizing Resources Private Limited,29,Optimizing Resources Private Limited,name,LOT,J2QM763,TTSPL6333,Dell Latitude 3410,1450,1450,ttspl,2542,J2QM763,TTSPL6333,1450,RATE_OK
Optimizing Resources Private Limited,29,Optimizing Resources Private Limited,name,LOT,28N63F3,TTSPL4501,Dell Latitude 5420,1450,1450,ttspl,3286,28N63F3,TTSPL4501,1450,RATE_OK
Optimizing Resources Private Limited,29,Optimizing Resources Private Limited,name,LOT,PG02YB1E,TTSPL6394,Lenovo Thinkpad E-14 Gen 2,1450,1450,ttspl,2878,PG02YB1E,TTSPL6394,1450,RATE_OK
Optimizing Resources Private Limited,29,Optimizing Resources Private Limited,name,LOT,R914RLS1,TTSPL7159,Lenovo Thinkpad L13,1600,2890.32,ttspl,3818,R914RLS1,TTSPL7159,1600,RATE_OK
Optimizing Resources Private Limited,29,Optimizing Resources Private Limited,name,LOT,R914RLQH,TTSPL7216,Lenovo Thinkpad L13,1700,3070.97,ttspl,3875,R914RLQH,TTSPL7216,1700,RATE_OK
Optimizing Resources Private Limited,29,Optimizing Resources Private Limited,name,LOT,PG034350,TTSPL5936,Lenovo Thinkpad E14,1700,3070.97,ttspl,576,PG034350,TTSPL5936,1700,RATE_OK
Optimizing Resources Private Limited,29,Optimizing Resources Private Limited,name,LOT,DMV76D3,TTSPL7441,Dell Latitude 5420,1600,2838.71,ttspl,8205,DMV76D3,TTSPL7441,1600,RATE_OK
Optimizing Resources Private Limited,29,Optimizing Resources Private Limited,name,LOT,4LC98G3,TTSPL7433,Dell Latitude 5420,1600,2838.71,ttspl,8197,4LC98G3,TTSPL7433,1600,RATE_OK
Optimizing Resources Private Limited,29,Optimizing Resources Private Limited,name,LOT,DMK98G3,TTSPL7437,Dell Latitude 5420,1600,2838.71,ttspl,8201,DMK98G3,TTSPL7437,1600,RATE_OK
Optimizing Resources Private Limited,29,Optimizing Resources Private Limited,name,LOT,HY63TQ3,TTSPL7430,Dell Latitude 5420,1600,2787.1,ttspl,8194,HY63TQ3,TTSPL7430,1600,RATE_OK
Optimizing Resources Private Limited,29,Optimizing Resources Private Limited,name,LOT,FKQN3F3,TTSPL6974,Dell Latitude 7420,2999,3676.19,ttspl,3581,FKQN3F3,TTSPL6974,2999,RATE_OK
ELYSIUM LABS PRIVATE LIMITED,127,Elysium Labs Pvt Ltd,name,LOT,328R0Z2,TTSPL3227,Dell Latitude 7400,1499,1499,ttspl,804,328R0Z2,TTSPL3227,1499,RATE_OK
ELYSIUM LABS PRIVATE LIMITED,127,Elysium Labs Pvt Ltd,name,LOT,PF26LR6Y,TTSPL3238,Lenovo Thinkpad T490 (Touchscreen),1499,1499,ttspl,805,PF26LR6Y,TTSPL3238,1499,RATE_OK
ELYSIUM LABS PRIVATE LIMITED,127,Elysium Labs Pvt Ltd,name,LOT,FV9JHR2,TTSPL3085,Dell Latitude 7490,1499,1499,ttspl,2129,FV9JHR2,TTSPL3085,1499,RATE_OK
ELYSIUM LABS PRIVATE LIMITED,127,Elysium Labs Pvt Ltd,name,LOT,H1QVXT2,TTSPL3425,Dell Latitude 7490,1499,1499,ttspl,2269,H1QVXT2,TTSPL3425,1499,RATE_OK
ELYSIUM LABS PRIVATE LIMITED,127,Elysium Labs Pvt Ltd,name,LOT,F0B3RV2,TTSPL2330,Dell Latitude 5490,1499,1499,ttspl,807,F0B3RV2,TTSPL2330,1499,RATE_OK
ELYSIUM LABS PRIVATE LIMITED,127,Elysium Labs Pvt Ltd,name,LOT,3Y79SQ2,TTSPL3647,Dell Latitude 7490,1499,1499,ttspl,809,3Y79SQ2,TTSPL3647,1499,RATE_OK
ELYSIUM LABS PRIVATE LIMITED,127,Elysium Labs Pvt Ltd,name,LOT,1LYX4Q2,TTSPL3629,Dell Latitude 7490,1499,1499,ttspl,810,1LYX4Q2,TTSPL3629,1499,RATE_OK
ELYSIUM LABS PRIVATE LIMITED,127,Elysium Labs Pvt Ltd,name,LOT,8DNLMV2,TTSPL3398,Dell Latitude 7490,1499,1499,ttspl,811,8DNLMV2,TTSPL3398,1499,RATE_OK
ELYSIUM LABS PRIVATE LIMITED,127,Elysium Labs Pvt Ltd,name,LOT,795SQN2,TTSPL3632,Dell Latitude 7490,1499,1499,ttspl,814,795SQN2,TTSPL3632,1499,RATE_OK
ELYSIUM LABS PRIVATE LIMITED,127,Elysium Labs Pvt Ltd,name,LOT,1BH18S2,TTSPL2453,Dell Latitude 5490,1499,1499,ttspl,815,1BH18S2,TTSPL2453,1499,RATE_OK
ELYSIUM LABS PRIVATE LIMITED,127,Elysium Labs Pvt Ltd,name,LOT,PC15YPA7,TTSPL4921,Lenovo Thinkpad T480s,1499,1499,ttspl,816,PC15YPA7,TTSPL4921,1499,RATE_OK
ELYSIUM LABS PRIVATE LIMITED,127,Elysium Labs Pvt Ltd,name,LOT,T9NRCX06F360399,TTSPL6940,Asus TUF Gaming A15,6000,6000,ttspl,817,T9NRCX06F360399,TTSPL6940,6000,RATE_OK
ELYSIUM LABS PRIVATE LIMITED,127,Elysium Labs Pvt Ltd,name,LOT,GLSZP13,TTSPL6671,Dell Latitude 5400,1499,1499,UNMATCHED,,,,,NOT_IN_CRM_ACTIVE
ELYSIUM LABS PRIVATE LIMITED,127,Elysium Labs Pvt Ltd,name,LOT,45FZTT2,TTSPL3393,Dell Latitude 5490,1499,1499,ttspl,3191,45FZTT2,TTSPL3393,1499,RATE_OK
ELYSIUM LABS PRIVATE LIMITED,127,Elysium Labs Pvt Ltd,name,LOT,J0Q1T93,TTSPL6236,Dell Latitude 3410,1499,1499,ttspl,3510,J0Q1T93,TTSPL6236,1499,RATE_OK
ELYSIUM LABS PRIVATE LIMITED,127,Elysium Labs Pvt Ltd,name,LOT,5TKG463,TTSPL6509,Dell Latitude 3410,1499,1499,ttspl,3406,5TKG463,TTSPL6509,1499,RATE_OK
ELYSIUM LABS PRIVATE LIMITED,127,Elysium Labs Pvt Ltd,name,LOT,2J9F4Q2,TTSPL3392,Dell Latitude 5490,1499,1499,ttspl,3285,2J9F4Q2,TTSPL3392,1499,RATE_OK
ELYSIUM LABS PRIVATE LIMITED,127,Elysium Labs Pvt Ltd,name,LOT,PF2AK864,TTSPL4440,Lenovo Thinkpad L14,1499,1499,ttspl,2950,PF2AK864,TTSPL4440,1499,RATE_OK
ELYSIUM LABS PRIVATE LIMITED,127,Elysium Labs Pvt Ltd,name,LOT,FVFGL7NVQ05N,TTSPL4894,Apple Macbook Pro,4499,4499,ttspl,812,FVFGL7NVQ05N,TTSPL4894,4499,RATE_OK
ELYSIUM LABS PRIVATE LIMITED,127,Elysium Labs Pvt Ltd,name,LOT,8F7F1J3,TTSPL4794,Dell Latitude 5420,4000,4000,ttspl,1379,8F7F1J3,TTSPL4794,4000,RATE_OK
ELYSIUM LABS PRIVATE LIMITED,127,Elysium Labs Pvt Ltd,name,LOT,DFTM763,TTSPL6255,Dell Latitude 3410,1499,1499,ttspl,2720,DFTM763,TTSPL6255,1499,RATE_OK
ELYSIUM LABS PRIVATE LIMITED,127,Elysium Labs Pvt Ltd,name,LOT,5CG0278J5D,TTSPL7491,HP Probook 640 G5,1499,1934.19,ttspl,8255,5CG0278J5D,TTSPL7491,1499,RATE_OK
ELYSIUM LABS PRIVATE LIMITED,127,Elysium Labs Pvt Ltd,name,LOT,9WVZ2F3,TTSPL7515,Dell Latitude 5420,1999,2321.42,ttspl,8431,9WVZ2F3,TTSPL7515,1999,RATE_OK
ELYSIUM LABS PRIVATE LIMITED,127,Elysium Labs Pvt Ltd,name,LOT,GLC4QN3,TTSPL7447,Dell Latitude 5420,1499,1499,ttspl,8211,GLC4QN3,TTSPL7447,1499,RATE_OK
Dawnsun Exim Corporation,126,DAWNSUN EXIM CORPORATION,name,LOT,9654N32,801/TTSPL1265,Dell Latitude E7440,2790,2790,ttspl,15,9654N32,TTSPL1265,2790,RATE_OK
Dawnsun Exim Corporation,126,DAWNSUN EXIM CORPORATION,name,LOT,PC0C78BZ,TTSPL1878,Lenovo Thinkpad T450,1850,1850,ttspl,16,PC0C78BZ,TTSPL1878,1850,RATE_OK
Dawnsun Exim Corporation,126,DAWNSUN EXIM CORPORATION,name,LOT,J4ZM622,-,DELL 5450,1850,1850,ttspl,17,J4ZM622,-,1850,RATE_OK
Dawnsun Exim Corporation,126,DAWNSUN EXIM CORPORATION,name,LOT,5CG5111FSX,TRU730,HP ELITEBOOK 840G1,1850,1850,ttspl,18,5CG5111FSX,TRU730,1850,RATE_OK
Dawnsun Exim Corporation,126,DAWNSUN EXIM CORPORATION,name,LOT,PC0C77TD,TRU1395,DELL LATITUDE E7440,1850,1850,ttspl,19,PC0C77TD,TRU1395,1850,RATE_OK
Dawnsun Exim Corporation,126,DAWNSUN EXIM CORPORATION,name,LOT,PF2E0ZQJ,TTSPL3601,Lenovo Thinkpad L14,2299,2299,ttspl,2036,PF2E0ZQJ,TTSPL3601,2299,RATE_OK
Dawnsun Kyosei,126,DAWNSUN EXIM CORPORATION,inferred_from_ttspl,LOT,PC0BBAAX,TTSPL3254,Lenovo Thinkpad T450,1699,1699,ttspl,20,PC0BBAAX,TTSPL3254,1699,RATE_OK
Dawnsun Kyosei,126,DAWNSUN EXIM CORPORATION,inferred_from_ttspl,LOT,2J776H2,TTSPL2769,Dell Latitude E5470,1699,1699,ttspl,21,2J776H2,TTSPL2769,1699,RATE_OK
Dawnsun Kyosei,126,DAWNSUN EXIM CORPORATION,inferred_from_ttspl,LOT,5CD6223G6Y,TTSPL2441,HP Probook 440 G3,2090,2090,ttspl,22,5CD6223G6Y,TTSPL2441,2090,RATE_OK
PINNACLEWORKS INFOTECH PRIVATE LIMITED,27,PINNACLEWORKS INFOTECH PRIVATE LIMITED,name,LOT,7N341N2,TTSPL2884,Dell Laptop Latitude 7490,1800,1800,ttspl,263,7N341N2,TTSPL2884,1800,RATE_OK
PINNACLEWORKS INFOTECH PRIVATE LIMITED,27,PINNACLEWORKS INFOTECH PRIVATE LIMITED,name,LOT,5CG21727V0,TTSPL2716,HP 240 G8,2199,2199,ttspl,2082,5CG21727V0,TTSPL2716,2199,RATE_OK
PINNACLEWORKS INFOTECH PRIVATE LIMITED,27,PINNACLEWORKS INFOTECH PRIVATE LIMITED,name,LOT,5CD1357M87,TTSPL2136,HP Laptop 14S-DQ2535TU,2199,2199,ttspl,2242,5CD1357M87,TTSPL2136,2199,RATE_OK
PINNACLEWORKS INFOTECH PRIVATE LIMITED,27,PINNACLEWORKS INFOTECH PRIVATE LIMITED,name,LOT,PF227ZGH,TTSPL3106,Lenovo T-490,1800,1800,ttspl,264,PF227ZGH,TTSPL3106,1800,RATE_OK
PINNACLEWORKS INFOTECH PRIVATE LIMITED,27,PINNACLEWORKS INFOTECH PRIVATE LIMITED,name,LOT,6L2S0Z2,TTSPL2110,Dell Latitude E5490,1800,1800,ttspl,265,6L2S0Z2,TTSPL2110,1800,RATE_OK
PINNACLEWORKS INFOTECH PRIVATE LIMITED,27,PINNACLEWORKS INFOTECH PRIVATE LIMITED,name,LOT,BNRZMF2,TTSPL2213,Dell Latitude E5490,1800,1800,ttspl,2243,BNRZMF2,TTSPL2213,1800,RATE_OK
PINNACLEWORKS INFOTECH PRIVATE LIMITED,27,PINNACLEWORKS INFOTECH PRIVATE LIMITED,name,LOT,2XG0RV2,TTSPL2949,Dell Latitude 7490,1800,1800,ttspl,2083,2XG0RV2,TTSPL2949,1800,RATE_OK
PINNACLEWORKS INFOTECH PRIVATE LIMITED,27,PINNACLEWORKS INFOTECH PRIVATE LIMITED,name,LOT,PG02Y0DA,TTSPL5278,Lenovo Thinkpad E14 (Gen 2),1999,1999,ttspl,266,PG02Y0DA,TTSPL5278,1999,RATE_OK
Aamore Solutions,125,Aamore solutions,name,LOT,5CG5173DBX,TTSPL1875,HP Laptop Elitebook 840 G1,1450,1450,ttspl,581,5CG5173DBX,TTSPL1875,1450,RATE_OK
Aamore Solutions,125,Aamore solutions,name,LOT,5CG5101YQL,TTSPL1834,HP Elitebook 840 G1,1450,1450,ttspl,582,5CG5101YQL,TTSPL1834,1450,RATE_OK
Aamore Solutions,125,Aamore solutions,name,LOT,5CG5150YYT,723/MANJTRUE1169/TTSPL4012,HP Elitebook 840 G1,1450,1450,ttspl,583,5CG5150YYT,TTSPL4012,1450,RATE_OK
Aamore Solutions,125,Aamore solutions,name,LOT,6636YZ1,793/MANJTRUE1336/TTSPL1470,Dell Latitude E7440,1450,1450,ttspl,584,6636YZ1,TTSPL1470,1450,RATE_OK
Aamore Solutions,125,Aamore solutions,name,LOT,48Z6FH2,YASHTRUE1473/TTSPL2609,Dell Latitude E5480,1450,1450,ttspl,586,48Z6FH2,TTSPL2609,1450,RATE_OK
Aamore Solutions,125,Aamore solutions,name,LOT,FF5NPF2,YASHTRUE1428/TTSPL2746,Dell Latitude E5470,1450,1450,ttspl,982,FF5NPF2,TTSPL2746,1450,RATE_OK
AA Consultants,124,AA Consultant,name,LOT,D7M7103,TTSPL5375,Dell Latitude 3400,1600,1600,ttspl,2800,D7M7103,TTSPL5375,1600,RATE_OK
Prisha Insurance Brokers Pvt Ltd,54,Prisha Insurance Brokers Pvt Ltd,name,LOT,PC1NVVAJ,TTSPL3570,Lenovo Thinkpad X-13,1699,1699,ttspl,1026,PC1NVVAJ,TTSPL3570,1699,RATE_OK
Prisha Insurance Brokers Pvt Ltd,54,Prisha Insurance Brokers Pvt Ltd,name,LOT,29NYZ53,TTSPL3005,Dell Latitude 5410,1699,1699,ttspl,1027,29NYZ53,TTSPL3005,1699,RATE_OK
Prisha Insurance Brokers Pvt Ltd,54,Prisha Insurance Brokers Pvt Ltd,name,LOT,7498M53,TTSPL4278,Dell Latitude 5410,1699,1699,ttspl,1028,7498M53,TTSPL4278,1699,RATE_OK
Prisha Insurance Brokers Pvt Ltd,54,Prisha Insurance Brokers Pvt Ltd,name,LOT,D751P53,TTSPL3775,Dell Latitude 5410,1699,1699,ttspl,1029,D751P53,TTSPL3775,1699,RATE_OK
Prisha Insurance Brokers Pvt Ltd,54,Prisha Insurance Brokers Pvt Ltd,name,LOT,C3V51J3,TTSPL7446,Dell Latitude 5420,1700,2467.74,ttspl,8210,C3V51J3,TTSPL7446,1700,RATE_OK
Prisha Insurance Brokers Pvt Ltd,54,Prisha Insurance Brokers Pvt Ltd,name,LOT,9G516D3,TTSPL7431,Dell Latitude 5420,1700,2467.74,ttspl,8195,9G516D3,TTSPL7431,1700,RATE_OK
KV HUMAN RESOURCES SERVICES PRIVATE LIMITED,51,KV HUMAN RESOURCES SERVICES PRIVATE LIMITED,name,LOT,5CG8213BVR,TTSPL3598,HP PROBOOK 640 G4,1249,1249,ttspl,1033,5CG8213BVR,TTSPL3598,1249,RATE_OK
Nexthire LLP,52,Nexthire LLP,name,LOT,5CG8344C3K,TTSPL4091,HP Elitebook 840 G3,999,999,ttspl,1262,5CG8344C3K,TTSPL4091,999,RATE_OK
Nexthire LLP,52,Nexthire LLP,name,LOT,GMMGVD2,TTSPL2052,Dell Latitude E5470,999,999,ttspl,1263,GMMGVD2,TTSPL2052,999,RATE_OK
Nexthire LLP,52,Nexthire LLP,name,LOT,FSCBWD2,TTSPL2901,Dell Latitude 7480,999,999,ttspl,1264,FSCBWD2,TTSPL2901,999,RATE_OK
Nexthire LLP,52,Nexthire LLP,name,LOT,5CD6186JCX,TTSPL2439,HP Probook 440 G3,999,999,ttspl,1265,5CD6186JCX,TTSPL2439,999,RATE_OK
Nexthire LLP,52,Nexthire LLP,name,LOT,3GBBM72,TTSPL3014,Dell Latitude E7470,999,999,ttspl,1268,3GBBM72,TTSPL3014,999,RATE_OK
TripHunter In,69,Trip Hunter,name,LOT,PF32G0SH,TTSPL4684,Lenovo Thinkpad T14,1799,1799,ttspl,1513,PF32G0SH,TTSPL4684,1799,RATE_OK
TripHunter In,69,Trip Hunter,name,LOT,PF32HESF,TTSPL4706,Lenovo Thinkpad T14,1799,1799,ttspl,1514,PF32HESF,TTSPL4706,1799,RATE_OK
TripHunter In,69,Trip Hunter,name,LOT,F3V61F3,TTSPL4535,Dell Latitude 5420,1799,1799,ttspl,1515,F3V61F3,TTSPL4535,1799,RATE_OK
TripHunter In,69,Trip Hunter,name,LOT,PF32H4L3,TTSPL4730,Lenovo Thinkpad T14,1799,1799,ttspl,1516,PF32H4L3,TTSPL4730,1799,RATE_OK
TripHunter In,69,Trip Hunter,name,LOT,PF31NC51,TTSPL4696,Lenovo Thinkpad T14,1799,1799,ttspl,1517,PF31NC51,TTSPL4696,1799,RATE_OK
TripHunter In,69,Trip Hunter,name,LOT,PF3F83WP,TTSPL5228,Lenovo Thinkpad E14 (Gen 2),1799,1799,ttspl,1518,PF3F83WP,TTSPL5228,1799,RATE_OK
TripHunter In,69,Trip Hunter,name,LOT,PF31MVF8,TTSPL4733,Lenovo Thinkpad T14,1799,1799,ttspl,1519,PF31MVF8,TTSPL4733,1799,RATE_OK
TripHunter In,69,Trip Hunter,name,LOT,PG02Y0D9,TTSPL5233,Lenovo Thinkpad E14 (Gen 2),1799,1799,ttspl,1520,PG02Y0D9,TTSPL5233,1799,RATE_OK
TripHunter In,69,Trip Hunter,name,LOT,HF3BW93,TTSPL6546,Dell Latitude 3410,1799,1799,ttspl,2514,HF3BW93,TTSPL6546,1799,RATE_OK
SLEEP MANAGEMENT PRIVATE LIMITED,41,SLEEP MANAGEMENT PRIVATE LIMITED(New),name,LOT,5CG9113C26,TTSPL3583,HP Elitebook 840 G5,1899,1899,ttspl,895,5CG9113C26,TTSPL3583,1899,RATE_OK
SLEEP MANAGEMENT PRIVATE LIMITED,41,SLEEP MANAGEMENT PRIVATE LIMITED(New),name,LOT,J5N28S2,TTSPL3636,Dell Latitude 7490,1499,1499,ttspl,896,J5N28S2,TTSPL3636,1499,RATE_OK
SLEEP MANAGEMENT PRIVATE LIMITED,41,SLEEP MANAGEMENT PRIVATE LIMITED(New),name,LOT,5CG9106BTP,TTSPL3582,HP Elitebook 840 G5,1999,1999,ttspl,897,5CG9106BTP,TTSPL3582,1999,RATE_OK
SLEEP MANAGEMENT PRIVATE LIMITED,41,SLEEP MANAGEMENT PRIVATE LIMITED(New),name,LOT,PF1X6WRS,TTSPL3145,Lenovo Thinkpad T490 (Touchscreen),1499,1499,ttspl,898,PF1X6WRS,TTSPL3145,1499,RATE_OK
SLEEP MANAGEMENT PRIVATE LIMITED,41,SLEEP MANAGEMENT PRIVATE LIMITED(New),name,LOT,PF3SWY21,TTSPL3090,Lenovo Ideapad 3,3799,3799,ttspl,2134,PF3SWY21,TTSPL3090,3799,RATE_OK
SLEEP MANAGEMENT PRIVATE LIMITED,41,SLEEP MANAGEMENT PRIVATE LIMITED(New),name,LOT,JZ6MXD3,TTSPL5071,Dell Latitude 5420,1999,1999,ttspl,2136,JZ6MXD3,TTSPL5071,1999,RATE_OK
SLEEP MANAGEMENT PRIVATE LIMITED,41,SLEEP MANAGEMENT PRIVATE LIMITED(New),name,LOT,PF20TG4F,TTSPL5148,Lenovo Thinkpad T14,1999,1999,ttspl,900,PF20TG4F,TTSPL5148,1999,RATE_OK
SLEEP MANAGEMENT PRIVATE LIMITED,41,SLEEP MANAGEMENT PRIVATE LIMITED(New),name,LOT,HR77C6X2DK,TTSPL5501,Apple Macbook Air,5599,5599,ttspl,2805,HR77C6X2DK,TTSPL5501,5599,RATE_OK
SLEEP MANAGEMENT PRIVATE LIMITED,41,SLEEP MANAGEMENT PRIVATE LIMITED(New),name,LOT,JVXDN644DJ,TTSPL5502,Apple Macbook Air,5599,5599,ttspl,2806,JVXDN644DJ,TTSPL5502,5599,RATE_OK
SLEEP MANAGEMENT PRIVATE LIMITED,41,SLEEP MANAGEMENT PRIVATE LIMITED(New),name,LOT,PF38DF7V,TTSPL5455,Lenovo Thinkpad T14 (Touch Screen),1999,1999,ttspl,901,PF38DF7V,TTSPL5455,1999,RATE_OK
SLEEP MANAGEMENT PRIVATE LIMITED,41,SLEEP MANAGEMENT PRIVATE LIMITED(New),name,LOT,PC1NVAXC,TTSPL3568,Lenovo Thinkpad X-13,1999,1999,ttspl,902,PC1NVAXC,TTSPL3568,1999,RATE_OK
SLEEP MANAGEMENT PRIVATE LIMITED,41,SLEEP MANAGEMENT PRIVATE LIMITED(New),name,LOT,PF2E0GKK,TTSPL3699,Lenovo Thinkpad L14,1999,1999,ttspl,2137,PF2E0GKK,TTSPL3699,1999,RATE_OK
SLEEP MANAGEMENT PRIVATE LIMITED,41,SLEEP MANAGEMENT PRIVATE LIMITED(New),name,LOT,PC261P42,TTSPL4385/TTSPL4376,Lenovo Thinkpad X-13,1999,1999,serial,3062,PC261P42,TTSPL4376,1999,RATE_OK
SLEEP MANAGEMENT PRIVATE LIMITED,41,SLEEP MANAGEMENT PRIVATE LIMITED(New),name,LOT,PC261MJC,TTSPL4373,Lenovo Thinkpad X-13,1999,1999,ttspl,904,PC261MJC,TTSPL4373,1999,RATE_OK
SLEEP MANAGEMENT PRIVATE LIMITED,41,SLEEP MANAGEMENT PRIVATE LIMITED(New),name,LOT,6S64JL3,TTSPL5711,Dell Latitude 3420,1999,1999,ttspl,2431,6S64JL3,TTSPL5711,1999,RATE_OK
SLEEP MANAGEMENT PRIVATE LIMITED,41,SLEEP MANAGEMENT PRIVATE LIMITED(New),name,LOT,5TZ3JL3,TTSPL5724,Dell Latitude 3420,1999,1999,ttspl,2433,5TZ3JL3,TTSPL5724,1999,RATE_OK
SLEEP MANAGEMENT PRIVATE LIMITED,41,SLEEP MANAGEMENT PRIVATE LIMITED(New),name,LOT,9Q834J3,TTSPL5803,Dell Latitude 5420,1999,1999,ttspl,2434,9Q834J3,TTSPL5803,1999,RATE_OK
SLEEP MANAGEMENT PRIVATE LIMITED,41,SLEEP MANAGEMENT PRIVATE LIMITED(New),name,LOT,5CD147H0SB,TTSPL5363,HP Probook 440 G8,1999,1999,ttspl,2807,5CD147H0SB,TTSPL5363,1999,RATE_OK
SLEEP MANAGEMENT PRIVATE LIMITED,41,SLEEP MANAGEMENT PRIVATE LIMITED(New),name,LOT,5CD1315Y4G,TTSPL5330,HP Probook 440 G8,1999,1999,ttspl,2808,5CD1315Y4G,TTSPL5330,1999,RATE_OK
SLEEP MANAGEMENT PRIVATE LIMITED,41,SLEEP MANAGEMENT PRIVATE LIMITED(New),name,LOT,5CD204F3YG,TTSPL5357,HP Probook 440 G8,1999,1999,ttspl,2809,5CD204F3YG,TTSPL5357,1999,RATE_OK
SLEEP MANAGEMENT PRIVATE LIMITED,41,SLEEP MANAGEMENT PRIVATE LIMITED(New),name,LOT,5CD1315XSN,TTSPL5333,HP Probook 440 G8,1999,1999,ttspl,2810,5CD1315XSN,TTSPL5333,1999,RATE_OK
SLEEP MANAGEMENT PRIVATE LIMITED,41,SLEEP MANAGEMENT PRIVATE LIMITED(New),name,LOT,5CD1411HJD,TTSPL5325,HP Probook 440 G8,1999,1999,ttspl,2811,5CD1411HJD,TTSPL5325,1999,RATE_OK
SLEEP MANAGEMENT PRIVATE LIMITED,41,SLEEP MANAGEMENT PRIVATE LIMITED(New),name,LOT,5CD138LYQP,TTSPL5351,HP Probook 440 G8,1999,1999,ttspl,2812,5CD138LYQP,TTSPL5351,1999,RATE_OK
SLEEP MANAGEMENT PRIVATE LIMITED,41,SLEEP MANAGEMENT PRIVATE LIMITED(New),name,LOT,5CD204F3Z6,TTSPL5332,HP Probook 440 G8,1999,1999,ttspl,2813,5CD204F3Z6,TTSPL5332,1999,RATE_OK
SLEEP MANAGEMENT PRIVATE LIMITED,41,SLEEP MANAGEMENT PRIVATE LIMITED(New),name,LOT,CBRD2B3,TTSPL6009,Dell Latitude 3420,1999,1999,ttspl,2436,CBRD2B3,TTSPL6009,1999,RATE_OK
SLEEP MANAGEMENT PRIVATE LIMITED,41,SLEEP MANAGEMENT PRIVATE LIMITED(New),name,LOT,5CD1315YTZ,TTSPL5361,HP Probook 440 G8,1999,1999,ttspl,2814,5CD1315YTZ,TTSPL5361,1999,RATE_OK
SLEEP MANAGEMENT PRIVATE LIMITED,41,SLEEP MANAGEMENT PRIVATE LIMITED(New),name,LOT,5CD112LV8Y,TTSPL6050,HP Probook 440 G8,1999,1999,ttspl,2437,5CD112LV8Y,TTSPL6050,1999,RATE_OK
SLEEP MANAGEMENT PRIVATE LIMITED,41,SLEEP MANAGEMENT PRIVATE LIMITED(New),name,LOT,B4971F3,TTSPL5383,Dell Latitude 5420,1999,1999,ttspl,905,B4971F3,TTSPL5383,1999,RATE_OK
SLEEP MANAGEMENT PRIVATE LIMITED,41,SLEEP MANAGEMENT PRIVATE LIMITED(New),name,LOT,C9YQ1J3,TTSPL4540,Dell Latitude 5420,1999,1999,ttspl,906,C9YQ1J3,TTSPL4540,1999,RATE_OK
SLEEP MANAGEMENT PRIVATE LIMITED,41,SLEEP MANAGEMENT PRIVATE LIMITED(New),name,LOT,5CD1411HHH,TTSPL5360,HP Probook 440 G8,1999,1999,ttspl,2815,5CD1411HHH,TTSPL5360,1999,RATE_OK
SLEEP MANAGEMENT PRIVATE LIMITED,41,SLEEP MANAGEMENT PRIVATE LIMITED(New),name,LOT,CKQYCL3,TTSPL5726,Dell Latitude 3420,1999,1999,ttspl,2438,CKQYCL3,TTSPL5726,1999,RATE_OK
SLEEP MANAGEMENT PRIVATE LIMITED,41,SLEEP MANAGEMENT PRIVATE LIMITED(New),name,LOT,BZQD2B3,TTSPL5777,Dell Latitude 3420,1999,1999,ttspl,2439,BZQD2B3,TTSPL5777,1999,RATE_OK
SLEEP MANAGEMENT PRIVATE LIMITED,41,SLEEP MANAGEMENT PRIVATE LIMITED(New),name,LOT,T7NRCX062643303,TTSPL6057,Asus TUF Gaming A15,5399,5399,ttspl,908,T7NRCX062643303,TTSPL6057,5399,RATE_OK
SLEEP MANAGEMENT PRIVATE LIMITED,41,SLEEP MANAGEMENT PRIVATE LIMITED(New),name,LOT,5CD112LVZ0,TTSPL6578,HP Probook 440 G8,1999,1999,ttspl,2440,5CD112LVZ0,TTSPL6578,1999,RATE_OK
SLEEP MANAGEMENT PRIVATE LIMITED,41,SLEEP MANAGEMENT PRIVATE LIMITED(New),name,LOT,PG02JQML,TTSPL6395,Lenovo Thinkpad E-14 Gen 2,1999,1999,ttspl,2861,PG02JQML,TTSPL6395,1999,RATE_OK
SLEEP MANAGEMENT PRIVATE LIMITED,41,SLEEP MANAGEMENT PRIVATE LIMITED(New),name,LOT,5CD138LWJC,TTSPL5519,HP Probook 440 G8,1999,1999,ttspl,910,5CD138LWJC,TTSPL5519,1999,RATE_OK
SLEEP MANAGEMENT PRIVATE LIMITED,41,SLEEP MANAGEMENT PRIVATE LIMITED(New),name,LOT,PF3FA6CG,TTSPL5267,Lenovo Thinkpad E-14 Gen 2,1999,1999,ttspl,911,PF3FA6CG,TTSPL5267,1999,RATE_OK
SLEEP MANAGEMENT PRIVATE LIMITED,41,SLEEP MANAGEMENT PRIVATE LIMITED(New),name,LOT,6JP5V93,TTSPL6476,Dell Latitude 3410,1899,1899,ttspl,2442,6JP5V93,TTSPL6476,1899,RATE_OK
SLEEP MANAGEMENT PRIVATE LIMITED,41,SLEEP MANAGEMENT PRIVATE LIMITED(New),name,LOT,B29Q463,TTSPL6547,Dell Latitude 3410,1899,1899,ttspl,2443,B29Q463,TTSPL6547,1899,RATE_OK
SLEEP MANAGEMENT PRIVATE LIMITED,41,SLEEP MANAGEMENT PRIVATE LIMITED(New),name,LOT,PG02HYE3,TTSPL6418,Lenovo Thinkpad E-14 Gen 2,1999,1999,ttspl,2862,PG02HYE3,TTSPL6418,1999,RATE_OK
SLEEP MANAGEMENT PRIVATE LIMITED,41,SLEEP MANAGEMENT PRIVATE LIMITED(New),name,LOT,PG02X88K,TTSPL6855,Lenovo Thinkpad L14,1999,1999,ttspl,912,PG02X88K,TTSPL6855,1999,RATE_OK
SLEEP MANAGEMENT PRIVATE LIMITED,41,SLEEP MANAGEMENT PRIVATE LIMITED(New),name,LOT,PG02J3MH,TTSPL6859,Lenovo Thinkpad L14,1999,1999,ttspl,913,PG02J3MH,TTSPL6859,1999,RATE_OK
SLEEP MANAGEMENT PRIVATE LIMITED,41,SLEEP MANAGEMENT PRIVATE LIMITED(New),name,LOT,HLYYJG3,TTSPL6640,Dell Latitude 3420,1999,1999,ttspl,3452,HLYYJG3,TTSPL6640,1999,RATE_OK
SLEEP MANAGEMENT PRIVATE LIMITED,41,SLEEP MANAGEMENT PRIVATE LIMITED(New),name,LOT,5FK5QG3,TTSPL6601,Dell Latitude 3420,1999,1999,ttspl,2744,5FK5QG3,TTSPL6601,1999,RATE_OK
SLEEP MANAGEMENT PRIVATE LIMITED,41,SLEEP MANAGEMENT PRIVATE LIMITED(New),name,LOT,JQRD2B3,TTSPL6693,Dell Latitude 3420,1999,1999,ttspl,3478,JQRD2B3,TTSPL6693,1999,RATE_OK
SLEEP MANAGEMENT PRIVATE LIMITED,41,SLEEP MANAGEMENT PRIVATE LIMITED(New),name,LOT,8TJ5QG3,TTSPL6613,Dell Latitude 3420,1999,1999,ttspl,3438,8TJ5QG3,TTSPL6613,1999,RATE_OK
SLEEP MANAGEMENT PRIVATE LIMITED,41,SLEEP MANAGEMENT PRIVATE LIMITED(New),name,LOT,99ZYJG3,TTSPL6624,Dell Latitude 3420,1999,1999,ttspl,2760,99ZYJG3,TTSPL6624,1999,RATE_OK
SLEEP MANAGEMENT PRIVATE LIMITED,41,SLEEP MANAGEMENT PRIVATE LIMITED(New),name,LOT,4XNYCL3,TTSPL6615,Dell Latitude 3420,1999,1999,ttspl,2746,4XNYCL3,TTSPL6615,1999,RATE_OK
SLEEP MANAGEMENT PRIVATE LIMITED,41,SLEEP MANAGEMENT PRIVATE LIMITED(New),name,LOT,1LTT1B3,TTSPL6066,Dell Latitude 3420,1999,1999,ttspl,2546,1LTT1B3,TTSPL6066,1999,RATE_OK
SLEEP MANAGEMENT PRIVATE LIMITED,41,SLEEP MANAGEMENT PRIVATE LIMITED(New),name,LOT,JRX60J3,TTSPL4827,Dell Latitude 5420,2999,2999,ttspl,3244,JRX60J3,TTSPL4827,2999,RATE_OK
SLEEP MANAGEMENT PRIVATE LIMITED,41,SLEEP MANAGEMENT PRIVATE LIMITED(New),name,LOT,PG02R01M,TTSPL5941,Lenovo Thinkpad E14,1999,1999,ttspl,224,PG02R01M,TTSPL5941,1999,RATE_OK
SLEEP MANAGEMENT PRIVATE LIMITED,41,SLEEP MANAGEMENT PRIVATE LIMITED(New),name,LOT,5CD211D3TW,TTSPL5130,HP Probook 440 G8,2999,2999,ttspl,1436,5CD211D3TW,TTSPL5130,2999,RATE_OK
SLEEP MANAGEMENT PRIVATE LIMITED,41,SLEEP MANAGEMENT PRIVATE LIMITED(New),name,LOT,PG02Y0GJ,TTSPL5268,Lenovo Thinkpad E14 (Gen 2),1999,1999,ttspl,320,PG02Y0GJ,TTSPL5268,1999,RATE_OK
SLEEP MANAGEMENT PRIVATE LIMITED,41,SLEEP MANAGEMENT PRIVATE LIMITED(New),name,LOT,PG02YB0J,TTSPL6384,Lenovo Thinkpad E-14 Gen 2,1999,1999,ttspl,3353,PG02YB0J,TTSPL6384,1999,RATE_OK
SLEEP MANAGEMENT PRIVATE LIMITED,41,SLEEP MANAGEMENT PRIVATE LIMITED(New),name,LOT,PG02YB1V,TTSPL6414,Lenovo Thinkpad E-14 Gen 2,1999,1999,ttspl,3356,PG02YB1V,TTSPL6414,1999,RATE_OK
SLEEP MANAGEMENT PRIVATE LIMITED,41,SLEEP MANAGEMENT PRIVATE LIMITED(New),name,LOT,PG037G6G,TTSPL5942,Lenovo Thinkpad E14,1999,1999,ttspl,3744,PG037G6G,TTSPL5942,1999,RATE_OK
SLEEP MANAGEMENT PRIVATE LIMITED,41,SLEEP MANAGEMENT PRIVATE LIMITED(New),name,LOT,PG02VJPX,TTSPL6386,Lenovo Thinkpad E-14 Gen 2,1999,1999,ttspl,2877,PG02VJPX,TTSPL6386,1999,RATE_OK
SLEEP MANAGEMENT PRIVATE LIMITED,41,SLEEP MANAGEMENT PRIVATE LIMITED(New),name,LOT,PG02SKET,TTSPL5634,Lenovo Thinkpad E14,1999,1999,ttspl,244,PG02SKET,TTSPL5634,1999,RATE_OK
SLEEP MANAGEMENT PRIVATE LIMITED,41,SLEEP MANAGEMENT PRIVATE LIMITED(New),name,LOT,PF3DD6P0,TTSPL5167,Lenovo Thinkpad E14 (Gen 2),1999,1999,ttspl,1779,PF3DD6P0,TTSPL5167,1999,RATE_OK
SLEEP MANAGEMENT PRIVATE LIMITED,41,SLEEP MANAGEMENT PRIVATE LIMITED(New),name,LOT,PG02YB19,TTSPL6407,Lenovo Thinkpad E-14 Gen 2,1999,1999,ttspl,2868,PG02YB19,TTSPL6407,1999,RATE_OK
SLEEP MANAGEMENT PRIVATE LIMITED,41,SLEEP MANAGEMENT PRIVATE LIMITED(New),name,LOT,PG02Y0FM,TTSPL5237,Lenovo Thinkpad E14 (Gen 2),1999,1999,ttspl,1536,PG02Y0FM,TTSPL5237,1999,RATE_OK
SLEEP MANAGEMENT PRIVATE LIMITED,41,SLEEP MANAGEMENT PRIVATE LIMITED(New),name,LOT,PG02S34L,TTSPL5625,Lenovo Thinkpad E14,1999,1999,ttspl,1547,PG02S34L,TTSPL5625,1999,RATE_OK
SLEEP MANAGEMENT PRIVATE LIMITED,41,SLEEP MANAGEMENT PRIVATE LIMITED(New),name,LOT,PG02SKEB,TTSPL5271,Lenovo Thinkpad E14 (Gen 2),1999,1999,ttspl,1538,PG02SKEB,TTSPL5271,1999,RATE_OK
SLEEP MANAGEMENT PRIVATE LIMITED,41,SLEEP MANAGEMENT PRIVATE LIMITED(New),name,LOT,5W5VN73,TTSPL2993,Dell Latitude 5410,1,1,ttspl,2897,5W5VN73,TTSPL2993,1,RATE_OK
SLEEP MANAGEMENT PRIVATE LIMITED,41,SLEEP MANAGEMENT PRIVATE LIMITED(New),name,LOT,PG02YB0A,TTSPL6619,Lenovo Thinkpad E-14 Gen 2,1999,1999,ttspl,3357,PG02YB0A,TTSPL6619,1999,RATE_OK
SLEEP MANAGEMENT PRIVATE LIMITED,41,SLEEP MANAGEMENT PRIVATE LIMITED(New),name,LOT,PG02HVPX,TTSPL6383,Lenovo Thinkpad E-14 Gen 2,1999,1999,ttspl,3349,PG02HVPX,TTSPL6383,1999,RATE_OK
SLEEP MANAGEMENT PRIVATE LIMITED,41,SLEEP MANAGEMENT PRIVATE LIMITED(New),name,LOT,D3Q1F63,TTSPL3437,Dell Latitude 5310 (TOUCH SCREEN),1,1,ttspl,289,D3Q1F63,TTSPL3437,1,RATE_OK
SLEEP MANAGEMENT PRIVATE LIMITED,41,SLEEP MANAGEMENT PRIVATE LIMITED(New),name,LOT,7SST1B3,TTSPL6699,Dell Latitude 3420,1999,1999,ttspl,2753,7SST1B3,TTSPL6699,1999,RATE_OK
SLEEP MANAGEMENT PRIVATE LIMITED,41,SLEEP MANAGEMENT PRIVATE LIMITED(New),name,LOT,7NHBFG3,TTSPL5820,Dell Latitude 3420,1999,1999,ttspl,2626,7NHBFG3,TTSPL5820,1999,RATE_OK
SLEEP MANAGEMENT PRIVATE LIMITED,41,SLEEP MANAGEMENT PRIVATE LIMITED(New),name,LOT,64TD3F3,TTSPL4561,Dell Latitude 5420,1999,1999,ttspl,3114,64TD3F3,TTSPL4561,1999,RATE_OK
SLEEP MANAGEMENT PRIVATE LIMITED,41,SLEEP MANAGEMENT PRIVATE LIMITED(New),name,LOT,5CD3031PKV,TTSPL6566,HP Probook 440 G8,1999,1999,ttspl,2441,5CD3031PKV,TTSPL6566,1999,RATE_OK
SLEEP MANAGEMENT PRIVATE LIMITED,41,SLEEP MANAGEMENT PRIVATE LIMITED(New),name,LOT,6KQ41F3,TTSPL4556,Dell Latitude 5420,1999,1999,ttspl,679,6KQ41F3,TTSPL4556,1999,RATE_OK
SLEEP MANAGEMENT PRIVATE LIMITED,41,SLEEP MANAGEMENT PRIVATE LIMITED(New),name,LOT,PG02SKBN,TTSPL5179,Lenovo Thinkpad E14 (Gen 2),1999,1999,ttspl,3275,PG02SKBN,TTSPL5179,1999,RATE_OK
SLEEP MANAGEMENT PRIVATE LIMITED,41,SLEEP MANAGEMENT PRIVATE LIMITED(New),name,LOT,DCPYCL3,TTSPL6636,Dell Latitude 3420,1999,1999,ttspl,2734,DCPYCL3,TTSPL6636,1999,RATE_OK
SLEEP MANAGEMENT PRIVATE LIMITED,41,SLEEP MANAGEMENT PRIVATE LIMITED(New),name,LOT,PF3B6X06,TTSPL5614,Lenovo Thinkpad E14,1999,1999,ttspl,3222,PF3B6X06,TTSPL5614,1999,RATE_OK
SLEEP MANAGEMENT PRIVATE LIMITED,41,SLEEP MANAGEMENT PRIVATE LIMITED(New),name,LOT,PF32HQTY,TTSPL4714,Lenovo Thinkpad T14,1999,1999,ttspl,1899,PF32HQTY,TTSPL4714,1999,RATE_OK
SLEEP MANAGEMENT PRIVATE LIMITED,41,SLEEP MANAGEMENT PRIVATE LIMITED(New),name,LOT,8TZBRG3,TTSPL5775,Dell Latitude 3420,1999,1999,ttspl,2342,8TZBRG3,TTSPL5775,1999,RATE_OK
SLEEP MANAGEMENT PRIVATE LIMITED,41,SLEEP MANAGEMENT PRIVATE LIMITED(New),name,LOT,5Q6R2F3,TTSPL7296,Dell Latitude 5420,1999,1999,ttspl,4001,5Q6R2F3,TTSPL7296,1999,RATE_OK
SLEEP MANAGEMENT PRIVATE LIMITED,41,SLEEP MANAGEMENT PRIVATE LIMITED(New),name,LOT,J5ZBBK3,TTSPL7330,Dell Latitude 5420,1999,1999,ttspl,4035,J5ZBBK3,TTSPL7330,1999,RATE_OK
SLEEP MANAGEMENT PRIVATE LIMITED,41,SLEEP MANAGEMENT PRIVATE LIMITED(New),name,LOT,CNNGZH3,TTSPL5257,Dell Latitude 5420,1999,1999,ttspl,2217,CNNGZH3,TTSPL5257,1999,RATE_OK
SLEEP MANAGEMENT PRIVATE LIMITED,41,SLEEP MANAGEMENT PRIVATE LIMITED(New),name,LOT,GP5S9C3,TTSPL7302,Dell Latitude 5420,1999,1999,ttspl,4007,GP5S9C3,TTSPL7302,1999,RATE_OK
SLEEP MANAGEMENT PRIVATE LIMITED,41,SLEEP MANAGEMENT PRIVATE LIMITED(New),name,LOT,9LCNFK3,TTSPL7333,Dell Latitude 5420,1999,1999,ttspl,4038,9LCNFK3,TTSPL7333,1999,RATE_OK
SLEEP MANAGEMENT PRIVATE LIMITED,41,SLEEP MANAGEMENT PRIVATE LIMITED(New),name,LOT,2TK24609WX,TTSPL7350,HP ELITEBOOK 640 G9,2699,2699,ttspl,4057,2TK24609WX,TTSPL7350,2699,RATE_OK
SLEEP MANAGEMENT PRIVATE LIMITED,41,SLEEP MANAGEMENT PRIVATE LIMITED(New),name,LOT,R913GZD1,TTSPL7164,Lenovo Thinkpad L13,1999,1999,ttspl,3823,R913GZD1,TTSPL7164,1999,RATE_OK
SLEEP MANAGEMENT PRIVATE LIMITED,41,SLEEP MANAGEMENT PRIVATE LIMITED(New),name,LOT,CXGQGJ3,TTSPL2595,Dell Vostro 3500,2999,2999,ttspl,1073,CXGQGJ3,TTSPL2595,2999,RATE_OK
SLEEP MANAGEMENT PRIVATE LIMITED,41,SLEEP MANAGEMENT PRIVATE LIMITED(New),name,LOT,R913GZ69,TTSPL7254,Lenovo Thinkpad L13,1999,1999,ttspl,3913,R913GZ69,TTSPL7254,1999,RATE_OK
SLEEP MANAGEMENT PRIVATE LIMITED,41,SLEEP MANAGEMENT PRIVATE LIMITED(New),name,LOT,R913GZ6X,TTSPL7165,Lenovo Thinkpad L13,1999,1999,ttspl,3824,R913GZ6X,TTSPL7165,1999,RATE_OK
SLEEP MANAGEMENT PRIVATE LIMITED,41,SLEEP MANAGEMENT PRIVATE LIMITED(New),name,LOT,5CG4052X0X,TTSPL7021,HP Elitebook 840 G10,4500,8129.03,ttspl,3643,5CG4052X0X,TTSPL7021,4500,RATE_OK
SLEEP MANAGEMENT PRIVATE LIMITED,41,SLEEP MANAGEMENT PRIVATE LIMITED(New),name,LOT,76MF6G3,TTSPL7436,Dell Latitude 5420,1999,2063.48,ttspl,8200,76MF6G3,TTSPL7436,1999,RATE_OK
SLEEP MANAGEMENT PRIVATE LIMITED,41,SLEEP MANAGEMENT PRIVATE LIMITED(New),name,LOT,FTYL6J3,TTSPL7521,Dell Latitude 5420,1999,2063.48,ttspl,8437,FTYL6J3,TTSPL7521,1999,RATE_OK
SLEEP MANAGEMENT PRIVATE LIMITED,41,SLEEP MANAGEMENT PRIVATE LIMITED(New),name,LOT,F8SV9K3,TTSPL7517,Dell Latitude 5420,1999,2127.97,ttspl,8433,F8SV9K3,TTSPL7517,1999,RATE_OK
SLEEP MANAGEMENT PRIVATE LIMITED,41,SLEEP MANAGEMENT PRIVATE LIMITED(New),name,LOT,4W5T2F3,TTSPL7531,Dell Latitude 5420,1999,2127.97,ttspl,8447,4W5T2F3,TTSPL7531,1999,RATE_OK
SLEEP MANAGEMENT PRIVATE LIMITED,41,SLEEP MANAGEMENT PRIVATE LIMITED(New),name,LOT,4V8B2F3,TTSPL7553,Dell Latitude 5420,1999,2063.48,ttspl,8718,4V8B2F3,TTSPL7553,1999,RATE_OK
SLEEP MANAGEMENT PRIVATE LIMITED,41,SLEEP MANAGEMENT PRIVATE LIMITED(New),name,LOT,61XP6J3,TTSPL7556,Dell Latitude 5420,1999,2127.97,ttspl,8721,61XP6J3,TTSPL7556,1999,RATE_OK
SLEEP MANAGEMENT PRIVATE LIMITED,41,SLEEP MANAGEMENT PRIVATE LIMITED(New),name,LOT,3FYJZH3,TTSPL7557,Dell Latitude 5420,1999,2127.97,ttspl,8722,3FYJZH3,TTSPL7557,1999,RATE_OK
SPRINGWEL MATTRESSES PRIVATE LIMITED,,,,LOT,PC0ZTLAK,TTSPL3840,Lenovo Thinkpad T480s,1499,1499,ttspl_other_customer,915,PC0ZTLAK,TTSPL3840,1499,RATE_OK
Road Express Technology Pvt. Ltd.,66,ROADEXPRESS TECHNOLOGY PRIVATE LIMITED,name,LOT,5CG5073TDC,TRU698/TTSPL1462,HP Elitebook 840 G1,699,699,ttspl,91,5CG5073TDC,TTSPL1462,699,RATE_OK
Road Express Technology Pvt. Ltd.,66,ROADEXPRESS TECHNOLOGY PRIVATE LIMITED,name,LOT,PC1FBACQ,TTSPL5037,Lenovo Thinkpad T490s,1100,1100,ttspl,94,PC1FBACQ,TTSPL5037,1100,RATE_OK
Road Express Technology Pvt. Ltd.,66,ROADEXPRESS TECHNOLOGY PRIVATE LIMITED,name,LOT,PC1GXJ0R,TTSPL5046,Lenovo Thinkpad T490s,1100,1100,ttspl,96,PC1GXJ0R,TTSPL5046,1100,RATE_OK
Road Express Technology Pvt. Ltd.,66,ROADEXPRESS TECHNOLOGY PRIVATE LIMITED,name,LOT,PF21Q19Y,TTSPL5193,Lenovo Thinkpad T490,1100,1100,ttspl,97,PF21Q19Y,TTSPL5193,1100,RATE_OK
Road Express Technology Pvt. Ltd.,66,ROADEXPRESS TECHNOLOGY PRIVATE LIMITED,name,LOT,PF1C3PQ0,TTSPL5195,Lenovo Thinkpad T490,1100,1100,ttspl,98,PF1C3PQ0,TTSPL5195,1100,RATE_OK
Road Express Technology Pvt. Ltd.,66,ROADEXPRESS TECHNOLOGY PRIVATE LIMITED,name,LOT,6NBWVZ2,TTSPL5477,Dell Latitude 3400,1100,1100,ttspl,2770,6NBWVZ2,TTSPL5477,1100,RATE_OK
Road Express Technology Pvt. Ltd.,66,ROADEXPRESS TECHNOLOGY PRIVATE LIMITED,name,LOT,PF26ZN9W,TTSPL5218,Lenovo Thinkpad T490,1100,1100,ttspl,100,PF26ZN9W,TTSPL5218,1100,RATE_OK
Road Express Technology Pvt. Ltd.,66,ROADEXPRESS TECHNOLOGY PRIVATE LIMITED,name,LOT,JRVNM53,TTSPL5664,Dell Latitude 5400,1100,1100,ttspl,2319,JRVNM53,TTSPL5664,1100,RATE_OK
Road Express Technology Pvt. Ltd.,66,ROADEXPRESS TECHNOLOGY PRIVATE LIMITED,name,LOT,8DHQQ73,TTSPL5677,Dell Latitude 5400,1100,1100,ttspl,2320,8DHQQ73,TTSPL5677,1100,RATE_OK
Road Express Technology Pvt. Ltd.,66,ROADEXPRESS TECHNOLOGY PRIVATE LIMITED,name,LOT,GFLZP13,TTSPL5679,Dell Latitude 5400,1100,1100,ttspl,2321,GFLZP13,TTSPL5679,1100,RATE_OK
Road Express Technology Pvt. Ltd.,66,ROADEXPRESS TECHNOLOGY PRIVATE LIMITED,name,LOT,JMS08S2,TTSPL3663,Dell Latitude 7490,1100,1100,ttspl,101,JMS08S2,TTSPL3663,1100,RATE_OK
Road Express Technology Pvt. Ltd.,66,ROADEXPRESS TECHNOLOGY PRIVATE LIMITED,name,LOT,PC1GXJ1N,TTSPL4961,Lenovo Thinkpad T490s,1100,1100,ttspl,103,PC1GXJ1N,TTSPL4961,1100,RATE_OK
Road Express Technology Pvt. Ltd.,66,ROADEXPRESS TECHNOLOGY PRIVATE LIMITED,name,LOT,PF21PRGR,TTSPL5221,Lenovo Thinkpad T490,1100,1100,ttspl,104,PF21PRGR,TTSPL5221,1100,RATE_OK
Road Express Technology Pvt. Ltd.,66,ROADEXPRESS TECHNOLOGY PRIVATE LIMITED,name,LOT,DP5SWZ2,TTSPL5488,Dell Latitude 3400,1100,1100,ttspl,3628,DP5SWZ2,TTSPL5488,1100,RATE_OK
Road Express Technology Pvt. Ltd.,66,ROADEXPRESS TECHNOLOGY PRIVATE LIMITED,name,LOT,PF1CYQPB,TTSPL3154,Lenovo Thinkpad T490 (Touchscreen),1100,1100,ttspl,824,PF1CYQPB,TTSPL3154,1100,RATE_OK
Road Express Technology Pvt. Ltd.,66,ROADEXPRESS TECHNOLOGY PRIVATE LIMITED,name,LOT,PF1XA91Z,TTSPL3109,Lenovo Thinkpad T490 (Touchscreen),1100,1100,ttspl,1216,PF1XA91Z,TTSPL3109,1100,RATE_OK
Road Express Technology Pvt. Ltd.,66,ROADEXPRESS TECHNOLOGY PRIVATE LIMITED,name,LOT,PC16249P,TTSPL4930,Lenovo Thinkpad T480s,1100,1100,ttspl,3694,PC16249P,TTSPL4930,1100,RATE_OK
Road Express Technology Pvt. Ltd.,66,ROADEXPRESS TECHNOLOGY PRIVATE LIMITED,name,LOT,GSNT7S2,TTSPL2743,Dell Latitude 5490,1100,1100,ttspl,3695,GSNT7S2,TTSPL2743,1100,RATE_OK
Road Express Technology Pvt. Ltd.,66,ROADEXPRESS TECHNOLOGY PRIVATE LIMITED,name,LOT,PF225G3H,TTSPL3128,Lenovo Thinkpad T490 (Touchscreen),1100,1100,ttspl,3746,PF225G3H,TTSPL3128,1100,RATE_OK
Road Express Technology Pvt. Ltd.,66,ROADEXPRESS TECHNOLOGY PRIVATE LIMITED,name,LOT,CZZQ0X2,TTSPL3851,Dell Latitude 7290,1100,1100,ttspl,766,CZZQ0X2,TTSPL3851,1100,RATE_OK
NOTUS SERVICES PRIVATE LIMITED,61,NOTUS SERVICES PRIVATE LIMITED,name,LOT,BMQ72X2,TTSPL4903,Dell Latitude 5490,1299,1299,ttspl,1562,BMQ72X2,TTSPL4903,1299,RATE_OK
NOTUS SERVICES PRIVATE LIMITED,61,NOTUS SERVICES PRIVATE LIMITED,name,LOT,PC28VSNX,TTSPL4456,Lenovo Thinkpad X-13,1999,1999,ttspl,1563,PC28VSNX,TTSPL4456,1999,RATE_OK
NOTUS SERVICES PRIVATE LIMITED,61,NOTUS SERVICES PRIVATE LIMITED,name,LOT,PC164BK4,TTSPL4907,Lenovo Thinkpad T480s,1299,1299,ttspl,1564,PC164BK4,TTSPL4907,1299,RATE_OK
NOTUS SERVICES PRIVATE LIMITED,61,NOTUS SERVICES PRIVATE LIMITED,name,LOT,PC15N2EF,TTSPL4925,Lenovo Thinkpad T480s,1299,1299,ttspl,1565,PC15N2EF,TTSPL4925,1299,RATE_OK
NOTUS SERVICES PRIVATE LIMITED,61,NOTUS SERVICES PRIVATE LIMITED,name,LOT,PC164BEW,TTSPL4953,Lenovo Thinkpad T480s,1299,1299,ttspl,1567,PC164BEW,TTSPL4953,1299,RATE_OK
NOTUS SERVICES PRIVATE LIMITED,61,NOTUS SERVICES PRIVATE LIMITED,name,LOT,PC1GXHXW,TTSPL4962,Lenovo Thinkpad T490s,1299,1299,ttspl,1568,PC1GXHXW,TTSPL4962,1299,RATE_OK
NOTUS SERVICES PRIVATE LIMITED,61,NOTUS SERVICES PRIVATE LIMITED,name,LOT,PC16249V,TTSPL4923,Lenovo Thinkpad T480s,1299,1299,ttspl,1569,PC16249V,TTSPL4923,1299,RATE_OK
NOTUS SERVICES PRIVATE LIMITED,61,NOTUS SERVICES PRIVATE LIMITED,name,LOT,PC1DFHG7,TTSPL4958,Lenovo Thinkpad T490s,1599,1599,ttspl,1570,PC1DFHG7,TTSPL4958,1599,RATE_OK
NOTUS SERVICES PRIVATE LIMITED,61,NOTUS SERVICES PRIVATE LIMITED,name,LOT,PC164BDD,TTSPL5064,Lenovo Thinkpad T480s,1299,1299,ttspl,1571,PC164BDD,TTSPL5064,1299,RATE_OK
NOTUS SERVICES PRIVATE LIMITED,61,NOTUS SERVICES PRIVATE LIMITED,name,LOT,6GTZP13,TTSPL5670,Dell Latitude 5400,1299,1299,ttspl,2525,6GTZP13,TTSPL5670,1299,RATE_OK
NOTUS SERVICES PRIVATE LIMITED,61,NOTUS SERVICES PRIVATE LIMITED,name,LOT,CLSYVZ2,TTSPL5425,Dell Latitude 3400,1299,1299,ttspl,2826,CLSYVZ2,TTSPL5425,1299,RATE_OK
NOTUS SERVICES PRIVATE LIMITED,61,NOTUS SERVICES PRIVATE LIMITED,name,LOT,PF1DUH1Z,TTSPL5249,Lenovo Thinkpad T490,1299,1299,ttspl,760,PF1DUH1Z,TTSPL5249,1299,RATE_OK
NOTUS SERVICES PRIVATE LIMITED,61,NOTUS SERVICES PRIVATE LIMITED,name,LOT,2TK902028D,TTSPL3843,HP Probook 640 G4,1299,1299,ttspl,808,2TK902028D,TTSPL3843,1299,RATE_OK
NOTUS SERVICES PRIVATE LIMITED,61,NOTUS SERVICES PRIVATE LIMITED,name,LOT,4H6BC63,TTSPL6722,Dell Latitude 3410,1999,1999,ttspl,3488,4H6BC63,TTSPL6722,1999,RATE_OK
NOTUS SERVICES PRIVATE LIMITED,61,NOTUS SERVICES PRIVATE LIMITED,name,LOT,PF31M1Z4,TTSPL4710,Lenovo Thinkpad T14,1999,1999,ttspl,3268,PF31M1Z4,TTSPL4710,1999,RATE_OK
NOTUS SERVICES PRIVATE LIMITED,61,NOTUS SERVICES PRIVATE LIMITED,name,LOT,90PXVM3,TTSPL6324,Dell Latitude 5420,2999,2999,ttspl,2523,90PXVM3,TTSPL6324,2999,RATE_OK
NOTUS SERVICES PRIVATE LIMITED,61,NOTUS SERVICES PRIVATE LIMITED,name,LOT,5CD101G0N6,TTSPL6583,HP Probook 430 G8,1999,1999,ttspl,3173,5CD101G0N6,TTSPL6583,1999,RATE_OK
NOTUS SERVICES PRIVATE LIMITED,61,NOTUS SERVICES PRIVATE LIMITED,name,LOT,PG02Y0BH,TTSPL5192,Lenovo Thinkpad E14 (Gen 2),1800,1800,ttspl,3749,PG02Y0BH,TTSPL5192,1800,RATE_OK
NOTUS SERVICES PRIVATE LIMITED,61,NOTUS SERVICES PRIVATE LIMITED,name,LOT,5CG0278QJ1,TTSPL7496,HP Probook 640 G5,1299,1257.1,UNMATCHED,,,,,NOT_IN_CRM_ACTIVE
NOTUS SERVICES PRIVATE LIMITED,61,NOTUS SERVICES PRIVATE LIMITED,name,LOT,5CG02749MF,TTSPL7500,HP Probook 640 G5,1299,1257.1,ttspl,8268,5CG02749MF,TTSPL7500,1299,RATE_OK
B2C (Pranshu Sharma),224,B2C (Pranshu Sharma),name,LOT,4L64QF2,TTSPL1074,Dell Laptop Latitude E5470,2966,2966,ttspl,610,4L64QF2,TTSPL1074,2966,RATE_OK
RAK FITNESS CONSUMER PRIVATE LIMITED,64,RAK Fitness Consumer Private Limited,name,LOT,44HYZF2,TTSPL3330,Dell Latitude E7470,1099,1099,ttspl,825,44HYZF2,TTSPL3330,1099,RATE_OK
RAK FITNESS CONSUMER PRIVATE LIMITED,64,RAK Fitness Consumer Private Limited,name,LOT,8DVY5Q2,TTSPL3667,Latitude 7490,1799,1799,ttspl,827,8DVY5Q2,TTSPL3667,1799,RATE_OK
RAK FITNESS CONSUMER PRIVATE LIMITED,64,RAK Fitness Consumer Private Limited,name,LOT,PF227WM9,TTSPL3185,Thinkpad T490 (Touchscreen),1599,1599,ttspl,828,PF227WM9,TTSPL3185,1599,RATE_OK
RAK FITNESS CONSUMER PRIVATE LIMITED,64,RAK Fitness Consumer Private Limited,name,LOT,5CD9203M5P,TTSPL2662,HP Elitebook X360 1030 G3,2799,2799,ttspl,831,5CD9203M5P,TTSPL2662,2799,RATE_OK
RAK FITNESS CONSUMER PRIVATE LIMITED,64,RAK Fitness Consumer Private Limited,name,LOT,5CD93463NV,TTSPL2247,HP Elitebook X360 1030 G3,2999,2999,ttspl,2271,5CD93463NV,TTSPL2247,2999,RATE_OK
RAK FITNESS CONSUMER PRIVATE LIMITED,64,RAK Fitness Consumer Private Limited,name,LOT,BY4F3Z2,TTSPL3245,Dell Latitude 7400 (Touch Screen),2599,2599,ttspl,830,BY4F3Z2,TTSPL3245,2599,RATE_OK
RAK FITNESS CONSUMER PRIVATE LIMITED,64,RAK Fitness Consumer Private Limited,name,LOT,PF349CXY,TTSPL4707,Lenovo Thinkpad T14,1099,1099,ttspl,833,PF349CXY,TTSPL4707,1099,RATE_OK
RAK FITNESS CONSUMER PRIVATE LIMITED,64,RAK Fitness Consumer Private Limited,name,LOT,BXBD8S2,TTSPL4902,Dell Latitude 5490,1599,1599,ttspl,834,BXBD8S2,TTSPL4902,1599,RATE_OK
RAK FITNESS CONSUMER PRIVATE LIMITED,64,RAK Fitness Consumer Private Limited,name,LOT,8NKYZH3,TTSPL4781,Dell Latitude 5420,2500,2500,ttspl,835,8NKYZH3,TTSPL4781,2500,RATE_OK
RAK FITNESS CONSUMER PRIVATE LIMITED,64,RAK Fitness Consumer Private Limited,name,LOT,JV2X9K3,TTSPL4518,Dell Latitude 5420 (Touch Screen),2500,2500,ttspl,836,JV2X9K3,TTSPL4518,2500,RATE_OK
RAK FITNESS CONSUMER PRIVATE LIMITED,64,RAK Fitness Consumer Private Limited,name,LOT,JJF6R7T3MG,TTSPL6860,Apple Macbook Pro,11000,11000,ttspl,2272,JJF6R7T3MG,TTSPL6860,11000,RATE_OK
RAK FITNESS CONSUMER PRIVATE LIMITED,64,RAK Fitness Consumer Private Limited,name,LOT,CK45QFYTJX,TTSPL7112,Apple Macbook Pro,10000,10000,ttspl,3755,CK45QFYTJX,TTSPL7112,10000,RATE_OK
RAK FITNESS CONSUMER PRIVATE LIMITED,64,RAK Fitness Consumer Private Limited,name,LOT,GP71CWC7QR,TTSPL3329,Apple Macbook Pro,7499,7499,ttspl,2090,GP71CWC7QR,TTSPL3329,7499,RATE_OK
86 AGENCY,128,86 AGENCY,name,LOT,CD5LW33,TTSPL3243,Dell Latitude 7400 (Touch Screen),1999,1999,ttspl,1269,CD5LW33,TTSPL3243,1999,RATE_OK
86 AGENCY,128,86 AGENCY,name,LOT,3351N13,TTSPL3225,Dell Latitude 7400 (Touch Screen),1999,1999,ttspl,1270,3351N13,TTSPL3225,1999,RATE_OK
86 AGENCY,128,86 AGENCY,name,LOT,FTK6N13,TTSPL3136,Dell Latitude 7400 (Touch Screen),1999,1999,ttspl,1271,FTK6N13,TTSPL3136,1999,RATE_OK
86 AGENCY,128,86 AGENCY,name,LOT,1S37N13,TTSPL3139,Dell Latitude 7400 (Touch Screen),1999,1999,ttspl,1273,1S37N13,TTSPL3139,1999,RATE_OK
86 AGENCY,128,86 AGENCY,name,LOT,32S3ZY2,TTSPL3199,Dell Latitude 7400 (Touch Screen),1999,1999,ttspl,1274,32S3ZY2,TTSPL3199,1999,RATE_OK
24X7 STORE PRIVATE LIMITED,24,24X7 STORE PRIVATE LIMITED,name,LOT,PC1HPYMD,TTSPL3426,Lenovo Thinkpad X390,1399,1399,ttspl,1257,PC1HPYMD,TTSPL3426,1399,RATE_OK
24X7 STORE PRIVATE LIMITED,24,24X7 STORE PRIVATE LIMITED,name,LOT,DKXYZY2,TTSPL3832,Dell Latitude 7490,1399,1399,ttspl,2179,DKXYZY2,TTSPL3832,1399,RATE_OK
24X7 STORE PRIVATE LIMITED,24,24X7 STORE PRIVATE LIMITED,name,LOT,9RL00Z2,TTSPL3506,Dell Latitude 7490,1399,1399,ttspl,2180,9RL00Z2,TTSPL3506,1399,RATE_OK
24X7 STORE PRIVATE LIMITED,24,24X7 STORE PRIVATE LIMITED,name,LOT,81381X2,TTSPL4880,Dell Latitude 7490,1399,1399,ttspl,1258,81381X2,TTSPL4880,1399,RATE_OK
24X7 STORE PRIVATE LIMITED,24,24X7 STORE PRIVATE LIMITED,name,LOT,HXTKLN3,TTSPL5395,Dell Latitude 5420 (Touch Screen),1900,1900,ttspl,1259,HXTKLN3,TTSPL5395,1900,RATE_OK
Bench Kart Services Pvt Ltd,129,Benchkart Services Private Limited,name,LOT,CND5184NMK,TTSPL1426,HP Laptop Probook 440 G2,2290,2290,ttspl,588,CND5184NMK,TTSPL1426,2290,RATE_OK
Bench Kart Services Pvt Ltd,129,Benchkart Services Private Limited,name,LOT,9C8P1N2,TTSPL3917,Dell Latitude 7480,1299,1299,ttspl,589,9C8P1N2,TTSPL3917,1299,RATE_OK
Bench Kart Services Pvt Ltd,129,Benchkart Services Private Limited,name,LOT,JPH8103HTJ,TTSPL1885,HP EliteBook 820 G3,1299,1299,ttspl,590,JPH8103HTJ,TTSPL1885,1299,RATE_OK
Bench Kart Services Pvt Ltd,129,Benchkart Services Private Limited,name,LOT,FGYK0N2,TTSPL2941,Dell Latitude 7480,1299,1299,ttspl,591,FGYK0N2,TTSPL2941,1299,RATE_OK
Bench Kart Services Pvt Ltd,129,Benchkart Services Private Limited,name,LOT,1FDHNH2,YASHTRUE1465/TTSPL3251,Dell Latitude E5480,1299,1299,ttspl,592,1FDHNH2,TTSPL3251,1299,RATE_OK
Bench Kart Services Pvt Ltd,129,Benchkart Services Private Limited,name,LOT,5SXRFW2,TTSPL5317,Dell Latitude 5300,1349,1349,ttspl,593,5SXRFW2,TTSPL5317,1349,RATE_OK
Bench Kart Services Pvt Ltd,129,Benchkart Services Private Limited,name,LOT,D89KNN2,TTSPL2935,Dell Latitude 7480,1299,1299,ttspl,3072,D89KNN2,TTSPL2935,1299,RATE_OK
Bench Kart Services Pvt Ltd,129,Benchkart Services Private Limited,name,LOT,D3W7CG2,TTSPL1588,Dell Latitude E5470,1299,1299,ttspl,3290,D3W7CG2,TTSPL1588,1299,RATE_OK
Bench Kart Services Pvt Ltd,129,Benchkart Services Private Limited,name,LOT,5CG514034J,TRU460/TTSPL1042,HP Elitebook 840 G1,1299,1299,serial,3698,5CG514034J,TTSPL1042,1299,RATE_OK
Bench Kart Services Pvt Ltd,129,Benchkart Services Private Limited,name,LOT,FT176H2,TTSPL2762,Dell Latitude E5470,1299,1299,ttspl,3739,FT176H2,TTSPL2762,1299,RATE_OK
SUKHMAA SONS AND ASSOCIATES,42,SUKHMAA SONS AND ASSOCIATES,name,LOT,GC0KQ12,1152/GULSTRUE1019/TTSPL2618,Dell Laptop Latitude E7240,799,799,ttspl,791,GC0KQ12,TTSPL2618,799,RATE_OK
SUKHMAA SONS AND ASSOCIATES,42,SUKHMAA SONS AND ASSOCIATES,name,LOT,8J46BH2,TTSPL2908,Dell Latitude 7480,1399,1399,ttspl,792,8J46BH2,TTSPL2908,1399,RATE_OK
SUKHMAA SONS AND ASSOCIATES,42,SUKHMAA SONS AND ASSOCIATES,name,LOT,CN-05NT8R-PRC00-39K-06KG,MOUSE1,Dell MOUSE,1,1,serial,8285,CN-05NT8R-PRC00-39K-06KG,,1,RATE_OK
SUKHMAA SONS AND ASSOCIATES,42,SUKHMAA SONS AND ASSOCIATES,name,LOT,CN-05NT8R-PRC00-39K-06KF,MOUSE2,Dell MOUSE,1,1,serial,8286,CN-05NT8R-PRC00-39K-06KF,,1,RATE_OK
SUKHMAA SONS AND ASSOCIATES,42,SUKHMAA SONS AND ASSOCIATES,name,LOT,307X022,950/TTSPL2386,Dell Latitude E7240,799,799,ttspl,793,307X022,TTSPL2386,799,RATE_OK
SUKHMAA SONS AND ASSOCIATES,42,SUKHMAA SONS AND ASSOCIATES,name,LOT,9GF4T72,G-COTRUE1034/TTSPL3402,Dell Latitude E5250,799,799,ttspl,795,9GF4T72,TTSPL3402,799,RATE_OK
SUKHMAA SONS AND ASSOCIATES,42,SUKHMAA SONS AND ASSOCIATES,name,LOT,B0B9Q72,YASHTRUE1438/TTSPL2323,Dell Latitude E5470,1399,1399,ttspl,796,B0B9Q72,TTSPL2323,1399,RATE_OK
SUKHMAA SONS AND ASSOCIATES,42,SUKHMAA SONS AND ASSOCIATES,name,LOT,PF1CYLQJ,TTSPL3153,Lenovo Thinkpad T490 (Touchscreen),1599,1599,ttspl,797,PF1CYLQJ,TTSPL3153,1599,RATE_OK
SUKHMAA SONS AND ASSOCIATES,42,SUKHMAA SONS AND ASSOCIATES,name,LOT,D7809H2,TTSPL2902,Dell Latitude 7480,1399,1399,ttspl,798,D7809H2,TTSPL2902,1399,RATE_OK
SUKHMAA SONS AND ASSOCIATES,42,SUKHMAA SONS AND ASSOCIATES,name,LOT,4NY0SQ2,TTSPL4058,Dell Latitude 7490,1399,1399,ttspl,799,4NY0SQ2,TTSPL4058,1399,RATE_OK
SUKHMAA SONS AND ASSOCIATES,42,SUKHMAA SONS AND ASSOCIATES,name,LOT,3YR76M2,TTSPL3908,Dell Latitude 7480,1399,1399,ttspl,800,3YR76M2,TTSPL3908,1399,RATE_OK
SUKHMAA SONS AND ASSOCIATES,42,SUKHMAA SONS AND ASSOCIATES,name,LOT,6F7S4D3,TTSPL4564,Dell Latitude 5420,1799,1799,ttspl,801,6F7S4D3,TTSPL4564,1799,RATE_OK
SUKHMAA SONS AND ASSOCIATES,42,SUKHMAA SONS AND ASSOCIATES,name,LOT,14XN2F3,TTSPL4505,Dell Latitude 5420,1799,1799,ttspl,802,14XN2F3,TTSPL4505,1799,RATE_OK
SUKHMAA SONS AND ASSOCIATES,42,SUKHMAA SONS AND ASSOCIATES,name,LOT,HMW9JR2,TTSPL2332,Dell Latitude 5490,1399,1399,ttspl,803,HMW9JR2,TTSPL2332,1399,RATE_OK
SUKHMAA SONS AND ASSOCIATES,42,SUKHMAA SONS AND ASSOCIATES,name,LOT,99X7JW2,TTSPL5445,Dell Latitude 3400,1649,1649,ttspl,2803,99X7JW2,TTSPL5445,1649,RATE_OK
SUKHMAA SONS AND ASSOCIATES,42,SUKHMAA SONS AND ASSOCIATES,name,LOT,4LTZP13,TTSPL6073,Dell Latitude 5400,1399,1399,ttspl,2424,4LTZP13,TTSPL6073,1399,RATE_OK
SUKHMAA SONS AND ASSOCIATES,42,SUKHMAA SONS AND ASSOCIATES,name,LOT,5CG45131M6,TTSPL1184,HP Elitebook 840 G1,999,999,ttspl,2978,5CG45131M6,TTSPL1184,999,RATE_OK
SUKHMAA SONS AND ASSOCIATES,42,SUKHMAA SONS AND ASSOCIATES,name,LOT,5CG0274CGP,TTSPL7466,HP Probook 640 G5,1599,1805.32,ttspl,8230,5CG0274CGP,TTSPL7466,1599,RATE_OK
DIGITAL NIRVANA INFORMATION SYSTEMS INDIA PRIVATE LIMITED,30,Digital Nirvana Information Systems Pvt Ltd,name,LOT,7MH7693,TTSPL4477,Dell Latitude 5410,2099,2099,ttspl,1278,7MH7693,TTSPL4477,2099,RATE_OK
DIGITAL NIRVANA INFORMATION SYSTEMS INDIA PRIVATE LIMITED,30,Digital Nirvana Information Systems Pvt Ltd,name,LOT,PF31P5WB,TTSPL4691,Lenovo Thinkpad T14,2099,2099,ttspl,1279,PF31P5WB,TTSPL4691,2099,RATE_OK
DIGITAL NIRVANA INFORMATION SYSTEMS INDIA PRIVATE LIMITED,30,Digital Nirvana Information Systems Pvt Ltd,name,LOT,PF2AN13P,TTSPL4450,Lenovo Thinkpad L14,2099,2099,ttspl,1280,PF2AN13P,TTSPL4450,2099,RATE_OK
DIGITAL NIRVANA INFORMATION SYSTEMS INDIA PRIVATE LIMITED,30,Digital Nirvana Information Systems Pvt Ltd,name,LOT,DPQWZH3,TTSPL4749,Dell Latitude 5420,2099,2099,ttspl,1281,DPQWZH3,TTSPL4749,2099,RATE_OK
DIGITAL NIRVANA INFORMATION SYSTEMS INDIA PRIVATE LIMITED,30,Digital Nirvana Information Systems Pvt Ltd,name,LOT,5CD101G0K7,TTSPL6570,HP Probook 430 G8,2099,2099,ttspl,2475,5CD101G0K7,TTSPL6570,2099,RATE_OK
DIGITAL NIRVANA INFORMATION SYSTEMS INDIA PRIVATE LIMITED,30,Digital Nirvana Information Systems Pvt Ltd,name,LOT,GYR1T93,TTSPL6342,Dell Latitude 3410,2099,2099,ttspl,2642,GYR1T93,TTSPL6342,2099,RATE_OK
DIGITAL NIRVANA INFORMATION SYSTEMS INDIA PRIVATE LIMITED,30,Digital Nirvana Information Systems Pvt Ltd,name,LOT,DTY0763,TTSPL4046,Dell Latitude 3410,2099,2099,ttspl,3393,DTY0763,TTSPL4046,2099,RATE_OK
DIGITAL NIRVANA INFORMATION SYSTEMS INDIA PRIVATE LIMITED,30,Digital Nirvana Information Systems Pvt Ltd,name,LOT,PF2R74CA,TTSPL4727,Lenovo Thinkpad T14,2099,3385.48,ttspl,501,PF2R74CA,TTSPL4727,2099,RATE_OK
DIGITAL NIRVANA INFORMATION SYSTEMS INDIA PRIVATE LIMITED,30,Digital Nirvana Information Systems Pvt Ltd,name,LOT,FFKW6G3,TTSPL7449,Dell Latitude 5420,2099,3385.48,ttspl,8213,FFKW6G3,TTSPL7449,2099,RATE_OK
DIGITAL NIRVANA INFORMATION SYSTEMS INDIA PRIVATE LIMITED,30,Digital Nirvana Information Systems Pvt Ltd,name,LOT,GYFS2M3,TTSPL7453,Dell Latitude 5420,2099,3385.48,ttspl,8217,GYFS2M3,TTSPL7453,2099,RATE_OK
DIGITAL NIRVANA INFORMATION SYSTEMS INDIA PRIVATE LIMITED,30,Digital Nirvana Information Systems Pvt Ltd,name,LOT,150S5G3,TTSPL7452,Dell Latitude 5420,2099,3385.48,ttspl,8216,150S5G3,TTSPL7452,2099,RATE_OK
ISCREENING SERVICES PRIVATE LIMITED,35,ISCREENING SERVICES PRIVATE LIMITED,name,LOT,PC164BKV,TTSPL4909,Lenovo Thinkpad T480s,999,999,ttspl,1589,PC164BKV,TTSPL4909,999,RATE_OK
ISCREENING SERVICES PRIVATE LIMITED,35,ISCREENING SERVICES PRIVATE LIMITED,name,LOT,PC16247W,TTSPL4920,Lenovo Thinkpad T480s,999,999,ttspl,1590,PC16247W,TTSPL4920,999,RATE_OK
ISCREENING SERVICES PRIVATE LIMITED,35,ISCREENING SERVICES PRIVATE LIMITED,name,LOT,PC1624A1,TTSPL4922,Lenovo Thinkpad T480s,999,999,ttspl,1591,PC1624A1,TTSPL4922,999,RATE_OK
ISCREENING SERVICES PRIVATE LIMITED,35,ISCREENING SERVICES PRIVATE LIMITED,name,LOT,PC164BJ9,TTSPL4924,Lenovo Thinkpad T480s,999,999,ttspl,1592,PC164BJ9,TTSPL4924,999,RATE_OK
ISCREENING SERVICES PRIVATE LIMITED,35,ISCREENING SERVICES PRIVATE LIMITED,name,LOT,PC16248E,TTSPL4928,Lenovo Thinkpad T480s,999,999,ttspl,1594,PC16248E,TTSPL4928,999,RATE_OK
ISCREENING SERVICES PRIVATE LIMITED,35,ISCREENING SERVICES PRIVATE LIMITED,name,LOT,PC16246M,TTSPL4932,Lenovo Thinkpad T480s,999,999,ttspl,1012,PC16246M,TTSPL4932,999,RATE_OK
TRIPOCLAN TRAVEL PRIVATE LIMITED,45,TRIPOCLAN TRAVEL PRIVATE LIMITED,name,LOT,CKHL6D3,TTSPL4548,Dell Latitude 5420,1799,1799,ttspl,1611,CKHL6D3,TTSPL4548,1799,RATE_OK
TRIPOCLAN TRAVEL PRIVATE LIMITED,45,TRIPOCLAN TRAVEL PRIVATE LIMITED,name,LOT,3T6X3D3,TTSPL4563,Dell Latitude 5420,1500,1500,ttspl,1615,3T6X3D3,TTSPL4563,1500,RATE_OK
TRIPOCLAN TRAVEL PRIVATE LIMITED,45,TRIPOCLAN TRAVEL PRIVATE LIMITED,name,LOT,4C4G6D3,TTSPL4538,Dell Latitude 5420,1799,1799,ttspl,1616,4C4G6D3,TTSPL4538,1799,RATE_OK
TRIPOCLAN TRAVEL PRIVATE LIMITED,45,TRIPOCLAN TRAVEL PRIVATE LIMITED,name,LOT,GDBBZH3,TTSPL4550,Dell Latitude 5420,1799,1799,ttspl,1617,GDBBZH3,TTSPL4550,1799,RATE_OK
TRIPOCLAN TRAVEL PRIVATE LIMITED,45,TRIPOCLAN TRAVEL PRIVATE LIMITED,name,LOT,2P1LNQ3,TTSPL4611,Dell Latitude 5420 (Touch Screen),2799,2799,ttspl,1618,2P1LNQ3,TTSPL4611,2799,RATE_OK
TRIPOCLAN TRAVEL PRIVATE LIMITED,45,TRIPOCLAN TRAVEL PRIVATE LIMITED,name,LOT,HX0B3F3,TTSPL4555,Dell Latitude 5420,1799,1799,ttspl,1619,HX0B3F3,TTSPL4555,1799,RATE_OK
TRIPOCLAN TRAVEL PRIVATE LIMITED,45,TRIPOCLAN TRAVEL PRIVATE LIMITED,name,LOT,HQYF0J3,TTSPL4560,Dell Latitude 5420,1799,1799,ttspl,1620,HQYF0J3,TTSPL4560,1799,RATE_OK
TRIPOCLAN TRAVEL PRIVATE LIMITED,45,TRIPOCLAN TRAVEL PRIVATE LIMITED,name,LOT,PG02YB28,TTSPL6618,Lenovo Thinkpad E-14 Gen 2,1799,1799,ttspl,3351,PG02YB28,TTSPL6618,1799,RATE_OK
TRIPOCLAN TRAVEL PRIVATE LIMITED,45,TRIPOCLAN TRAVEL PRIVATE LIMITED,name,LOT,1NB04D3,TTSPL4486,Dell Latitude 5420,1799,1799,ttspl,3637,1NB04D3,TTSPL4486,1799,RATE_OK
TRIPOCLAN TRAVEL PRIVATE LIMITED,45,TRIPOCLAN TRAVEL PRIVATE LIMITED,name,LOT,24RD2B3,TTSPL6617,Dell Latitude 3420,1799,1799,ttspl,3439,24RD2B3,TTSPL6617,1799,RATE_OK
TRIPOCLAN TRAVEL PRIVATE LIMITED,45,TRIPOCLAN TRAVEL PRIVATE LIMITED,name,LOT,PC28308K,TTSPL4472,Lenovo Thinkpad X-13,1799,1799,ttspl,951,PC28308K,TTSPL4472,1799,RATE_OK
TRIPOCLAN TRAVEL PRIVATE LIMITED,45,TRIPOCLAN TRAVEL PRIVATE LIMITED,name,LOT,CVXTWL3,TTSPL6005,Dell Latitude 3420,1799,1799,ttspl,2435,CVXTWL3,TTSPL6005,1799,RATE_OK
MANNA BIOTECH PRIVATE LIMITED,38,MANNA BIOTECH PRIVATE LIMITED,name,LOT,1TZLHC2,1316/TTSPL4095,Dell Latitude E7470,1099,1099,ttspl,1774,1TZLHC2,TTSPL4095,1099,RATE_OK
MANNA BIOTECH PRIVATE LIMITED,38,MANNA BIOTECH PRIVATE LIMITED,name,LOT,PG04GTEH,TTSPL5112,Lenovo V14 (Gen 3),2118,2118,ttspl,1775,PG04GTEH,TTSPL5112,2118,RATE_OK
Aim Plus Staffing Solutions,130,Aim Plus Staffing Solutions,name,LOT,PC050ULM,TTSPL2424,Lenovo Laptop Thinkpad T450,1500,1500,ttspl,330,PC050ULM,TTSPL2424,1500,RATE_OK
Aim Plus Staffing Solutions,130,Aim Plus Staffing Solutions,name,LOT,CNU425CBPP,TTSPL1995,HP Laptop Elitebook 840 G1,1500,1500,ttspl,331,CNU425CBPP,TTSPL1995,1500,RATE_OK
Aim Plus Staffing Solutions,130,Aim Plus Staffing Solutions,name,LOT,6M726Q2,TTSPL2919,Dell latitude E7480,1590,1590,ttspl,333,6M726Q2,TTSPL2919,1590,RATE_OK
Aim Plus Staffing Solutions,130,Aim Plus Staffing Solutions,name,LOT,WDU410DTCY,TTSPL1977,HP Elitebook 840 G1,1500,1500,ttspl,334,WDU410DTCY,TTSPL1977,1500,RATE_OK
Aim Plus Staffing Solutions,130,Aim Plus Staffing Solutions,name,LOT,659XFC2,TTSPL1608,Dell Latitude E5470,1500,1500,ttspl,335,659XFC2,TTSPL1608,1500,RATE_OK
Aim Plus Staffing Solutions,130,Aim Plus Staffing Solutions,name,LOT,JTTF503,TTSPL4072,Dell Latitude 5310,2999,2999,ttspl,339,JTTF503,TTSPL4072,2999,RATE_OK
Aim Plus Staffing Solutions,130,Aim Plus Staffing Solutions,name,LOT,BMM57Y2,TTSPL4209,Dell Latitude 5400,1500,1500,ttspl_other_customer,341,BMM57Y2,TTSPL4209,1100,RATE_MISMATCH
Aim Plus Staffing Solutions,130,Aim Plus Staffing Solutions,name,LOT,PC164BEV,TTSPL4906,Lenovo Thinkpad T480s,1590,1590,ttspl,342,PC164BEV,TTSPL4906,1590,RATE_OK
Power Parts Pvt. Ltd,75,Power Parts Pvt. Ltd.,name,LOT,FCC8TT2,TTSPL2449,Dell Laptop Latitude 5490,2290,2290,ttspl,267,FCC8TT2,TTSPL2449,2290,RATE_OK
Power Parts Pvt. Ltd,75,Power Parts Pvt. Ltd.,name,LOT,9JV6YH3,TTSPL2596,Dell Vostro 3500,2499,2499,ttspl,268,9JV6YH3,TTSPL2596,2499,RATE_OK
Realvibe digital media pvt. Ltd.,82,RealVibe digital media pvt ltd,name,LOT,SCNRCX03X59651C,TTSPL4885,Asus TUF Gaming A15,4799,4799,ttspl,838,SCNRCX03X59651C,TTSPL4885,4799,RATE_OK
Realvibe digital media pvt. Ltd.,82,RealVibe digital media pvt ltd,name,LOT,T4NRCX04U10418E,TTSPL5023,Asus TUF Gaming A15,4799,4799,ttspl,844,T4NRCX04U10418E,TTSPL5023,4799,RATE_OK
Era Botanics private Limited,33,ERA BOTANICS PRIVATE LIMITED,name,LOT,FY961F3,TTSPL4499,Dell Latitude 5420,1699,1699,ttspl,1572,FY961F3,TTSPL4499,1699,RATE_OK
Era Botanics private Limited,33,ERA BOTANICS PRIVATE LIMITED,name,LOT,DDCC4M3,TTSPL4651,Dell Latitude 5420 (Touch Screen),2299,2299,ttspl,1573,DDCC4M3,TTSPL4651,2299,RATE_OK
Era Botanics private Limited,33,ERA BOTANICS PRIVATE LIMITED,name,LOT,7F970J3,TTSPL4808,Dell Latitude 5420,2299,2299,ttspl,1574,7F970J3,TTSPL4808,2299,RATE_OK
Era Botanics private Limited,33,ERA BOTANICS PRIVATE LIMITED,name,LOT,1SS50J3,TTSPL4766,Dell Latitude 5420,2299,2299,ttspl,1575,1SS50J3,TTSPL4766,2299,RATE_OK
Era Botanics private Limited,33,ERA BOTANICS PRIVATE LIMITED,name,LOT,4F560J3,TTSPL4847,Dell Latitude 5420,2299,2299,ttspl,1576,4F560J3,TTSPL4847,2299,RATE_OK
Era Botanics private Limited,33,ERA BOTANICS PRIVATE LIMITED,name,LOT,PF33YELN,TTSPL5636,Lenovo Thinkpad E14,1699,1699,ttspl,1578,PF33YELN,TTSPL5636,1699,RATE_OK
Era Botanics private Limited,33,ERA BOTANICS PRIVATE LIMITED,name,LOT,1JJ5QG3,TTSPL5719,Dell Latitude 3420,1699,1699,ttspl,2527,1JJ5QG3,TTSPL5719,1699,RATE_OK
Era Botanics private Limited,33,ERA BOTANICS PRIVATE LIMITED,name,LOT,FWNYCL3,TTSPL5821,Dell Latitude 3420,1699,1699,ttspl,2529,FWNYCL3,TTSPL5821,1699,RATE_OK
Era Botanics private Limited,33,ERA BOTANICS PRIVATE LIMITED,name,LOT,HWQD2B3,TTSPL6090,Dell Latitude 3420,1699,1699,ttspl,2530,HWQD2B3,TTSPL6090,1699,RATE_OK
Era Botanics private Limited,33,ERA BOTANICS PRIVATE LIMITED,name,LOT,6641QG3,TTSPL6064,Dell Latitude 3420,1699,1699,ttspl,2531,6641QG3,TTSPL6064,1699,RATE_OK
Era Botanics private Limited,33,ERA BOTANICS PRIVATE LIMITED,name,LOT,34JB2J3,TTSPL6213,Dell Latitude 5420,2299,2299,ttspl,2532,34JB2J3,TTSPL6213,2299,RATE_OK
Era Botanics private Limited,33,ERA BOTANICS PRIVATE LIMITED,name,LOT,B7PXVM3,TTSPL6217,Dell Latitude 5420,2299,2299,ttspl,2533,B7PXVM3,TTSPL6217,2299,RATE_OK
Era Botanics private Limited,33,ERA BOTANICS PRIVATE LIMITED,name,LOT,PG02Y0B7,TTSPL5465,Lenovo Thinkpad E14,1699,1699,ttspl,1580,PG02Y0B7,TTSPL5465,1699,RATE_OK
Era Botanics private Limited,33,ERA BOTANICS PRIVATE LIMITED,name,LOT,20SD2B3,TTSPL6708,Dell Latitude 3420,1699,1699,ttspl,3483,20SD2B3,TTSPL6708,1699,RATE_OK
Era Botanics private Limited,33,ERA BOTANICS PRIVATE LIMITED,name,LOT,95K14M3,TTSPL4609,Dell Latitude 5420 (Touch Screen),3000,3000,ttspl,141,95K14M3,TTSPL4609,3000,RATE_OK
Era Botanics private Limited,33,ERA BOTANICS PRIVATE LIMITED,name,LOT,PF32GK2G,TTSPL5460,Lenovo Thinkpad T14 (Touch Screen),1699,1699,ttspl,3044,PF32GK2G,TTSPL5460,1699,RATE_OK
Era Botanics private Limited,33,ERA BOTANICS PRIVATE LIMITED,name,LOT,FYC2BC3,TTSPL4601,Dell Latitude 5420 (Touch Screen),2299,3485.58,ttspl,1369,FYC2BC3,TTSPL4601,2299,RATE_OK
BROWN ALLIGATOR,132,BROWN ALLIGATOR,name,LOT,PC1NVAXT,TTSPL3547,Lenovo Thinkpad X-13,1699,1699,ttspl,1658,PC1NVAXT,TTSPL3547,1699,RATE_OK
Beom Commerce Private Limited,131,Beom Commerce Private Limited,name,LOT,PC1FBACA,TTSPL5042,Lenovo Thinkpad T490s,950,950,ttspl,1765,PC1FBACA,TTSPL5042,950,RATE_OK
Beom Commerce Private Limited,131,Beom Commerce Private Limited,name,LOT,PC1FBABZ,TTSPL4943,Lenovo Thinkpad T490s,950,950,ttspl,1767,PC1FBABZ,TTSPL4943,950,RATE_OK
Beom Commerce Private Limited,131,Beom Commerce Private Limited,name,LOT,PC0VNSU5,TTSPL5208,Lenovo Thinkpad T480s,950,950,ttspl,1770,PC0VNSU5,TTSPL5208,950,RATE_OK
Beom Commerce Private Limited,131,Beom Commerce Private Limited,name,LOT,3NRD3J3,TTSPL5494,Dell Latitude 5420,1525,1525,ttspl,1773,3NRD3J3,TTSPL5494,1525,RATE_OK
Beom Commerce Private Limited,131,Beom Commerce Private Limited,name,LOT,CWRD2B3,TTSPL5700,Dell Latitude 3420,1525,1525,ttspl,2625,CWRD2B3,TTSPL5700,1525,RATE_OK
Beom Commerce Private Limited,131,Beom Commerce Private Limited,name,LOT,5CG0274DV3,TTSPL7476,HP Probook 640 G5,950,122.58,UNMATCHED,,,,,NOT_IN_CRM_ACTIVE
Beom Commerce Private Limited,131,Beom Commerce Private Limited,name,LOT,5CG0273WJ1,TTSPL7499,HP Probook 640 G5,1250,40.32,ttspl_other_customer,8267,5CG0273WJ1,TTSPL7499,1300,RATE_MISMATCH
Beom Commerce Private Limited,131,Beom Commerce Private Limited,name,LOT,FGHJ2F3,TTSPL7504,Dell Latitude 5420,1525,1918.55,ttspl,8272,FGHJ2F3,TTSPL7504,1525,RATE_OK
Beom Commerce Private Limited,131,Beom Commerce Private Limited,name,LOT,5L491J3,TTSPL7528,Dell Latitude 5420,1525,1918.55,ttspl,8444,5L491J3,TTSPL7528,1525,RATE_OK
Beom Commerce Private Limited,131,Beom Commerce Private Limited,name,LOT,5CG0278FK8,TTSPL7485,HP Probook 640 G5,1250,1290.32,ttspl,8249,5CG0278FK8,TTSPL7485,1250,RATE_OK
SARTHHAKAI PRIVATE LIMITED,39,SARTHHAKAI PRIVATE LIMITED,name,LOT,G60Q24675V,TTSPL5030,Apple Macbook Pro,4999,4999,ttspl,2206,G60Q24675V,TTSPL5030,4999,RATE_OK
SARTHHAKAI PRIVATE LIMITED,39,SARTHHAKAI PRIVATE LIMITED,name,LOT,FVFHVC53Q05D,TTSPL1933,Apple Macbook Pro,4999,4999,ttspl,2207,FVFHVC53Q05D,TTSPL1933,4999,RATE_OK
SARTHHAKAI PRIVATE LIMITED,39,SARTHHAKAI PRIVATE LIMITED,name,LOT,CND12403F1,TTSPL3990,HP Elitebook 1040 G8,3990,3990,ttspl,1659,CND12403F1,TTSPL3990,3990,RATE_OK
SARTHHAKAI PRIVATE LIMITED,39,SARTHHAKAI PRIVATE LIMITED,name,LOT,MQD4RXJNYQ,TTSPL5851,Apple Macbook Pro,8999,8999,ttspl,2208,MQD4RXJNYQ,TTSPL5851,8999,RATE_OK
SARTHHAKAI PRIVATE LIMITED,39,SARTHHAKAI PRIVATE LIMITED,name,LOT,C97MF69W02,TTSPL3216,Apple Macbook Pro,5999,5999,ttspl,1660,C97MF69W02,TTSPL3216,5999,RATE_OK
SYNERGY SOFTWARES LIMITED,44,SYNERGY SOFTWARES LIMITED,name,LOT,1ZBDQ92,YASHTRUE1454/TTSPL3993,Dell Latitude E5470,1450,1450,ttspl,606,1ZBDQ92,TTSPL3993,1450,RATE_OK
SYNERGY SOFTWARES LIMITED,44,SYNERGY SOFTWARES LIMITED,name,LOT,2W4DN73,TTSPL5668,Dell Latitude 5400,1700,1700,ttspl,2386,2W4DN73,TTSPL5668,1700,RATE_OK
SYNERGY SOFTWARES LIMITED,44,SYNERGY SOFTWARES LIMITED,name,LOT,F75F1N2,TTSPL3668,Dell Latitude 7490,1700,1700,ttspl,607,F75F1N2,TTSPL3668,1700,RATE_OK
SYNERGY SOFTWARES LIMITED,44,SYNERGY SOFTWARES LIMITED,name,LOT,8LQHPQ2,TTSPL3652,Dell Latitude 7490,1700,1700,ttspl,608,8LQHPQ2,TTSPL3652,1700,RATE_OK
Inaya Reality,34,Inaya Realty,name,LOT,4X87YY2,TTSPL2975,Dell Latitude 7400,2199,2199,ttspl,529,4X87YY2,TTSPL2975,2199,RATE_OK
Inaya Reality,34,Inaya Realty,name,LOT,4D48WD2,TTSPL2877,Dell Latitude E7470,999,999,ttspl,530,4D48WD2,TTSPL2877,999,RATE_OK
Inaya Reality,34,Inaya Realty,name,LOT,55GG463,TTSPL6241,Dell Latitude 3410,2199,2199,ttspl,3747,55GG463,TTSPL6241,2199,RATE_OK
Inaya Reality,34,Inaya Realty,name,LOT,5CG6420BYN,TRU1011/TTSPL1465,HP Elitebook 820 G3,999,999,serial,3701,5CG6420BYN,TTSPL1465,999,RATE_OK
DASH AST TECHNOLOGY LLP,140,DASH AST TECHNOLOGY LLP,name,LOT,5ZM7103,TTSPL5443,Dell Latitude 3400,999,999,ttspl,2828,5ZM7103,TTSPL5443,999,RATE_OK
DASH AST TECHNOLOGY LLP,140,DASH AST TECHNOLOGY LLP,name,LOT,15R7103,TTSPL5430,Dell Latitude 3400,999,999,ttspl,2829,15R7103,TTSPL5430,999,RATE_OK
Mobifly Brain Box,143,BRAINBOX NETWORK,inferred_from_ttspl,LOT,CN-0657PN-64180-548-046B,TRUETECH-1,Dell Monitor,1,1,serial,8284,CN-0657PN-64180-548-046B,,1,RATE_OK
Mobifly Brain Box,143,BRAINBOX NETWORK,inferred_from_ttspl,LOT,PC0152DG,TTSPL1983,Lenovo Laptop Thinkpad T440,1750,1750,ttspl,616,PC0152DG,TTSPL1983,1750,RATE_OK
Mobifly Brain Box,143,BRAINBOX NETWORK,inferred_from_ttspl,LOT,C0VM622,TRU985/TTSPL1486,Dell Laptop Latitude E7240,1750,1750,ttspl,618,C0VM622,TTSPL1486,1750,RATE_OK
Mobifly Brain Box,143,BRAINBOX NETWORK,inferred_from_ttspl,LOT,1NL8102,1158/TTSPL3830,Dell Latitude E7240,1750,1750,ttspl,620,1NL8102,TTSPL3830,1750,RATE_OK
Mobifly Brain Box,143,BRAINBOX NETWORK,inferred_from_ttspl,LOT,1Q74PV2,TTSPL2626,Dell Latitude 5490,1750,1750,ttspl,623,1Q74PV2,TTSPL2626,1750,RATE_OK
Mobifly Brain Box,143,BRAINBOX NETWORK,inferred_from_ttspl,LOT,613CVN2,TTSPL3844,Dell Latitude 7490,1750,1750,ttspl,624,613CVN2,TTSPL3844,1750,RATE_OK
Mobifly Brain Box,143,BRAINBOX NETWORK,inferred_from_ttspl,LOT,PF2GNQWD,TTSPL5593,Lenovo Thinkpad T14,1800,1800,ttspl,625,PF2GNQWD,TTSPL5593,1800,RATE_OK
Mobifly Brain Box,143,BRAINBOX NETWORK,inferred_from_ttspl,LOT,3T2FL13,TTSPL6676,Dell Latitude 5400,1750,1750,UNMATCHED,,,,,NOT_IN_CRM_ACTIVE
Mobifly Brain Box,143,BRAINBOX NETWORK,inferred_from_ttspl,LOT,PF26J5SF,TTSPL3187,Lenovo Thinkpad T490 (Touchscreen),1750,1750,ttspl,626,PF26J5SF,TTSPL3187,1750,RATE_OK
Mobifly Brain Box,143,BRAINBOX NETWORK,inferred_from_ttspl,LOT,8MVDQ13,TTSPL6590,Dell Latitude 5400,1750,1750,ttspl,2388,8MVDQ13,TTSPL6590,1750,RATE_OK
Mobifly Brain Box,143,BRAINBOX NETWORK,inferred_from_ttspl,LOT,C1QM763,TTSPL6473,Dell Latitude 3410,1800,1800,ttspl,2389,C1QM763,TTSPL6473,1800,RATE_OK
Mobifly Brain Box,143,BRAINBOX NETWORK,inferred_from_ttspl,LOT,146JX52,GANPTRUE1043/TTSPL2366,Dell Latitude E7250,1890,1890,ttspl,3198,146JX52,TTSPL2366,1890,RATE_OK
Mobifly Brain Box,143,BRAINBOX NETWORK,inferred_from_ttspl,LOT,3F3BW93,TTSPL6459,Dell Latitude 3410,1700,1700,ttspl,3409,3F3BW93,TTSPL6459,1700,RATE_OK
Mobifly Brain Box,143,BRAINBOX NETWORK,inferred_from_ttspl,LOT,PC1X7F4D/PC1X7G4H,TTSPL6573,Lenovo Thinkpad T14s,1750,1750,ttspl,3345,PC1X7F4D,TTSPL6573,1750,RATE_OK
Mobifly Brain Box,143,BRAINBOX NETWORK,inferred_from_ttspl,LOT,GBK5QG3,TTSPL6706,Dell Latitude 3420,1800,1800,ttspl,2743,GBK5QG3,TTSPL6706,1800,RATE_OK
Mobifly Brain Box,143,BRAINBOX NETWORK,inferred_from_ttspl,LOT,DBP1T93,TTSPL6293,Dell Latitude 3410,1800,2729.03,ttspl,2636,DBP1T93,TTSPL6293,1800,RATE_OK
Mobifly Brain Box,143,BRAINBOX NETWORK,inferred_from_ttspl,LOT,4CP1T93,TTSPL6329,Dell Latitude 3410,1800,2670.97,ttspl_other_customer,2468,4CP1T93,TTSPL6329,1499,RATE_MISMATCH
BMRV Engineering Consultants LLP,137,BMRV Engineering Consultants LLP,name,LOT,46R76J3,TTSPL5068,Dell Latitude 5420,1699,1699,ttspl,2114,46R76J3,TTSPL5068,1699,RATE_OK
BMRV Engineering Consultants LLP,137,BMRV Engineering Consultants LLP,name,LOT,DZQD2B3,TTSPL5826,Dell Latitude 3420,2400,2400,ttspl,2384,DZQD2B3,TTSPL5826,2400,RATE_OK
BMRV Engineering Consultants LLP,137,BMRV Engineering Consultants LLP,name,LOT,4JYQ793,TTSPL3785,Dell Latitude 5410,1699,1699,ttspl,3109,4JYQ793,TTSPL3785,1699,RATE_OK
BMRV Engineering Consultants LLP,137,BMRV Engineering Consultants LLP,name,LOT,JBQF2F3,TTSPL2988,Dell Latitude 5411,1699,1699,ttspl,1995,JBQF2F3,TTSPL2988,1699,RATE_OK
BMRV Engineering Consultants LLP,137,BMRV Engineering Consultants LLP,name,LOT,PF241R3A,TTSPL6186,Lenovo Thinkpad T14,1699,1699,ttspl,3341,PF241R3A,TTSPL6186,1699,RATE_OK
BMRV Engineering Consultants LLP,137,BMRV Engineering Consultants LLP,name,LOT,PF1VL76Y,TTSPL6901,Lenovo Thinkpad T14,1699,1699,ttspl,3248,PF1VL76Y,TTSPL6901,1699,RATE_OK
BMRV Engineering Consultants LLP,137,BMRV Engineering Consultants LLP,name,LOT,J2WJ6J3,TTSPL4554,Dell Latitude 5420,1699,1699,ttspl,1543,J2WJ6J3,TTSPL4554,1699,RATE_OK
BMRV Engineering Consultants LLP,137,BMRV Engineering Consultants LLP,name,LOT,5CD112KG3G,TTSPL6576,HP Probook 440 G8,2199,2199,ttspl,3432,5CD112KG3G,TTSPL6576,2199,RATE_OK
BMRV Engineering Consultants LLP,137,BMRV Engineering Consultants LLP,name,LOT,R913GZCJ,TTSPL7181,Lenovo Thinkpad L13,2199,2199,ttspl,3840,R913GZCJ,TTSPL7181,2199,RATE_OK
BMRV Engineering Consultants LLP,137,BMRV Engineering Consultants LLP,name,LOT,R913GZ3E,TTSPL7226,Lenovo Thinkpad L13,2199,2199,ttspl,3885,R913GZ3E,TTSPL7226,2199,RATE_OK
BMRV Engineering Consultants LLP,137,BMRV Engineering Consultants LLP,name,LOT,R913EBXH,TTSPL7152,Lenovo Thinkpad L13,2199,2199,ttspl,3811,R913EBXH,TTSPL7152,2199,RATE_OK
BMRV Engineering Consultants LLP,137,BMRV Engineering Consultants LLP,name,LOT,R913GZG6,TTSPL7278,Lenovo Thinkpad L13,2199,2199,ttspl,3937,R913GZG6,TTSPL7278,2199,RATE_OK
BMRV Engineering Consultants LLP,137,BMRV Engineering Consultants LLP,name,LOT,5CD112KFHX,TTSPL6568,HP Probook 440 G8,2199,2199,ttspl,2350,5CD112KFHX,TTSPL6568,2199,RATE_OK
Techsur Solutions Private Limited/Naraharisetty Bobby B2C,90,TECHSUR INNOVATIONS PRIVATE LIMITED,inferred_from_ttspl,LOT,PF53B3YJ,TTSPL5108,Lenovo V14 (Gen 3),2399,2399,ttspl,1815,PF53B3YJ,TTSPL5108,2399,RATE_OK
Techsur Solutions Private Limited/Naraharisetty Bobby B2C,90,TECHSUR INNOVATIONS PRIVATE LIMITED,inferred_from_ttspl,LOT,PG0324LJ,TTSPL5598,Lenovo Thinkpad E14,1999,1999,ttspl,1818,PG0324LJ,TTSPL5598,1999,RATE_OK
Techsur Solutions Private Limited/Naraharisetty Bobby B2C,90,TECHSUR INNOVATIONS PRIVATE LIMITED,inferred_from_ttspl,LOT,86060J3,TTSPL4850,Dell Latitude 5420,2999,2999,ttspl,1820,86060J3,TTSPL4850,2999,RATE_OK
Techsur Solutions Private Limited/Naraharisetty Bobby B2C,90,TECHSUR INNOVATIONS PRIVATE LIMITED,inferred_from_ttspl,LOT,4136HK3,TTSPL5792,Dell Latitude 5420,2999,2999,ttspl,2556,4136HK3,TTSPL5792,2999,RATE_OK
Techsur Solutions Private Limited/Naraharisetty Bobby B2C,90,TECHSUR INNOVATIONS PRIVATE LIMITED,inferred_from_ttspl,LOT,5CD102GX1Y,TTSPL6096,HP Probook 430 G8,1999,1999,ttspl,2557,5CD102GX1Y,TTSPL6096,1999,RATE_OK
Techsur Solutions Private Limited/Naraharisetty Bobby B2C,90,TECHSUR INNOVATIONS PRIVATE LIMITED,inferred_from_ttspl,LOT,9XRD2B3,TTSPL6625,Dell Latitude 3420,1999,1999,ttspl,3444,9XRD2B3,TTSPL6625,1999,RATE_OK
Techsur Solutions Private Limited/Naraharisetty Bobby B2C,90,TECHSUR INNOVATIONS PRIVATE LIMITED,inferred_from_ttspl,LOT,PF32FWCQ,TTSPL4726,Lenovo Thinkpad T14,1999,1999,ttspl,3096,PF32FWCQ,TTSPL4726,1999,RATE_OK
Techsur Solutions Private Limited/Naraharisetty Bobby B2C,90,TECHSUR INNOVATIONS PRIVATE LIMITED,inferred_from_ttspl,LOT,PG02WQXV,TTSPL6747,Lenovo ThinkPad L14,2500,2500,ttspl,1920,PG02WQXV,TTSPL6747,2500,RATE_OK
Techsur Solutions Private Limited/Naraharisetty Bobby B2C,90,TECHSUR INNOVATIONS PRIVATE LIMITED,inferred_from_ttspl,LOT,5SQWZH3,TTSPL4841,Dell Latitude 5420,3500,3500,ttspl,1108,5SQWZH3,TTSPL4841,3500,RATE_OK
Techsur Solutions Private Limited/Naraharisetty Bobby B2C,90,TECHSUR INNOVATIONS PRIVATE LIMITED,inferred_from_ttspl,LOT,G249PQ3,TTSPL4606,Dell Latitude 5420 (Touch Screen),3500,3500,ttspl,1361,G249PQ3,TTSPL4606,3500,RATE_OK
Techsur Solutions Private Limited/Naraharisetty Bobby B2C,90,TECHSUR INNOVATIONS PRIVATE LIMITED,inferred_from_ttspl,LOT,GSJQQG3,TTSPL7046,Dell Latitude 5320 (Touch Screen),5000,5000,ttspl,3676,GSJQQG3,TTSPL7046,5000,RATE_OK
Techsur Solutions Private Limited/Naraharisetty Bobby B2C,90,TECHSUR INNOVATIONS PRIVATE LIMITED,inferred_from_ttspl,LOT,5CG211BD9Q,TTSPL6684,HP Elitebook 840 G8,5000,5000,ttspl,237,5CG211BD9Q,TTSPL6684,5000,RATE_OK
Techsur Solutions Private Limited/Naraharisetty Bobby B2C,90,TECHSUR INNOVATIONS PRIVATE LIMITED,inferred_from_ttspl,LOT,4ND2QG3,TTSPL6638,Dell Latitude 3420,1999,3804.55,ttspl,3450,4ND2QG3,TTSPL6638,1999,RATE_OK
Techsur Solutions Private Limited/Naraharisetty Bobby B2C,90,TECHSUR INNOVATIONS PRIVATE LIMITED,inferred_from_ttspl,LOT,DV4FYD3,TTSPL4614,Dell Latitude 5420 (Touch Screen),5000,1290.32,ttspl_other_customer,83,DV4FYD3,TTSPL4614,2750,RATE_MISMATCH
Techsur Solutions Private Limited/Naraharisetty Bobby B2C,90,TECHSUR INNOVATIONS PRIVATE LIMITED,inferred_from_ttspl,LOT,87SWVW3,TTSPL7423,Dell Latitude 7440,5000,8709.68,ttspl,8187,87SWVW3,TTSPL7423,5000,RATE_OK
Upila Digital,28,Upila Digital,name,LOT,PF54RHP6,TTSPL5114,Lenovo V14 (Gen 3),2499,2499,ttspl,1871,PF54RHP6,TTSPL5114,2499,RATE_OK
Upila Digital,28,Upila Digital,name,LOT,PG04FBAG,TTSPL5011,Lenovo V14 (Gen 3),2499,2499,ttspl,1872,PG04FBAG,TTSPL5011,2499,RATE_OK
Upila Digital,28,Upila Digital,name,LOT,PG04FH24,TTSPL4984,Lenovo V14 (Gen 3),2499,2499,ttspl,1873,PG04FH24,TTSPL4984,2499,RATE_OK
Upila Digital,28,Upila Digital,name,LOT,7YR1T93,TTSPL5647,Dell Latitude 3410,1599,1599,ttspl,2563,7YR1T93,TTSPL5647,1599,RATE_OK
Upila Digital,28,Upila Digital,name,LOT,T7NRCX06257130C,TTSPL6205,Asus TUF Gaming A15,5500,5500,ttspl,1874,T7NRCX06257130C,TTSPL6205,5500,RATE_OK
Upila Digital,28,Upila Digital,name,LOT,7QXJ9Y2,TTSPL4141,Dell Latitude 5501,3000,3000,ttspl,1875,7QXJ9Y2,TTSPL4141,3000,RATE_OK
Upila Digital,28,Upila Digital,name,LOT,5CG9164RKD,TTSPL2358,HP Elitebook 840 G5,1399,1399,ttspl,2030,5CG9164RKD,TTSPL2358,1399,RATE_OK
Upila Digital,28,Upila Digital,name,LOT,PG04FH20,TTSPL4971,Lenovo V14 (Gen 3),2499,2499,ttspl,1474,PG04FH20,TTSPL4971,2499,RATE_OK
Upila Digital,28,Upila Digital,name,LOT,R913GZ74,TTSPL7179,Lenovo Thinkpad L13,2499,2499,ttspl,3838,R913GZ74,TTSPL7179,2499,RATE_OK
Upila Digital,28,Upila Digital,name,LOT,PF54Q5CF,TTSPL4967,Lenovo V14 (Gen 3),2499,2499,ttspl,1407,PF54Q5CF,TTSPL4967,2499,RATE_OK
Upila Digital,28,Upila Digital,name,LOT,24QBKR3,TTSPL6365,Dell Latitude 7430,2499,4756.16,ttspl,3112,24QBKR3,TTSPL6365,2499,RATE_OK
Upila Digital,28,Upila Digital,name,LOT,9NS0BC3,TTSPL4226,Dell Latitude 5410,2999,3676.19,ttspl,1454,9NS0BC3,TTSPL4226,2999,RATE_OK
TOWN CONTACTS TECHNOLOGIES PRIVATE LIMITED,91,Town Contact Technologies Private Limited,name,LOT,DWZ04M3,TTSPL4659,Dell Latitude 5420 (Touch Screen),1999,1999,ttspl,1829,DWZ04M3,TTSPL4659,1999,RATE_OK
TOWN CONTACTS TECHNOLOGIES PRIVATE LIMITED,91,Town Contact Technologies Private Limited,name,LOT,BYMVZH3,TTSPL4805,Dell Latitude 5420,1999,1999,ttspl,1830,BYMVZH3,TTSPL4805,1999,RATE_OK
TOWN CONTACTS TECHNOLOGIES PRIVATE LIMITED,91,Town Contact Technologies Private Limited,name,LOT,7XC7S93,TTSPL4285,Dell Latitude 5320,1999,1999,ttspl,1831,7XC7S93,TTSPL4285,1999,RATE_OK
TOWN CONTACTS TECHNOLOGIES PRIVATE LIMITED,91,Town Contact Technologies Private Limited,name,LOT,4D0WZH3,TTSPL4776,Dell Latitude 5420,1999,1999,ttspl,1832,4D0WZH3,TTSPL4776,1999,RATE_OK
TOWN CONTACTS TECHNOLOGIES PRIVATE LIMITED,91,Town Contact Technologies Private Limited,name,LOT,G6JH2F3,TTSPL4649,Dell Latitude 5420 (Touch Screen),1999,1999,ttspl,1834,G6JH2F3,TTSPL4649,1999,RATE_OK
TOWN CONTACTS TECHNOLOGIES PRIVATE LIMITED,91,Town Contact Technologies Private Limited,name,LOT,5TF53B3,TTSPL4259,Dell Latitude 5320,1999,1999,ttspl,1835,5TF53B3,TTSPL4259,1999,RATE_OK
TOWN CONTACTS TECHNOLOGIES PRIVATE LIMITED,91,Town Contact Technologies Private Limited,name,LOT,G882PQ2,TTSPL2882,Dell Latitude 7490,1299,1299,ttspl,1836,G882PQ2,TTSPL2882,1299,RATE_OK
TOWN CONTACTS TECHNOLOGIES PRIVATE LIMITED,91,Town Contact Technologies Private Limited,name,LOT,9W26HK3,TTSPL6224,Dell Latitude 5420,2199,2199,ttspl,2558,9W26HK3,TTSPL6224,2199,RATE_OK
TOWN CONTACTS TECHNOLOGIES PRIVATE LIMITED,91,Town Contact Technologies Private Limited,name,LOT,D5PXVM3,TTSPL6356,Dell Latitude 5420,1999,1999,ttspl,2559,D5PXVM3,TTSPL6356,1999,RATE_OK
TOWN CONTACTS TECHNOLOGIES PRIVATE LIMITED,91,Town Contact Technologies Private Limited,name,LOT,JXMVZH3,TTSPL4799,Dell Latitude 5420,1999,1999,ttspl,1837,JXMVZH3,TTSPL4799,1999,RATE_OK
TOWN CONTACTS TECHNOLOGIES PRIVATE LIMITED,91,Town Contact Technologies Private Limited,name,LOT,B7R60J3,TTSPL4783,Dell Latitude 5420,1999,1999,ttspl,1838,B7R60J3,TTSPL4783,1999,RATE_OK
TOWN CONTACTS TECHNOLOGIES PRIVATE LIMITED,91,Town Contact Technologies Private Limited,name,LOT,3FF8HK3,TTSPL6514,Dell Latitude 5420,1999,1999,ttspl,2560,3FF8HK3,TTSPL6514,1999,RATE_OK
Aksum Trademart Pvt Ltd,135,AKSUM TRADEMART PRIVATE LIMITED,name,LOT,GD9PZD3,TTSPL5258,Dell Latitude 5420,1699,1699,ttspl,2211,GD9PZD3,TTSPL5258,1699,RATE_OK
Aksum Trademart Pvt Ltd,135,AKSUM TRADEMART PRIVATE LIMITED,name,LOT,7JRD2B3,TTSPL5834,Dell Latitude 3420,1699,1699,ttspl,2476,7JRD2B3,TTSPL5834,1699,RATE_OK
Aksum Trademart Pvt Ltd,135,AKSUM TRADEMART PRIVATE LIMITED,name,LOT,R913GZ3Z,TTSPL7222,Lenovo Thinkpad L13,1699,1699,ttspl,3881,R913GZ3Z,TTSPL7222,1699,RATE_OK
Aksum Trademart Pvt Ltd,135,AKSUM TRADEMART PRIVATE LIMITED,name,LOT,R913GZDG,TTSPL7166,Lenovo Thinkpad L13,1699,1699,ttspl,3825,R913GZDG,TTSPL7166,1699,RATE_OK
Aksum Trademart Pvt Ltd,135,AKSUM TRADEMART PRIVATE LIMITED,name,LOT,J8RD2B3,TTSPL5839,Dell Latitude 3420,1700,1700,ttspl,2536,J8RD2B3,TTSPL5839,1700,RATE_OK
Aksum Trademart Pvt Ltd,135,AKSUM TRADEMART PRIVATE LIMITED,name,LOT,R913GZF5,TTSPL7183,Lenovo Thinkpad L13,1700,3290.32,ttspl,3842,R913GZF5,TTSPL7183,1700,RATE_OK
Aksum Trademart Pvt Ltd,135,AKSUM TRADEMART PRIVATE LIMITED,name,LOT,2Z341F3,TTSPL7518,Dell Latitude 5420,1700,2193.55,ttspl,8434,2Z341F3,TTSPL7518,1700,RATE_OK
Aksum Trademart Pvt Ltd,135,AKSUM TRADEMART PRIVATE LIMITED,name,LOT,GMRS2F3,TTSPL7522,Dell Latitude 5420,1700,2193.55,ttspl,8438,GMRS2F3,TTSPL7522,1700,RATE_OK
Ritu David Consulting/Data Duck,88,RITU DAVID CONSULTING,name,LOT,PG02Y0D0,TTSPL5274,Lenovo Thinkpad E14 (Gen 2),1999,1999,ttspl,1860,PG02Y0D0,TTSPL5274,1999,RATE_OK
Ritu David Consulting/Data Duck,88,RITU DAVID CONSULTING,name,LOT,5CD4407S98,TTSPL5509,HP Probook 450 G10,3999,3999,ttspl,1861,5CD4407S98,TTSPL5509,3999,RATE_OK
Ritu David Consulting/Data Duck,88,RITU DAVID CONSULTING,name,LOT,C633JL3,TTSPL5717,Dell Latitude 3420,1999,1999,ttspl,2561,C633JL3,TTSPL5717,1999,RATE_OK
Ritu David Consulting/Data Duck,88,RITU DAVID CONSULTING,name,LOT,DHNQ9462HG,TTSPL6044,APPLE MACBOOK AIR,5799,5799,ttspl,2293,DHNQ9462HG,TTSPL6044,5799,RATE_OK
Ritu David Consulting/Data Duck,88,RITU DAVID CONSULTING,name,LOT,T7NRCX062662307,TTSPL6428,Asus TUF Gaming A15,5999,5999,ttspl,1862,T7NRCX062662307,TTSPL6428,5999,RATE_OK
Ritu David Consulting/Data Duck,88,RITU DAVID CONSULTING,name,LOT,CSVH3T3,TTSPL6927,Dell Latitude 7330 (Touch),3799,3799,ttspl,1863,CSVH3T3,TTSPL6927,3799,RATE_OK
Ritu David Consulting/Data Duck,88,RITU DAVID CONSULTING,name,LOT,5CG208B0HZ,TTSPL7011,HP Elitebook 840 G8,3399,3399,ttspl,3618,5CG208B0HZ,TTSPL7011,3399,RATE_OK
Ritu David Consulting/Data Duck,88,RITU DAVID CONSULTING,name,LOT,5CD4407S8T,TTSPL5510,HP Probook 450 G10,3999,3999,ttspl,202,5CD4407S8T,TTSPL5510,3999,RATE_OK
Ritu David Consulting/Data Duck,88,RITU DAVID CONSULTING,name,LOT,2TK25009FP,TTSPL7343,HP ELITEBOOK 640 G9,2799,2799,ttspl,4050,2TK25009FP,TTSPL7343,2799,RATE_OK
Ritu David Consulting/Data Duck,88,RITU DAVID CONSULTING,name,LOT,J0Y6V999LJ,TTSPL7356,APPLE MACBOOK PRO,11000,11000,ttspl,4067,J0Y6V999LJ,TTSPL7356,11000,RATE_OK
Ritu David Consulting/Data Duck,88,RITU DAVID CONSULTING,name,LOT,2TK24908R1,TTSPL7349,HP ELITEBOOK 640 G9,2799,2799,ttspl,4056,2TK24908R1,TTSPL7349,2799,RATE_OK
Ritu David Consulting/Data Duck,88,RITU DAVID CONSULTING,name,LOT,CX450Q0YFJ,TTSPL7357,APPLE MACBOOK PRO,12999,20966.13,ttspl,4068,CX450Q0YFJ,TTSPL7357,12999,RATE_OK
Ritu David Consulting/Data Duck,88,RITU DAVID CONSULTING,name,LOT,FVFGW781Q05D,TTSPL2082,APPLE MACBOOK PRO,4999,6289.06,ttspl,2258,FVFGW781Q05D,TTSPL2082,4999,RATE_OK
URBANLOGIX GLOBAL INDIA PRIVATE LIMITED,92,URBANLOGIX GLOBAL INDIA PRIVATE LIMITED,name,LOT,6YZYPH2,TTSPL2904,Dell Latitude 7480,899,899,ttspl,1784,6YZYPH2,TTSPL2904,899,RATE_OK
URBANLOGIX GLOBAL INDIA PRIVATE LIMITED,92,URBANLOGIX GLOBAL INDIA PRIVATE LIMITED,name,LOT,5FCMPN2,TTSPL3829,Dell Latitude 7480,899,899,ttspl,1785,5FCMPN2,TTSPL3829,899,RATE_OK
URBANLOGIX GLOBAL INDIA PRIVATE LIMITED,92,URBANLOGIX GLOBAL INDIA PRIVATE LIMITED,name,LOT,BRRCQH2,TTSPL1050,Dell Latitude 7480,899,899,ttspl,1786,BRRCQH2,TTSPL1050,899,RATE_OK
URBANLOGIX GLOBAL INDIA PRIVATE LIMITED,92,URBANLOGIX GLOBAL INDIA PRIVATE LIMITED,name,LOT,PC0GAJCX,TTSPL2695,Lenovo Thinkpad T460,899,899,ttspl,1787,PC0GAJCX,TTSPL2695,899,RATE_OK
URBANLOGIX GLOBAL INDIA PRIVATE LIMITED,92,URBANLOGIX GLOBAL INDIA PRIVATE LIMITED,name,LOT,PF0WSBHH,TTSPL2379,Lenovo Thinkpad T470 (Touch Screen),899,899,ttspl,1788,PF0WSBHH,TTSPL2379,899,RATE_OK
URBANLOGIX GLOBAL INDIA PRIVATE LIMITED,92,URBANLOGIX GLOBAL INDIA PRIVATE LIMITED,name,LOT,JC493G2,YASHTRUE1421/TTSPL2633,Dell Latitude E5470,899,899,ttspl,1789,JC493G2,TTSPL2633,899,RATE_OK
URBANLOGIX GLOBAL INDIA PRIVATE LIMITED,92,URBANLOGIX GLOBAL INDIA PRIVATE LIMITED,name,LOT,PF2C80J5,TTSPL4867,Lenovo Thinkpad L14,999,999,ttspl,1790,PF2C80J5,TTSPL4867,999,RATE_OK
URBANLOGIX GLOBAL INDIA PRIVATE LIMITED,92,URBANLOGIX GLOBAL INDIA PRIVATE LIMITED,name,LOT,2V37P72,TTSPL2879,Dell Latitude E7470,899,899,ttspl,1791,2V37P72,TTSPL2879,899,RATE_OK
URBANLOGIX GLOBAL INDIA PRIVATE LIMITED,92,URBANLOGIX GLOBAL INDIA PRIVATE LIMITED,name,LOT,4J0DN73,TTSPL5641,Dell Latitude 5400,999,999,ttspl,2548,4J0DN73,TTSPL5641,999,RATE_OK
URBANLOGIX GLOBAL INDIA PRIVATE LIMITED,92,URBANLOGIX GLOBAL INDIA PRIVATE LIMITED,name,LOT,1MDNXY2,TTSPL5639,Dell Latitude 5400,999,999,ttspl,2549,1MDNXY2,TTSPL5639,999,RATE_OK
URBANLOGIX GLOBAL INDIA PRIVATE LIMITED,92,URBANLOGIX GLOBAL INDIA PRIVATE LIMITED,name,LOT,FKSWN73,TTSPL5640,Dell Latitude 5400,999,999,ttspl,2550,FKSWN73,TTSPL5640,999,RATE_OK
URBANLOGIX GLOBAL INDIA PRIVATE LIMITED,92,URBANLOGIX GLOBAL INDIA PRIVATE LIMITED,name,LOT,5CG64669TZ,1042/TTSPL1491,HP Elitebook 820 G3,899,899,ttspl,1794,5CG64669TZ,TTSPL1491,899,RATE_OK
URBANLOGIX GLOBAL INDIA PRIVATE LIMITED,92,URBANLOGIX GLOBAL INDIA PRIVATE LIMITED,name,LOT,CG61QN2,TTSPL2981,Dell Latitude 7480,899,899,ttspl,1795,CG61QN2,TTSPL2981,899,RATE_OK
URBANLOGIX GLOBAL INDIA PRIVATE LIMITED,92,URBANLOGIX GLOBAL INDIA PRIVATE LIMITED,name,LOT,3GD6SF2,TTSPL2876,Dell Latitude E7470,899,899,ttspl,1796,3GD6SF2,TTSPL2876,899,RATE_OK
URBANLOGIX GLOBAL INDIA PRIVATE LIMITED,92,URBANLOGIX GLOBAL INDIA PRIVATE LIMITED,name,LOT,6H1LWF2,TTSPL2597,Dell Latitude E5570,899,899,ttspl,1797,6H1LWF2,TTSPL2597,899,RATE_OK
URBANLOGIX GLOBAL INDIA PRIVATE LIMITED,92,URBANLOGIX GLOBAL INDIA PRIVATE LIMITED,name,LOT,1PJ3VF2,YASHTRUE1441/TTSPL2341,Dell Latitude E5470,899,899,ttspl,1798,1PJ3VF2,TTSPL2341,899,RATE_OK
URBANLOGIX GLOBAL INDIA PRIVATE LIMITED,92,URBANLOGIX GLOBAL INDIA PRIVATE LIMITED,name,LOT,4VNCQC2,TTSPL2870,Dell Latitude E7470,899,899,ttspl,1799,4VNCQC2,TTSPL2870,899,RATE_OK
URBANLOGIX GLOBAL INDIA PRIVATE LIMITED,92,URBANLOGIX GLOBAL INDIA PRIVATE LIMITED,name,LOT,C3BVPV2,TTSPL2658,Dell Latitude 5490,999,999,ttspl,1800,C3BVPV2,TTSPL2658,999,RATE_OK
URBANLOGIX GLOBAL INDIA PRIVATE LIMITED,92,URBANLOGIX GLOBAL INDIA PRIVATE LIMITED,name,LOT,3RV6PQ2,TTSPL3638,Dell Latitude 7490,999,999,ttspl,1801,3RV6PQ2,TTSPL3638,999,RATE_OK
URBANLOGIX GLOBAL INDIA PRIVATE LIMITED,92,URBANLOGIX GLOBAL INDIA PRIVATE LIMITED,name,LOT,20L6TT2,TTSPL3331,Dell Latitude 7390,999,999,ttspl,1802,20L6TT2,TTSPL3331,999,RATE_OK
URBANLOGIX GLOBAL INDIA PRIVATE LIMITED,92,URBANLOGIX GLOBAL INDIA PRIVATE LIMITED,name,LOT,GN9BQH2,1546/TTSPL1045,Dell Latitude E7480,999,999,ttspl,1803,GN9BQH2,TTSPL1045,999,RATE_OK
URBANLOGIX GLOBAL INDIA PRIVATE LIMITED,92,URBANLOGIX GLOBAL INDIA PRIVATE LIMITED,name,LOT,CTVPMV2,TTSPL5907,Dell Latitude 5490,999,999,ttspl,2836,CTVPMV2,TTSPL5907,999,RATE_OK
URBANLOGIX GLOBAL INDIA PRIVATE LIMITED,92,URBANLOGIX GLOBAL INDIA PRIVATE LIMITED,name,LOT,FPY6QN2,TTSPL3055,Dell Latitude 7490,999,999,ttspl,1804,FPY6QN2,TTSPL3055,999,RATE_OK
URBANLOGIX GLOBAL INDIA PRIVATE LIMITED,92,URBANLOGIX GLOBAL INDIA PRIVATE LIMITED,name,LOT,3P7GN73,TTSPL6072,Dell Latitude 5400,999,999,ttspl,2551,3P7GN73,TTSPL6072,999,RATE_OK
URBANLOGIX GLOBAL INDIA PRIVATE LIMITED,92,URBANLOGIX GLOBAL INDIA PRIVATE LIMITED,name,LOT,H23FN73,TTSPL6088,Dell Latitude 5400,999,999,ttspl,2552,H23FN73,TTSPL6088,999,RATE_OK
URBANLOGIX GLOBAL INDIA PRIVATE LIMITED,92,URBANLOGIX GLOBAL INDIA PRIVATE LIMITED,name,LOT,CS28WT2,TTSPL1991,Dell Latitude 5490,999,999,ttspl,2292,CS28WT2,TTSPL1991,999,RATE_OK
URBANLOGIX GLOBAL INDIA PRIVATE LIMITED,92,URBANLOGIX GLOBAL INDIA PRIVATE LIMITED,name,LOT,843FQN2,TTSPL3845,Dell Latitude 7490,999,999,ttspl,1805,843FQN2,TTSPL3845,999,RATE_OK
URBANLOGIX GLOBAL INDIA PRIVATE LIMITED,92,URBANLOGIX GLOBAL INDIA PRIVATE LIMITED,name,LOT,H26Q4Q2,TTSPL3657,Dell Latitude 7490,999,999,ttspl,1806,H26Q4Q2,TTSPL3657,999,RATE_OK
URBANLOGIX GLOBAL INDIA PRIVATE LIMITED,92,URBANLOGIX GLOBAL INDIA PRIVATE LIMITED,name,LOT,PC1GXG4T,TTSPL4957,Lenovo Thinkpad T490s,999,999,ttspl,1807,PC1GXG4T,TTSPL4957,999,RATE_OK
URBANLOGIX GLOBAL INDIA PRIVATE LIMITED,92,URBANLOGIX GLOBAL INDIA PRIVATE LIMITED,name,LOT,PF1S2LE4,TTSPL2678,Lenovo Thinkpad T480 (Touchscreen),999,999,ttspl,1808,PF1S2LE4,TTSPL2678,999,RATE_OK
URBANLOGIX GLOBAL INDIA PRIVATE LIMITED,92,URBANLOGIX GLOBAL INDIA PRIVATE LIMITED,name,LOT,CY2BNF2,TTSPL4898,Dell Latitude 5490,899,899,ttspl,1809,CY2BNF2,TTSPL4898,899,RATE_OK
URBANLOGIX GLOBAL INDIA PRIVATE LIMITED,92,URBANLOGIX GLOBAL INDIA PRIVATE LIMITED,name,LOT,4KSZP13,TTSPL6586,Dell Latitude 5400,999,999,ttspl,2554,4KSZP13,TTSPL6586,999,RATE_OK
URBANLOGIX GLOBAL INDIA PRIVATE LIMITED,92,URBANLOGIX GLOBAL INDIA PRIVATE LIMITED,name,LOT,8ZRC1X2,TTSPL3881,Dell Latitude 7490,999,999,ttspl,1810,8ZRC1X2,TTSPL3881,999,RATE_OK
URBANLOGIX GLOBAL INDIA PRIVATE LIMITED,92,URBANLOGIX GLOBAL INDIA PRIVATE LIMITED,name,LOT,5CG9175H5V,TTSPL3534,HP Elitebook 840 G5,999,999,ttspl,1811,5CG9175H5V,TTSPL3534,999,RATE_OK
URBANLOGIX GLOBAL INDIA PRIVATE LIMITED,92,URBANLOGIX GLOBAL INDIA PRIVATE LIMITED,name,LOT,38F1SQ2,TTSPL3065,Dell Latitude 7490,999,999,ttspl,3540,38F1SQ2,TTSPL3065,999,RATE_OK
URBANLOGIX GLOBAL INDIA PRIVATE LIMITED,92,URBANLOGIX GLOBAL INDIA PRIVATE LIMITED,name,LOT,PC1EZAKF,TTSPL3428,Lenovo Thinkpad X390,999,999,ttspl,114,PC1EZAKF,TTSPL3428,999,RATE_OK
URBANLOGIX GLOBAL INDIA PRIVATE LIMITED,92,URBANLOGIX GLOBAL INDIA PRIVATE LIMITED,name,LOT,5CD6253M1M,TTSPL1425,HP Probook 430 G3,999,999,ttspl,3306,5CD6253M1M,TTSPL1425,999,RATE_OK
URBANLOGIX GLOBAL INDIA PRIVATE LIMITED,92,URBANLOGIX GLOBAL INDIA PRIVATE LIMITED,name,LOT,PC0CM2CE,TTSPL3295,Lenovo Thinkpad T450,999,999,ttspl,720,PC0CM2CE,TTSPL3295,999,RATE_OK
URBANLOGIX GLOBAL INDIA PRIVATE LIMITED,92,URBANLOGIX GLOBAL INDIA PRIVATE LIMITED,name,LOT,5CG6373P33,TTSPLGR0143,HP Elitebook 820 G3,999,999,ttspl,2939,5CG6373P33,TTSPLGR0143,999,RATE_OK
URBANLOGIX GLOBAL INDIA PRIVATE LIMITED,92,URBANLOGIX GLOBAL INDIA PRIVATE LIMITED,name,LOT,7RP68S2,TTSPL3662,Dell Latitude 7490,999,999,ttspl,929,7RP68S2,TTSPL3662,999,RATE_OK
URBANLOGIX GLOBAL INDIA PRIVATE LIMITED,92,URBANLOGIX GLOBAL INDIA PRIVATE LIMITED,name,LOT,B5LZ5Q2,TTSPL3896,Dell Latitude 7490,999,999,ttspl,1005,B5LZ5Q2,TTSPL3896,999,RATE_OK
URBANLOGIX GLOBAL INDIA PRIVATE LIMITED,92,URBANLOGIX GLOBAL INDIA PRIVATE LIMITED,name,LOT,FG1PM53,TTSPL5678,Dell Latitude 5400,999,999,ttspl,2575,FG1PM53,TTSPL5678,999,RATE_OK
RASAYANAM NUTRIPHARM PRIVATE LIMITED,81,RASAYANAM NUTRIPHARM PRIVATE LIMITED,name,LOT,T3NRCX01V05912C,TTSPL4858,Asus TUF Gaming A15,4999,4999,ttspl,1876,T3NRCX01V05912C,TTSPL4858,4999,RATE_OK
DELPHI INFOTECH PRIVATE LIMITED,78,DELPHI INFOTECH PRIVATE LIMITED,name,LOT,H8J7JW2,TTSPL5315,Dell Latitude 5300,1399,1399,ttspl,3201,H8J7JW2,TTSPL5315,1399,RATE_OK
Easy Fix Handy Solutions India Private Limited,141,Easy Fix Handy Solutions India Private Limited,name,LOT,JYMVZH3,TTSPL4878,Dell Latitude 5420 (Touch Screen),2500,2500,ttspl,1840,JYMVZH3,TTSPL4878,2500,RATE_OK
Easy Fix Handy Solutions India Private Limited,141,Easy Fix Handy Solutions India Private Limited,name,LOT,PF1XQ4WP,TTSPL5211,Lenovo Thinkpad T490,1099,1099,ttspl,1839,PF1XQ4WP,TTSPL5211,1099,RATE_OK
Easy Fix Handy Solutions India Private Limited,141,Easy Fix Handy Solutions India Private Limited,name,LOT,PF20R50C,TTSPL5291,Lenovo Thinkpad T14,1400,1400,ttspl,1841,PF20R50C,TTSPL5291,1400,RATE_OK
Easy Fix Handy Solutions India Private Limited,141,Easy Fix Handy Solutions India Private Limited,name,LOT,PF1A658C,TTSPL6106,Lenovo Thinkpad T14,1400,1400,ttspl,1842,PF1A658C,TTSPL6106,1400,RATE_OK
Easy Fix Handy Solutions India Private Limited,141,Easy Fix Handy Solutions India Private Limited,name,LOT,PF1A9KVM,TTSPL6109,Lenovo Thinkpad T14,1400,1400,ttspl,1843,PF1A9KVM,TTSPL6109,1400,RATE_OK
Easy Fix Handy Solutions India Private Limited,141,Easy Fix Handy Solutions India Private Limited,name,LOT,PF1BWK6H,TTSPL6114,Lenovo Thinkpad T14,1400,1400,ttspl,1844,PF1BWK6H,TTSPL6114,1400,RATE_OK
Easy Fix Handy Solutions India Private Limited,141,Easy Fix Handy Solutions India Private Limited,name,LOT,PF254RFP,TTSPL6116,Lenovo Thinkpad T14,1400,1400,ttspl,1845,PF254RFP,TTSPL6116,1400,RATE_OK
Easy Fix Handy Solutions India Private Limited,141,Easy Fix Handy Solutions India Private Limited,name,LOT,PF254R65,TTSPL6120,Lenovo Thinkpad T14,1400,1400,ttspl,1846,PF254R65,TTSPL6120,1400,RATE_OK
Easy Fix Handy Solutions India Private Limited,141,Easy Fix Handy Solutions India Private Limited,name,LOT,PF1BXETF,TTSPL6148,Lenovo Thinkpad T14,1400,1400,ttspl,1847,PF1BXETF,TTSPL6148,1400,RATE_OK
Easy Fix Handy Solutions India Private Limited,141,Easy Fix Handy Solutions India Private Limited,name,LOT,PF31SD0B,TTSPL6162,Lenovo Thinkpad T14,1400,1400,ttspl,1849,PF31SD0B,TTSPL6162,1400,RATE_OK
Easy Fix Handy Solutions India Private Limited,141,Easy Fix Handy Solutions India Private Limited,name,LOT,PF1VPSAB,TTSPL6199,Lenovo Thinkpad T14,1400,1400,ttspl,1850,PF1VPSAB,TTSPL6199,1400,RATE_OK
Easy Fix Handy Solutions India Private Limited,141,Easy Fix Handy Solutions India Private Limited,name,LOT,PF31SKGH,TTSPL6176,Lenovo Thinkpad T14,1400,1400,ttspl,1851,PF31SKGH,TTSPL6176,1400,RATE_OK
Easy Fix Handy Solutions India Private Limited,141,Easy Fix Handy Solutions India Private Limited,name,LOT,PF32J3VG,TTSPL4715,Lenovo Thinkpad T14,1400,1400,ttspl,1852,PF32J3VG,TTSPL4715,1400,RATE_OK
Easy Fix Handy Solutions India Private Limited,141,Easy Fix Handy Solutions India Private Limited,name,LOT,PC1X7G35,TTSPL5967,Lenovo Thinkpad T14s,1400,1400,ttspl,1854,PC1X7G35,TTSPL5967,1400,RATE_OK
Easy Fix Handy Solutions India Private Limited,141,Easy Fix Handy Solutions India Private Limited,name,LOT,PC1X7G6C,TTSPL5969,Lenovo Thinkpad T14s,1400,1400,ttspl,1855,PC1X7G6C,TTSPL5969,1400,RATE_OK
Easy Fix Handy Solutions India Private Limited,141,Easy Fix Handy Solutions India Private Limited,name,LOT,PF1VPWS1,TTSPL6140,Lenovo Thinkpad T14,1400,1400,ttspl,1856,PF1VPWS1,TTSPL6140,1400,RATE_OK
Easy Fix Handy Solutions India Private Limited,141,Easy Fix Handy Solutions India Private Limited,name,LOT,PF1A9KWW,TTSPL6123,Lenovo Thinkpad T14,1400,1400,ttspl,1858,PF1A9KWW,TTSPL6123,1400,RATE_OK
Easy Fix Handy Solutions India Private Limited,141,Easy Fix Handy Solutions India Private Limited,name,LOT,PF1A6SD0,TTSPL6147,Lenovo Thinkpad T14,1400,1400,ttspl,3338,PF1A6SD0,TTSPL6147,1400,RATE_OK
Easy Fix Handy Solutions India Private Limited,141,Easy Fix Handy Solutions India Private Limited,name,LOT,PF2G7SB0,TTSPL5902,Lenovo Thinkpad T14,1400,1400,ttspl,3342,PF2G7SB0,TTSPL5902,1400,RATE_OK
Easy Fix Handy Solutions India Private Limited,141,Easy Fix Handy Solutions India Private Limited,name,LOT,PF31SCS7,TTSPL6190,Lenovo Thinkpad T14,1400,1400,ttspl,3235,PF31SCS7,TTSPL6190,1400,RATE_OK
Easy Fix Handy Solutions India Private Limited,141,Easy Fix Handy Solutions India Private Limited,name,LOT,PF254Q61,TTSPL6918,Lenovo Thinkpad T14,1400,1400,ttspl,3262,PF254Q61,TTSPL6918,1400,RATE_OK
Easy Fix Handy Solutions India Private Limited,141,Easy Fix Handy Solutions India Private Limited,name,LOT,PF2GP0ZL,TTSPL5860,Lenovo Thinkpad T14,1400,1400,ttspl,3340,PF2GP0ZL,TTSPL5860,1400,RATE_OK
Easy Fix Handy Solutions India Private Limited,141,Easy Fix Handy Solutions India Private Limited,name,LOT,PF1SVP34,TTSPL5149,Lenovo Thinkpad T14,1400,1400,ttspl,3243,PF1SVP34,TTSPL5149,1400,RATE_OK
Easy Fix Handy Solutions India Private Limited,141,Easy Fix Handy Solutions India Private Limited,name,LOT,PF31SJBW,TTSPL6170,Lenovo Thinkpad T14,1400,1400,ttspl,3771,PF31SJBW,TTSPL6170,1400,RATE_OK
Easy Fix Handy Solutions India Private Limited,141,Easy Fix Handy Solutions India Private Limited,name,LOT,PF2AKSL3,TTSPL4443,Lenovo Thinkpad L14,1400,1400,ttspl,672,PF2AKSL3,TTSPL4443,1400,RATE_OK
Easy Fix Handy Solutions India Private Limited,141,Easy Fix Handy Solutions India Private Limited,name,LOT,PF244SXY,TTSPL6900,Lenovo Thinkpad T14,1400,1400,ttspl,3303,PF244SXY,TTSPL6900,1400,RATE_OK
Clanify Media Private Limited,138,Clanify Media Private Limited,name,LOT,PF26JSRW,TTSPL3239,Lenovo Thinkpad T490 (Touchscreen),1200,1200,ttspl,966,PF26JSRW,TTSPL3239,1200,RATE_OK
Clanify Media Private Limited,138,Clanify Media Private Limited,name,LOT,90TX303,TTSPL4084,Dell Latitude 5310,1799,1799,ttspl,967,90TX303,TTSPL4084,1799,RATE_OK
Clanify Media Private Limited,138,Clanify Media Private Limited,name,LOT,PC1NVVAD,TTSPL3538,Lenovo Thinkpad X-13,1799,1799,ttspl,968,PC1NVVAD,TTSPL3538,1799,RATE_OK
Clanify Media Private Limited,138,Clanify Media Private Limited,name,LOT,PC1S0LAW,TTSPL3578,Lenovo Thinkpad X-13,1799,1799,ttspl,969,PC1S0LAW,TTSPL3578,1799,RATE_OK
Clanify Media Private Limited,138,Clanify Media Private Limited,name,LOT,HJFNS93,TTSPL6347,Dell Latitude 3410,1799,1799,ttspl,2446,HJFNS93,TTSPL6347,1799,RATE_OK
Clanify Media Private Limited,138,Clanify Media Private Limited,name,LOT,PC1H12FE,TTSPL4963,Lenovo Thinkpad T490s,1200,1200,ttspl,971,PC1H12FE,TTSPL4963,1200,RATE_OK
Clanify Media Private Limited,138,Clanify Media Private Limited,name,LOT,5GLZP13,TTSPL6672,Dell Latitude 5400,1200,1200,ttspl,2447,5GLZP13,TTSPL6672,1200,RATE_OK
Clanify Media Private Limited,138,Clanify Media Private Limited,name,LOT,PF28Z9XF,TTSPL3181,Lenovo Thinkpad T490 (Touchscreen),1200,1200,ttspl,2945,PF28Z9XF,TTSPL3181,1200,RATE_OK
Clanify Media Private Limited,138,Clanify Media Private Limited,name,LOT,7SKG463,TTSPL6281,Dell Latitude 3410,1799,1799,ttspl,2383,7SKG463,TTSPL6281,1799,RATE_OK
Clanify Media Private Limited,138,Clanify Media Private Limited,name,LOT,DC63C63,TTSPL5662,Dell Latitude 3410,1799,1799,ttspl,2410,DC63C63,TTSPL5662,1799,RATE_OK
Clanify Media Private Limited,138,Clanify Media Private Limited,name,LOT,5CG0278BQ2,TTSPL7391,HP PROBOOK 640 G5,1300,1593.55,ttspl,8155,5CG0278BQ2,TTSPL7391,1300,RATE_OK
Clanify Media Private Limited,138,Clanify Media Private Limited,name,LOT,5CG0274G1K,TTSPL7497,HP PROBOOK 640 G5,1300,1593.55,ttspl,8265,5CG0274G1K,TTSPL7497,1300,RATE_OK
Clanify Media Private Limited,138,Clanify Media Private Limited,name,LOT,5CG0278G3Y,TTSPL7478,HP PROBOOK 640 G5,1300,1593.55,ttspl,8242,5CG0278G3Y,TTSPL7478,1300,RATE_OK
Clanify Media Private Limited,138,Clanify Media Private Limited,name,LOT,5CG0278L02,TTSPL7479,HP PROBOOK 640 G5,1300,1593.55,ttspl,8243,5CG0278L02,TTSPL7479,1300,RATE_OK
Clanify Media Private Limited,138,Clanify Media Private Limited,name,LOT,5CG0278MBZ,TTSPL7483,HP PROBOOK 640 G5,1300,1593.55,ttspl,8247,5CG0278MBZ,TTSPL7483,1300,RATE_OK
Clanify Media Private Limited,138,Clanify Media Private Limited,name,LOT,5CG0273X3S,TTSPL7487,HP PROBOOK 640 G5,1300,1593.55,ttspl,8251,5CG0273X3S,TTSPL7487,1300,RATE_OK
Enhanced WAPP Systems (I) Pvt Ltd.,142,ENHANCED WAPP SYSTEMS INDIA PRIVATE LIMITED (HR),name,LOT,PC112ME5,TTSPL3591,Lenovo Thinkpad T480s,2499,2499,ttspl,1023,PC112ME5,TTSPL3591,2499,RATE_OK
ClickOnik Digital Media Pvt Ltd,139,Clickonik Digital Private Limited,name,LOT,PC16248Q,TTSPL4910,Lenovo Thinkpad T480s,1599,1599,ttspl,762,PC16248Q,TTSPL4910,1599,RATE_OK
ClickOnik Digital Media Pvt Ltd,139,Clickonik Digital Private Limited,name,LOT,5CG0278Q1C,TTSPL7406,HP PROBOOK 640 G5,1599,1805.32,ttspl,8170,5CG0278Q1C,TTSPL7406,1599,RATE_OK
Dipanshu Mutreja & Associates,147,Dipanshu Mutreja,name,LOT,PG02Y0ET,TTSPL5170,Lenovo Thinkpad E14 (Gen 2),1999,1999,ttspl,1138,PG02Y0ET,TTSPL5170,1999,RATE_OK
Stefen Electric Pvt Ltd,84,STEFEN ELECTRIC PRIVATE LIMIED,name,LOT,PC16244X,TTSPL4935,Lenovo Thinkpad T480s,999,999,ttspl,1776,PC16244X,TTSPL4935,999,RATE_OK
Stefen Electric Pvt Ltd,84,STEFEN ELECTRIC PRIVATE LIMIED,name,LOT,PF26ZKR9,TTSPL5201,Lenovo Thinkpad T490,999,999,ttspl,1777,PF26ZKR9,TTSPL5201,999,RATE_OK
Stefen Electric Pvt Ltd,84,STEFEN ELECTRIC PRIVATE LIMIED,name,LOT,GSZRYY2,TTSPL6675,Dell Latitude 5400,999,999,ttspl,2543,GSZRYY2,TTSPL6675,999,RATE_OK
Stefen Electric Pvt Ltd,84,STEFEN ELECTRIC PRIVATE LIMIED,name,LOT,4JDCP72,TTSPL2830,Dell Latitude E7470,999,999,ttspl,2024,4JDCP72,TTSPL2830,999,RATE_OK
Stefen Electric Pvt Ltd,84,STEFEN ELECTRIC PRIVATE LIMIED,name,LOT,BPP7NC2,TTSPL2953,Dell Latitude E7470,999,999,ttspl,2026,BPP7NC2,TTSPL2953,999,RATE_OK
TENSOR LOGISTICS PRIVATE LIMITED,85,TENSOR LOGISTICS PRIVATE LIMITED,name,LOT,PF224VS6,TTSPL3146,Lenovo Thinkpad T490 (Touchscreen),1499,1499,ttspl,818,PF224VS6,TTSPL3146,1499,RATE_OK
TENSOR LOGISTICS PRIVATE LIMITED,85,TENSOR LOGISTICS PRIVATE LIMITED,name,LOT,PF1CYERX,TTSPL3126,Lenovo Thinkpad T490 (Touchscreen),1399,1399,ttspl,819,PF1CYERX,TTSPL3126,1399,RATE_OK
TENSOR LOGISTICS PRIVATE LIMITED,85,TENSOR LOGISTICS PRIVATE LIMITED,name,LOT,4TRFVT2,TTSPL3815,Dell Latitude 7490,1399,1399,ttspl,2270,4TRFVT2,TTSPL3815,1399,RATE_OK
TENSOR LOGISTICS PRIVATE LIMITED,85,TENSOR LOGISTICS PRIVATE LIMITED,name,LOT,G7B06H2,TTSPL2803,Dell Latitude 7470,1299,1299,ttspl,860,G7B06H2,TTSPL2803,1299,RATE_OK
TENSOR LOGISTICS PRIVATE LIMITED,85,TENSOR LOGISTICS PRIVATE LIMITED,name,LOT,JPH8103HVL,TTSPL1781,HP ELITEBOOK 820 G3,1299,1299,ttspl,861,JPH8103HVL,TTSPL1781,1299,RATE_OK
TENSOR LOGISTICS PRIVATE LIMITED,85,TENSOR LOGISTICS PRIVATE LIMITED,name,LOT,PF2284XE,TTSPL3179,Lenovo Thinkpad T490 (Touchscreen),1699,1699,ttspl,820,PF2284XE,TTSPL3179,1699,RATE_OK
TENSOR LOGISTICS PRIVATE LIMITED,85,TENSOR LOGISTICS PRIVATE LIMITED,name,LOT,PF31NYN8,TTSPL4701,Lenovo Thinkpad T14,1799,1799,ttspl,821,PF31NYN8,TTSPL4701,1799,RATE_OK
TENSOR LOGISTICS PRIVATE LIMITED,85,TENSOR LOGISTICS PRIVATE LIMITED,name,LOT,3S64JL3,TTSPL5769,Dell Latitude 3420,1700,1700,ttspl,2426,3S64JL3,TTSPL5769,1700,RATE_OK
COAL BEAUTY PRIVATE LIMITED,145,COAL BEAUTY PRIVATE LIMITED,name,LOT,PC0HB1CX,TTSPL2668,Lenovo Thinkpad T460,1199,1199,ttspl,721,PC0HB1CX,TTSPL2668,1199,RATE_OK
COAL BEAUTY PRIVATE LIMITED,145,COAL BEAUTY PRIVATE LIMITED,name,LOT,DDK5ZM2,1218/TTSPL1007,Dell Latitude 7480,1199,1199,ttspl,723,DDK5ZM2,TTSPL1007,1199,RATE_OK
COAL BEAUTY PRIVATE LIMITED,145,COAL BEAUTY PRIVATE LIMITED,name,LOT,7496ZM2,TTSPL1020,Dell Latitude E7480,1199,1199,ttspl,725,7496ZM2,TTSPL1020,1199,RATE_OK
COAL BEAUTY PRIVATE LIMITED,145,COAL BEAUTY PRIVATE LIMITED,name,LOT,4N6SLH2,TTSPL4152,Dell Latitude 7480,1199,1199,ttspl,726,4N6SLH2,TTSPL4152,1199,RATE_OK
COAL BEAUTY PRIVATE LIMITED,145,COAL BEAUTY PRIVATE LIMITED,name,LOT,7X3HQC2,YASHTRUE1435/TTSPL2752,Dell Latitude E5470,1199,1199,ttspl,2020,7X3HQC2,TTSPL2752,1199,RATE_OK
COAL BEAUTY PRIVATE LIMITED,145,COAL BEAUTY PRIVATE LIMITED,name,LOT,GGY0M72,TTSPL2579,Dell Latitude E5470,1199,1199,ttspl,2941,GGY0M72,TTSPL2579,1199,RATE_OK
COAL BEAUTY PRIVATE LIMITED,145,COAL BEAUTY PRIVATE LIMITED,name,LOT,5CG6420BW4,TTSPL1457,HP Elitebook 820 G3,1199,1199,ttspl,3271,5CG6420BW4,TTSPL1457,1199,RATE_OK
COAL BEAUTY PRIVATE LIMITED,145,COAL BEAUTY PRIVATE LIMITED,name,LOT,3C4DQH2,1553/TTSPL1053,Dell Latitude E7480,1199,1199,ttspl,3028,3C4DQH2,TTSPL1053,1199,RATE_OK
COAL BEAUTY PRIVATE LIMITED,145,COAL BEAUTY PRIVATE LIMITED,name,LOT,5CG5111XJY,TRU806/TTSPL1783,HP Elitebook Folio 9480m,1199,1199,ttspl,3118,5CG5111XJY,TTSPL1783,1199,RATE_OK
RANGREZA RETAIL SERVICES PRIVATE LIMITED,80,Rangreza Retail Services Pvt Ltd,name,LOT,CNU410BPGB,TTSPL1641,HP Elitebook 840 G1,899,899,ttspl,1030,CNU410BPGB,TTSPL1641,899,RATE_OK
RANGREZA RETAIL SERVICES PRIVATE LIMITED,80,Rangreza Retail Services Pvt Ltd,name,LOT,B0LLGJ3,TTSPL2582,Dell Vostro 3500,3099,3099,ttspl,1031,B0LLGJ3,TTSPL2582,3099,RATE_OK
RANGREZA RETAIL SERVICES PRIVATE LIMITED,80,Rangreza Retail Services Pvt Ltd,name,LOT,5STHGJ3,TTSPL2569,Dell Vostro 3500,3099,3099,ttspl,1032,5STHGJ3,TTSPL2569,3099,RATE_OK
RANGREZA RETAIL SERVICES PRIVATE LIMITED,80,Rangreza Retail Services Pvt Ltd,name,LOT,2TK2470D4F,TTSPL7363,HP ELITEBOOK 640 G9,3850,3850,ttspl,4074,2TK2470D4F,TTSPL7363,3850,RATE_OK
Accelerate Media Private Limited,144,Accelerate Media Private Limited,name,LOT,8WQD2B3,TTSPL6008,Dell Latitude 3420,1799,1799,ttspl,2571,8WQD2B3,TTSPL6008,1799,RATE_OK
GODASH SOLUTIONS PRIVATE LIMITED,100,GODASH SOLUTIONS PRIVATE LIMITED,name,LOT,6Z4DN73,TTSPL5643,Dell Latitude 5400,1299,1299,ttspl,2576,6Z4DN73,TTSPL5643,1299,RATE_OK
GODASH SOLUTIONS PRIVATE LIMITED,100,GODASH SOLUTIONS PRIVATE LIMITED,name,LOT,70SC693,TTSPL5674,Dell Latitude 5400,1299,1299,ttspl,2577,70SC693,TTSPL5674,1299,RATE_OK
GODASH SOLUTIONS PRIVATE LIMITED,100,GODASH SOLUTIONS PRIVATE LIMITED,name,LOT,H6Q7103,TTSPL5424,Dell Latitude 3400,1299,1299,ttspl,2842,H6Q7103,TTSPL5424,1299,RATE_OK
GODASH SOLUTIONS PRIVATE LIMITED,100,GODASH SOLUTIONS PRIVATE LIMITED,name,LOT,HBP1T93,TTSPL6537,Dell Latitude 3410,1699,1699,ttspl,2582,HBP1T93,TTSPL6537,1699,RATE_OK
GODASH SOLUTIONS PRIVATE LIMITED,100,GODASH SOLUTIONS PRIVATE LIMITED,name,LOT,F9P6V93,TTSPL6504,Dell Latitude 3410,1699,1699,ttspl,2583,F9P6V93,TTSPL6504,1699,RATE_OK
GODASH SOLUTIONS PRIVATE LIMITED,100,GODASH SOLUTIONS PRIVATE LIMITED,name,LOT,FTP1T93,TTSPL6778,Dell Latitude 3410,1699,1699,ttspl,2586,FTP1T93,TTSPL6778,1699,RATE_OK
GODASH SOLUTIONS PRIVATE LIMITED,100,GODASH SOLUTIONS PRIVATE LIMITED,name,LOT,PG02HY9S,TTSPL6402,Lenovo Thinkpad E-14 Gen 2,1899,1899,ttspl,2871,PG02HY9S,TTSPL6402,1899,RATE_OK
GODASH SOLUTIONS PRIVATE LIMITED,100,GODASH SOLUTIONS PRIVATE LIMITED,name,LOT,PF4J7LCY,TTSPL2698,Lenovo Ideapad Slim 3,3199,3199,ttspl,3641,PF4J7LCY,TTSPL2698,3199,RATE_OK
GODASH SOLUTIONS PRIVATE LIMITED,100,GODASH SOLUTIONS PRIVATE LIMITED,name,LOT,8GP5V93,TTSPL6553,Dell Latitude 3410,1699,1699,ttspl,2347,8GP5V93,TTSPL6553,1699,RATE_OK
GODASH SOLUTIONS PRIVATE LIMITED,100,GODASH SOLUTIONS PRIVATE LIMITED,name,LOT,5C93C63,TTSPL6276,Dell Latitude 3410,1699,2740.32,ttspl,2664,5C93C63,TTSPL6276,1699,RATE_OK
GRUNMECH TECHNOLOGIES PRIVATE LIMITED,23,GRUNMECH TECHNOLOGIES PRIVATE LIMITED,name,LOT,HWZVY93,TTSPL4270,Dell Latitude 5320,2699,2699,ttspl,1877,HWZVY93,TTSPL4270,2699,RATE_OK
GRUNMECH TECHNOLOGIES PRIVATE LIMITED,23,GRUNMECH TECHNOLOGIES PRIVATE LIMITED,name,LOT,9W4ZR93,TTSPL4275,Dell Latitude 5320,2699,2699,ttspl,1880,9W4ZR93,TTSPL4275,2699,RATE_OK
GRUNMECH TECHNOLOGIES PRIVATE LIMITED,23,GRUNMECH TECHNOLOGIES PRIVATE LIMITED,name,LOT,1MS50J3,TTSPL4780,Dell Latitude 5420,2699,2699,ttspl,1882,1MS50J3,TTSPL4780,2699,RATE_OK
GRUNMECH TECHNOLOGIES PRIVATE LIMITED,23,GRUNMECH TECHNOLOGIES PRIVATE LIMITED,name,LOT,DT3HQ93,TTSPL4274,Dell Latitude 5320,2699,2699,ttspl,1883,DT3HQ93,TTSPL4274,2699,RATE_OK
GRUNMECH TECHNOLOGIES PRIVATE LIMITED,23,GRUNMECH TECHNOLOGIES PRIVATE LIMITED,name,LOT,7K2C2J3,TTSPL5694,Dell Latitude 5420,2699,2699,ttspl,2564,7K2C2J3,TTSPL5694,2699,RATE_OK
GRUNMECH TECHNOLOGIES PRIVATE LIMITED,23,GRUNMECH TECHNOLOGIES PRIVATE LIMITED,name,LOT,588C2J3,TTSPL5783,Dell Latitude 5420,2699,2699,ttspl,2565,588C2J3,TTSPL5783,2699,RATE_OK
GRUNMECH TECHNOLOGIES PRIVATE LIMITED,23,GRUNMECH TECHNOLOGIES PRIVATE LIMITED,name,LOT,C3PXVM3,TTSPL5795,Dell Latitude 5420,2699,2699,ttspl,2566,C3PXVM3,TTSPL5795,2699,RATE_OK
GRUNMECH TECHNOLOGIES PRIVATE LIMITED,23,GRUNMECH TECHNOLOGIES PRIVATE LIMITED,name,LOT,3YPB2J3,TTSPL5696,Dell Latitude 5420,2699,2699,ttspl,2567,3YPB2J3,TTSPL5696,2699,RATE_OK
GRUNMECH TECHNOLOGIES PRIVATE LIMITED,23,GRUNMECH TECHNOLOGIES PRIVATE LIMITED,name,LOT,4LJ12J3,TTSPL5781,Dell Latitude 5420,2699,2699,ttspl,2568,4LJ12J3,TTSPL5781,2699,RATE_OK
GRUNMECH TECHNOLOGIES PRIVATE LIMITED,23,GRUNMECH TECHNOLOGIES PRIVATE LIMITED,name,LOT,5CG2145WSC,TTSPL6863,HP Elitebook 840 G8,2699,2699,ttspl,1501,5CG2145WSC,TTSPL6863,2699,RATE_OK
GRUNMECH TECHNOLOGIES PRIVATE LIMITED,23,GRUNMECH TECHNOLOGIES PRIVATE LIMITED,name,LOT,2XBZ2J3,TTSPL3736,Dell Latitude 5420,2699,2699,ttspl,1657,2XBZ2J3,TTSPL3736,2699,RATE_OK
GRUNMECH TECHNOLOGIES PRIVATE LIMITED,23,GRUNMECH TECHNOLOGIES PRIVATE LIMITED,name,LOT,GB8CX93,TTSPL4313,Dell Latitude 5320 (Touch),2699,2699,ttspl,786,GB8CX93,TTSPL4313,2699,RATE_OK
GRUNMECH TECHNOLOGIES PRIVATE LIMITED,23,GRUNMECH TECHNOLOGIES PRIVATE LIMITED,name,LOT,CCPXVM3,TTSPL6585,Dell Latitude 5420,2699,2699,ttspl,2510,CCPXVM3,TTSPL6585,2699,RATE_OK
Global Fashion Off Duty Limited,156,Global Fashion Off Duty Limited,name,LOT,PF54RAST,TTSPL4986,Lenovo V14 (Gen 3),2499,2499,ttspl,1909,PF54RAST,TTSPL4986,2499,RATE_OK
Global Fashion Off Duty Limited,156,Global Fashion Off Duty Limited,name,LOT,H7MXWT3,TTSPL5337,Dell Latitude 5430,2499,2499,ttspl,2843,H7MXWT3,TTSPL5337,2499,RATE_OK
Global Fashion Off Duty Limited,156,Global Fashion Off Duty Limited,name,LOT,PF55F5SM,TTSPL5124,Lenovo V14 (Gen 3),2499,2499,ttspl,1910,PF55F5SM,TTSPL5124,2499,RATE_OK
Global Fashion Off Duty Limited,156,Global Fashion Off Duty Limited,name,LOT,PG04FE2Y,TTSPL4992,Lenovo V14 (Gen 3),2499,2499,ttspl,1911,PG04FE2Y,TTSPL4992,2499,RATE_OK
Global Fashion Off Duty Limited,156,Global Fashion Off Duty Limited,name,LOT,PG04GTGN,TTSPL5123,Lenovo V14 (Gen 3),2499,2499,ttspl,1912,PG04GTGN,TTSPL5123,2499,RATE_OK
Global Fashion Off Duty Limited,156,Global Fashion Off Duty Limited,name,LOT,3YMZSQ3,TTSPL6001,Dell Latitude 5430,2499,2499,ttspl,1913,3YMZSQ3,TTSPL6001,2499,RATE_OK
Global Fashion Off Duty Limited,156,Global Fashion Off Duty Limited,name,LOT,PF53AE41,TTSPL5113,Lenovo V14 (Gen 3),2499,2499,ttspl,1914,PF53AE41,TTSPL5113,2499,RATE_OK
Global Fashion Off Duty Limited,156,Global Fashion Off Duty Limited,name,LOT,2MTVXT3,TTSPL5347,Dell Latitude 5430,2499,2499,ttspl,2844,2MTVXT3,TTSPL5347,2499,RATE_OK
Global Fashion Off Duty Limited,156,Global Fashion Off Duty Limited,name,LOT,PG02R195,TTSPL6031,Lenovo Thinkpad E14,1999,1999,ttspl,1916,PG02R195,TTSPL6031,1999,RATE_OK
Global Fashion Off Duty Limited,156,Global Fashion Off Duty Limited,name,LOT,PG02WQX6,TTSPL6743,Lenovo ThinkPad L14,1999,1999,ttspl,1917,PG02WQX6,TTSPL6743,1999,RATE_OK
Global Fashion Off Duty Limited,156,Global Fashion Off Duty Limited,name,LOT,PF3SQD4H,TTSPL6746,Lenovo ThinkPad L14,1999,1999,ttspl,1919,PF3SQD4H,TTSPL6746,1999,RATE_OK
Global Fashion Off Duty Limited,156,Global Fashion Off Duty Limited,name,LOT,PF3SMC8T,TTSPL6748,Lenovo ThinkPad L14,1999,1999,ttspl,1921,PF3SMC8T,TTSPL6748,1999,RATE_OK
Global Fashion Off Duty Limited,156,Global Fashion Off Duty Limited,name,LOT,PG02WR04,TTSPL6749,Lenovo ThinkPad L14,1999,1999,ttspl,1922,PG02WR04,TTSPL6749,1999,RATE_OK
Global Fashion Off Duty Limited,156,Global Fashion Off Duty Limited,name,LOT,PF3SQL3J,TTSPL6750,Lenovo ThinkPad L14,1999,1999,ttspl,1923,PF3SQL3J,TTSPL6750,1999,RATE_OK
Global Fashion Off Duty Limited,156,Global Fashion Off Duty Limited,name,LOT,PG0343DG,TTSPL5927,Lenovo Thinkpad E14,1999,1999,ttspl,1924,PG0343DG,TTSPL5927,1999,RATE_OK
Global Fashion Off Duty Limited,156,Global Fashion Off Duty Limited,name,LOT,PG02HV55,TTSPL6380,Lenovo Thinkpad E-14 Gen 2,1999,1999,ttspl,2872,PG02HV55,TTSPL6380,1999,RATE_OK
Global Fashion Off Duty Limited,156,Global Fashion Off Duty Limited,name,LOT,PG02HV0L,TTSPL6419,Lenovo Thinkpad E-14 Gen 2,1999,1999,ttspl,2873,PG02HV0L,TTSPL6419,1999,RATE_OK
Global Fashion Off Duty Limited,156,Global Fashion Off Duty Limited,name,LOT,1RJQQG3,TTSPL7047,Dell Latitude 5320 (Touch Screen),3700,3700,ttspl,3677,1RJQQG3,TTSPL7047,3700,RATE_OK
Global Fashion Off Duty Limited,156,Global Fashion Off Duty Limited,name,LOT,FZXB9G3,TTSPL7044,Dell Latitude 5320 (Touch Screen),3700,3700,ttspl,3674,FZXB9G3,TTSPL7044,3700,RATE_OK
Global Fashion Off Duty Limited,156,Global Fashion Off Duty Limited,name,LOT,43G7ZD3,TTSPL3479,Dell Latitude 5420,3700,3700,ttspl,1631,43G7ZD3,TTSPL3479,3700,RATE_OK
Global Fashion Off Duty Limited,156,Global Fashion Off Duty Limited,name,LOT,5CG0278CJB,TTSPL7387,HP PROBOOK 640 G5,1300,2096.77,ttspl,8150,5CG0278CJB,TTSPL7387,1300,RATE_OK
Global Fashion Off Duty Limited,156,Global Fashion Off Duty Limited,name,LOT,5CG0278R4L,TTSPL7381,HP PROBOOK 640 G5,1300,2054.84,ttspl,8143,5CG0278R4L,TTSPL7381,1300,RATE_OK
Global Fashion Off Duty Limited,156,Global Fashion Off Duty Limited,name,LOT,HJ9TPQ2,TTSPL3932,Dell Latitude 7490,1300,2054.84,ttspl,2167,HJ9TPQ2,TTSPL3932,1300,RATE_OK
Global Fashion Off Duty Limited,156,Global Fashion Off Duty Limited,name,LOT,5CG0273WJ1,TTSPL7499,HP Probook 640 G5,1300,1383.87,ttspl,8267,5CG0273WJ1,TTSPL7499,1300,RATE_OK
QUICKREPLY TECHNOLOGIES INDIA PVT. LTD.,153,QUICKREPLY TECHNOLOGIES INDIA PRIVATE LIMITED,name,LOT,22RD2B3,TTSPL5831,Dell Latitude 3420,1799,1799,ttspl,2606,22RD2B3,TTSPL5831,1799,RATE_OK
QUICKREPLY TECHNOLOGIES INDIA PVT. LTD.,153,QUICKREPLY TECHNOLOGIES INDIA PRIVATE LIMITED,name,LOT,1WP1T93,TTSPL5689,Dell Latitude 3410,1699,1699,ttspl,2607,1WP1T93,TTSPL5689,1699,RATE_OK
QUICKREPLY TECHNOLOGIES INDIA PVT. LTD.,153,QUICKREPLY TECHNOLOGIES INDIA PRIVATE LIMITED,name,LOT,1YZ2ZW2,TTSPL2318,Dell Latitude E7490,1400,1400,ttspl,2296,1YZ2ZW2,TTSPL2318,1400,RATE_OK
QUICKREPLY TECHNOLOGIES INDIA PVT. LTD.,153,QUICKREPLY TECHNOLOGIES INDIA PRIVATE LIMITED,name,LOT,BYQD463,TTSPL6507,Dell Latitude 3410,1400,1400,ttspl,2608,BYQD463,TTSPL6507,1400,RATE_OK
QUICKREPLY TECHNOLOGIES INDIA PVT. LTD.,153,QUICKREPLY TECHNOLOGIES INDIA PRIVATE LIMITED,name,LOT,7ZR1T93,TTSPL6259,Dell Latitude 3410,1699,1699,ttspl,3384,7ZR1T93,TTSPL6259,1699,RATE_OK
QUICKREPLY TECHNOLOGIES INDIA PVT. LTD.,153,QUICKREPLY TECHNOLOGIES INDIA PRIVATE LIMITED,name,LOT,D4SM763,TTSPL6733,Dell Latitude 3410,1699,1699,ttspl,3518,D4SM763,TTSPL6733,1699,RATE_OK
QUICKREPLY TECHNOLOGIES INDIA PVT. LTD.,153,QUICKREPLY TECHNOLOGIES INDIA PRIVATE LIMITED,name,LOT,PG02HVTV,TTSPL6379,Lenovo Thinkpad E-14 Gen 2,2099,2099,ttspl,3367,PG02HVTV,TTSPL6379,2099,RATE_OK
QUICKREPLY TECHNOLOGIES INDIA PVT. LTD.,153,QUICKREPLY TECHNOLOGIES INDIA PRIVATE LIMITED,name,LOT,PG02JQ8V,TTSPL6421,Lenovo Thinkpad E-14 Gen 2,2099,2099,ttspl,2870,PG02JQ8V,TTSPL6421,2099,RATE_OK
QUICKREPLY TECHNOLOGIES INDIA PVT. LTD.,153,QUICKREPLY TECHNOLOGIES INDIA PRIVATE LIMITED,name,LOT,PF2R31SD,TTSPL4341,Lenovo Thinkpad T14,2699,2699,ttspl,229,PF2R31SD,TTSPL4341,2699,RATE_OK
QUICKREPLY TECHNOLOGIES INDIA PVT. LTD.,153,QUICKREPLY TECHNOLOGIES INDIA PRIVATE LIMITED,name,LOT,PC2830BV,TTSPL4397,Lenovo Thinkpad X-13,2099,2099,ttspl,1343,PC2830BV,TTSPL4397,2099,RATE_OK
QUICKREPLY TECHNOLOGIES INDIA PVT. LTD.,153,QUICKREPLY TECHNOLOGIES INDIA PRIVATE LIMITED,name,LOT,2TCJ2F3,TTSPL7562,Dell Latitude 5420,2099,2166.71,ttspl,8727,2TCJ2F3,TTSPL7562,2099,RATE_OK
All India Asian Educational Foundation,154,ALL INDIA ASIAN EDUCATIONAL FOUNDATION,name,LOT,8TXYJG3,TTSPL5772,Dell Latitude 3420,1599,1599,ttspl,2596,8TXYJG3,TTSPL5772,1599,RATE_OK
All India Asian Educational Foundation,154,ALL INDIA ASIAN EDUCATIONAL FOUNDATION,name,LOT,9ZL1QM3,TTSPL5800,Dell Latitude 5420,1599,1599,ttspl,2597,9ZL1QM3,TTSPL5800,1599,RATE_OK
All India Asian Educational Foundation,154,ALL INDIA ASIAN EDUCATIONAL FOUNDATION,name,LOT,DPNXVM3,TTSPL5829,Dell Latitude 5420,1599,1599,ttspl,2598,DPNXVM3,TTSPL5829,1599,RATE_OK
All India Asian Educational Foundation,154,ALL INDIA ASIAN EDUCATIONAL FOUNDATION,name,LOT,5CD112LW10,TTSPL5690,HP Probook 440 G8,1599,1599,ttspl,1900,5CD112LW10,TTSPL5690,1599,RATE_OK
All India Asian Educational Foundation,154,ALL INDIA ASIAN EDUCATIONAL FOUNDATION,name,LOT,PC2830BW,TTSPL4382,Lenovo Thinkpad X-13,1599,1599,ttspl,1901,PC2830BW,TTSPL4382,1599,RATE_OK
All India Asian Educational Foundation,154,ALL INDIA ASIAN EDUCATIONAL FOUNDATION,name,LOT,JHRD2B3,TTSPL5774,Dell Latitude 3420,1599,1599,ttspl,2599,JHRD2B3,TTSPL5774,1599,RATE_OK
All India Asian Educational Foundation,154,ALL INDIA ASIAN EDUCATIONAL FOUNDATION,name,LOT,PC28HQ8Q,TTSPL4363,Lenovo Thinkpad X-13,1599,1599,ttspl,1902,PC28HQ8Q,TTSPL4363,1599,RATE_OK
All India Asian Educational Foundation,154,ALL INDIA ASIAN EDUCATIONAL FOUNDATION,name,LOT,772G2B3,TTSPL5830,Dell Latitude 3420,1599,1599,ttspl,2600,772G2B3,TTSPL5830,1599,RATE_OK
All India Asian Educational Foundation,154,ALL INDIA ASIAN EDUCATIONAL FOUNDATION,name,LOT,PG02SKA3,TTSPL5279,Lenovo Thinkpad E14 (Gen 2),1599,1599,ttspl,1903,PG02SKA3,TTSPL5279,1599,RATE_OK
All India Asian Educational Foundation,154,ALL INDIA ASIAN EDUCATIONAL FOUNDATION,name,LOT,PG02SKCJ,TTSPL5235,Lenovo Thinkpad E14 (Gen 2),1599,1599,ttspl,1904,PG02SKCJ,TTSPL5235,1599,RATE_OK
All India Asian Educational Foundation,154,ALL INDIA ASIAN EDUCATIONAL FOUNDATION,name,LOT,PG02Y0EV,TTSPL5269,Lenovo Thinkpad E14 (Gen 2),1599,1599,ttspl,1905,PG02Y0EV,TTSPL5269,1599,RATE_OK
All India Asian Educational Foundation,154,ALL INDIA ASIAN EDUCATIONAL FOUNDATION,name,LOT,PG02Y0E4,TTSPL5234,Lenovo Thinkpad E14 (Gen 2),1599,1599,ttspl,1906,PG02Y0E4,TTSPL5234,1599,RATE_OK
All India Asian Educational Foundation,154,ALL INDIA ASIAN EDUCATIONAL FOUNDATION,name,LOT,7C14JL3,TTSPL5714,Dell Latitude 3420,1599,1599,ttspl,2601,7C14JL3,TTSPL5714,1599,RATE_OK
All India Asian Educational Foundation,154,ALL INDIA ASIAN EDUCATIONAL FOUNDATION,name,LOT,45QYCL3,TTSPL5727,Dell Latitude 3420,1599,1599,ttspl,2602,45QYCL3,TTSPL5727,1599,RATE_OK
All India Asian Educational Foundation,154,ALL INDIA ASIAN EDUCATIONAL FOUNDATION,name,LOT,82B8SL3,TTSPL5776,Dell Latitude 3420,1599,1599,ttspl,2603,82B8SL3,TTSPL5776,1599,RATE_OK
All India Asian Educational Foundation,154,ALL INDIA ASIAN EDUCATIONAL FOUNDATION,name,LOT,BSST1B3,TTSPL6062,Dell Latitude 3420,1599,1599,ttspl,2605,BSST1B3,TTSPL6062,1599,RATE_OK
All India Asian Educational Foundation,154,ALL INDIA ASIAN EDUCATIONAL FOUNDATION,name,LOT,PG02SKCB,TTSPL5239,Lenovo Thinkpad E14 (Gen 2),1599,1599,ttspl,1907,PG02SKCB,TTSPL5239,1599,RATE_OK
All India Asian Educational Foundation,154,ALL INDIA ASIAN EDUCATIONAL FOUNDATION,name,LOT,PC282ZEQ,TTSPL4473,Lenovo Thinkpad X-13,1599,1599,ttspl,1908,PC282ZEQ,TTSPL4473,1599,RATE_OK
All India Asian Educational Foundation,154,ALL INDIA ASIAN EDUCATIONAL FOUNDATION,name,LOT,8VRD2B3,TTSPL6654,Dell Latitude 3420,1599,1599,ttspl,3461,8VRD2B3,TTSPL6654,1599,RATE_OK
All India Asian Educational Foundation,154,ALL INDIA ASIAN EDUCATIONAL FOUNDATION,name,LOT,DRQD2B3,TTSPL5832,Dell Latitude 3420,1599,1599,ttspl,2328,DRQD2B3,TTSPL5832,1599,RATE_OK
ELEVONDATA LABS PRIVATE LIMITED,161,ELEVONDATA LABS PRIVATE LIMITED,name,LOT,12NXZH3,TTSPL4763,Dell Latitude 5420,2799,2799,ttspl,1897,12NXZH3,TTSPL4763,2799,RATE_OK
ELEVONDATA LABS PRIVATE LIMITED,161,ELEVONDATA LABS PRIVATE LIMITED,name,LOT,DVXR9V3,TTSPL5840,Dell Latitude 5420,1899,1899,ttspl,2591,DVXR9V3,TTSPL5840,1899,RATE_OK
ELEVONDATA LABS PRIVATE LIMITED,161,ELEVONDATA LABS PRIVATE LIMITED,name,LOT,6BN54J3,TTSPL5802,Dell Latitude 5420,1899,1899,ttspl,2592,6BN54J3,TTSPL5802,1899,RATE_OK
ELEVONDATA LABS PRIVATE LIMITED,161,ELEVONDATA LABS PRIVATE LIMITED,name,LOT,FKHC3WXQ0P,TTSPL6021,APPLE MACBOOK AIR,5999,5999,ttspl,2295,FKHC3WXQ0P,TTSPL6021,5999,RATE_OK
ELEVONDATA LABS PRIVATE LIMITED,161,ELEVONDATA LABS PRIVATE LIMITED,name,LOT,GWQD2B3,TTSPL6647,Dell Latitude 3420,1899,1899,ttspl,2593,GWQD2B3,TTSPL6647,1899,RATE_OK
ELEVONDATA LABS PRIVATE LIMITED,161,ELEVONDATA LABS PRIVATE LIMITED,name,LOT,D1B8SL3,TTSPL5716,Dell Latitude 3420,1899,1899,ttspl,2594,D1B8SL3,TTSPL5716,1899,RATE_OK
ELEVONDATA LABS PRIVATE LIMITED,161,ELEVONDATA LABS PRIVATE LIMITED,name,LOT,F1RD2B3,TTSPL5701,Dell Latitude 3420,1899,1899,ttspl,2595,F1RD2B3,TTSPL5701,1899,RATE_OK
ELEVONDATA LABS PRIVATE LIMITED,161,ELEVONDATA LABS PRIVATE LIMITED,name,LOT,PG02S23R,TTSPL5624,Lenovo Thinkpad E14,1899,1899,ttspl,3772,PG02S23R,TTSPL5624,1899,RATE_OK
ELEVONDATA LABS PRIVATE LIMITED,161,ELEVONDATA LABS PRIVATE LIMITED,name,LOT,2ZGP6J3,TTSPL4552,Dell Latitude 5420,1899,1899,ttspl,3169,2ZGP6J3,TTSPL4552,1899,RATE_OK
OLA,160,OLA,name,LOT,PF55FX53,TTSPL5129,Lenovo V14 (Gen 3),1,1,ttspl,1894,PF55FX53,TTSPL5129,1,RATE_OK
OLA,160,OLA,name,LOT,PF33C7AF,TTSPL5603,Lenovo Thinkpad E14,1,1,ttspl,1895,PF33C7AF,TTSPL5603,1,RATE_OK
OLA,160,OLA,name,LOT,F633JL3,TTSPL5833,Dell Latitude 3420,1,1,ttspl,2589,F633JL3,TTSPL5833,1,RATE_OK
OLA,160,OLA,name,LOT,5CD1218T2M,TTSPL5909,HP Probook 440 G8,1,1,ttspl,1896,5CD1218T2M,TTSPL5909,1,RATE_OK
Hostbooks limited,168,Hostbooks limited,name,LOT,PF2GMMKG,TTSPL5877,Lenovo Thinkpad T14,1699,1699,ttspl,1925,PF2GMMKG,TTSPL5877,1699,RATE_OK
Hostbooks limited,168,Hostbooks limited,name,LOT,PG02S33W,TTSPL5619,Lenovo Thinkpad E14,1699,1699,ttspl,1926,PG02S33W,TTSPL5619,1699,RATE_OK
Hostbooks limited,168,Hostbooks limited,name,LOT,PF38PFGF,TTSPL4711,Lenovo Thinkpad T14,1699,1699,ttspl,1927,PF38PFGF,TTSPL4711,1699,RATE_OK
Hostbooks limited,168,Hostbooks limited,name,LOT,5CD1315XSG,TTSPL5328,HP Probook 440 G8,1699,1699,ttspl,2845,5CD1315XSG,TTSPL5328,1699,RATE_OK
Hostbooks limited,168,Hostbooks limited,name,LOT,5CD1315Y8L,TTSPL5410,HP Probook 440 G8,1699,1699,ttspl,2846,5CD1315Y8L,TTSPL5410,1699,RATE_OK
Hostbooks limited,168,Hostbooks limited,name,LOT,5CD0485VD1,TTSPL5362,HP Probook 440 G8,1699,1699,ttspl,2847,5CD0485VD1,TTSPL5362,1699,RATE_OK
Hostbooks limited,168,Hostbooks limited,name,LOT,5CD1315YBQ,TTSPL5415,HP Probook 440 G8,1699,1699,ttspl,2848,5CD1315YBQ,TTSPL5415,1699,RATE_OK
Hostbooks limited,168,Hostbooks limited,name,LOT,5CD1218QK2,TTSPL5911,HP Probook 440 G8,1699,1699,ttspl,1930,5CD1218QK2,TTSPL5911,1699,RATE_OK
Hostbooks limited,168,Hostbooks limited,name,LOT,CPKYZH3,TTSPL4855,Dell Latitude 5420,2699,2699,ttspl,1931,CPKYZH3,TTSPL4855,2699,RATE_OK
Hostbooks limited,168,Hostbooks limited,name,LOT,5CD112KFGV,TTSPL6046,HP Probook 440 G8,1699,1699,ttspl,2609,5CD112KFGV,TTSPL6046,1699,RATE_OK
Hostbooks limited,168,Hostbooks limited,name,LOT,5CD112LTCD,TTSPL6075,HP Probook 440 G8,1699,1699,ttspl,2610,5CD112LTCD,TTSPL6075,1699,RATE_OK
Hostbooks limited,168,Hostbooks limited,name,LOT,5CD112KFFP,TTSPL6079,HP Probook 440 G8,1699,1699,ttspl,2612,5CD112KFFP,TTSPL6079,1699,RATE_OK
Hostbooks limited,168,Hostbooks limited,name,LOT,5CD102GX0K,TTSPL6092,HP Probook 430 G8,1699,1699,ttspl,2613,5CD102GX0K,TTSPL6092,1699,RATE_OK
Hostbooks limited,168,Hostbooks limited,name,LOT,PG02YRKH,TTSPL6027,Lenovo Thinkpad E14,1699,1699,ttspl,1932,PG02YRKH,TTSPL6027,1699,RATE_OK
Hostbooks limited,168,Hostbooks limited,name,LOT,60CJ1J3,TTSPL6212,Dell Latitude 5420,2699,2699,ttspl,2615,60CJ1J3,TTSPL6212,2699,RATE_OK
Hostbooks limited,168,Hostbooks limited,name,LOT,JVT4HK3,TTSPL6219,Dell Latitude 5420,2699,2699,ttspl,2617,JVT4HK3,TTSPL6219,2699,RATE_OK
Hostbooks limited,168,Hostbooks limited,name,LOT,1CPXVM3,TTSPL6223,Dell Latitude 5420,2699,2699,ttspl,2618,1CPXVM3,TTSPL6223,2699,RATE_OK
Hostbooks limited,168,Hostbooks limited,name,LOT,CQT4HK3,TTSPL6311,Dell Latitude 5420,2849,2849,ttspl,2619,CQT4HK3,TTSPL6311,2849,RATE_OK
Hostbooks limited,168,Hostbooks limited,name,LOT,4GJ12J3,TTSPL6309,Dell Latitude 5420,2699,2699,ttspl,2620,4GJ12J3,TTSPL6309,2699,RATE_OK
Hostbooks limited,168,Hostbooks limited,name,LOT,7VLK2J3,TTSPL6361,Dell Latitude 5420,2699,2699,ttspl,2621,7VLK2J3,TTSPL6361,2699,RATE_OK
Hostbooks limited,168,Hostbooks limited,name,LOT,13R5HK3,TTSPL6515,Dell Latitude 5420,2849,2849,ttspl,2622,13R5HK3,TTSPL6515,2849,RATE_OK
Hostbooks limited,168,Hostbooks limited,name,LOT,BMT4HK3,TTSPL6518,Dell Latitude 5420,2849,2849,ttspl,2623,BMT4HK3,TTSPL6518,2849,RATE_OK
Hostbooks limited,168,Hostbooks limited,name,LOT,6JWB2J3,TTSPL6522,Dell Latitude 5420,2699,2699,ttspl,2624,6JWB2J3,TTSPL6522,2699,RATE_OK
Hostbooks limited,168,Hostbooks limited,name,LOT,D2C60J3,TTSPL4829,Dell Latitude 5420,2849,2849,ttspl,1933,D2C60J3,TTSPL4829,2849,RATE_OK
MERITSHOT ZETTA EDUTECH PRIVATE LIMITED,167,MERITSHOT ZETTA EDUTECH PRIVATE LIMITED,name,LOT,T4NRCX03L523178,TTSPL5017,Asus TUF Gaming A15,5999,5999,ttspl,1934,T4NRCX03L523178,TTSPL5017,5999,RATE_OK
Technians Softech Pvt.Ltd,219,Technians Softech Pvt.Ltd,name,LOT,B7W4JG3,TTSPL5321,Dell Latitude 3420,2199,2199,ttspl,1936,B7W4JG3,TTSPL5321,2199,RATE_OK
Technians Softech Pvt.Ltd,219,Technians Softech Pvt.Ltd,name,LOT,JHQTKG3,TTSPL6007,Dell Latitude 3420,2199,2199,ttspl,2628,JHQTKG3,TTSPL6007,2199,RATE_OK
Technians Softech Pvt.Ltd,219,Technians Softech Pvt.Ltd,name,LOT,24HTHG3,TTSPL5318,Dell Latitude 3420,2199,2199,ttspl,1935,24HTHG3,TTSPL5318,2199,RATE_OK
Technians Softech Pvt.Ltd,219,Technians Softech Pvt.Ltd,name,LOT,3QNSZH3,TTSPL7438,Dell Latitude 5420,2199,3546.77,ttspl,8202,3QNSZH3,TTSPL7438,2199,RATE_OK
Technians Softech Pvt.Ltd,219,Technians Softech Pvt.Ltd,name,LOT,5Q7Y5G3,TTSPL7435,Dell Latitude 5420,2199,3546.77,ttspl,8199,5Q7Y5G3,TTSPL7435,2199,RATE_OK
Technians Softech Pvt.Ltd,219,Technians Softech Pvt.Ltd,name,LOT,PF3509R4,TTSPL4719,Lenovo Thinkpad L14,2199,3546.77,ttspl,676,PF3509R4,TTSPL4719,2199,RATE_OK
Goolean Technologies Pvt Ltd,220,GOOLEAN TECHNOLOGIES PRIVATE761976109 LIMITED,name,LOT,58Z68C3,TTSPL4225,Dell Latitude 5410,2500,2500,ttspl,1938,58Z68C3,TTSPL4225,2500,RATE_OK
Goolean Technologies Pvt Ltd,220,GOOLEAN TECHNOLOGIES PRIVATE761976109 LIMITED,name,LOT,C5G8S73,TTSPL4230,Dell Latitude 5410,2500,2500,ttspl,1939,C5G8S73,TTSPL4230,2500,RATE_OK
Goolean Technologies Pvt Ltd,220,GOOLEAN TECHNOLOGIES PRIVATE761976109 LIMITED,name,LOT,PG02HY3T,TTSPL6422,Lenovo Thinkpad E-14 Gen 2,1999,1999,ttspl,2874,PG02HY3T,TTSPL6422,1999,RATE_OK
Goolean Technologies Pvt Ltd,220,GOOLEAN TECHNOLOGIES PRIVATE761976109 LIMITED,name,LOT,PG02YB0P,TTSPL6397,Lenovo Thinkpad E-14 Gen 2,1999,1999,ttspl,2875,PG02YB0P,TTSPL6397,1999,RATE_OK
Goolean Technologies Pvt Ltd,220,GOOLEAN TECHNOLOGIES PRIVATE761976109 LIMITED,name,LOT,R913GZGV,TTSPL7232,Lenovo Thinkpad L13,1999,1999,ttspl,3891,R913GZGV,TTSPL7232,1999,RATE_OK
Goolean Technologies Pvt Ltd,220,GOOLEAN TECHNOLOGIES PRIVATE761976109 LIMITED,name,LOT,GLC4QN3,TTSPL7447,Dell Latitude 5420,1999,580.35,ttspl_other_customer,8211,GLC4QN3,TTSPL7447,1499,RATE_MISMATCH
Goolean Technologies Pvt Ltd,220,GOOLEAN TECHNOLOGIES PRIVATE761976109 LIMITED,name,LOT,500M1J3,TTSPL7532,Dell Latitude 5420,1999,2514.87,ttspl,8448,500M1J3,TTSPL7532,1999,RATE_OK
Goolean Technologies Pvt Ltd,220,GOOLEAN TECHNOLOGIES PRIVATE761976109 LIMITED,name,LOT,BW92QG3,TTSPL6701,Dell Latitude 3420,1999,2192.45,ttspl,3480,BW92QG3,TTSPL6701,1999,RATE_OK
OPERISOFT TECHNOLOGIES PRIVATE LIMITED,193,OPERISOFT TECHNOLOGIES PRIVATE LIMITED,name,LOT,JS8ZDB3,TTSPL4233,Dell Latitude 5410,1999,1999,ttspl,1940,JS8ZDB3,TTSPL4233,1999,RATE_OK
OPERISOFT TECHNOLOGIES PRIVATE LIMITED,193,OPERISOFT TECHNOLOGIES PRIVATE LIMITED,name,LOT,4PTV0F3,TTSPL4235,Dell Latitude 5410,1999,1999,ttspl,1941,4PTV0F3,TTSPL4235,1999,RATE_OK
OPERISOFT TECHNOLOGIES PRIVATE LIMITED,193,OPERISOFT TECHNOLOGIES PRIVATE LIMITED,name,LOT,JSB7ZD3,TTSPL3727,Dell Latitude 5420,1999,1999,ttspl,1942,JSB7ZD3,TTSPL3727,1999,RATE_OK
OPERISOFT TECHNOLOGIES PRIVATE LIMITED,193,OPERISOFT TECHNOLOGIES PRIVATE LIMITED,name,LOT,PF25PVL7,TTSPL4416,Lenovo Thinkpad T490,1999,1999,ttspl,1943,PF25PVL7,TTSPL4416,1999,RATE_OK
OPERISOFT TECHNOLOGIES PRIVATE LIMITED,193,OPERISOFT TECHNOLOGIES PRIVATE LIMITED,name,LOT,GRTHGJ3,TTSPL2650,Dell Vostro 3500,1999,1999,ttspl,1944,GRTHGJ3,TTSPL2650,1999,RATE_OK
Auraa Coordination & Productions Pvt Ltd,222,Auraa Coordination & Productions Pvt Ltd,name,LOT,9P83C63,TTSPL6209,Dell Latitude 3410,1599,1599,ttspl,2629,9P83C63,TTSPL6209,1599,RATE_OK
Auraa Coordination & Productions Pvt Ltd,222,Auraa Coordination & Productions Pvt Ltd,name,LOT,50Q1T93,TTSPL6256,Dell Latitude 3410,1599,1599,ttspl,2630,50Q1T93,TTSPL6256,1599,RATE_OK
Auraa Coordination & Productions Pvt Ltd,222,Auraa Coordination & Productions Pvt Ltd,name,LOT,B6LS203,TTSPL6292,Dell Latitude 3410,1599,1599,ttspl,2631,B6LS203,TTSPL6292,1599,RATE_OK
DROR SERVICES PRIVATE LIMITED,185,DROR SERVICES PRIVATE LIMITED,name,LOT,7G078S2,TTSPL3642,Dell Latitude 7490,1199,1199,ttspl,1947,7G078S2,TTSPL3642,1199,RATE_OK
DROR SERVICES PRIVATE LIMITED,185,DROR SERVICES PRIVATE LIMITED,name,LOT,64Q5V93,TTSPL6334,Dell Latitude 3410,1599,1599,ttspl,2641,64Q5V93,TTSPL6334,1599,RATE_OK
DROR SERVICES PRIVATE LIMITED,185,DROR SERVICES PRIVATE LIMITED,name,LOT,951WB93,TTSPL6503,Dell Latitude 3410,1599,1599,ttspl,2643,951WB93,TTSPL6503,1599,RATE_OK
DROR SERVICES PRIVATE LIMITED,185,DROR SERVICES PRIVATE LIMITED,name,LOT,JB7BC63,TTSPL6500,Dell Latitude 3410,1599,1599,ttspl,2644,JB7BC63,TTSPL6500,1599,RATE_OK
DROR SERVICES PRIVATE LIMITED,185,DROR SERVICES PRIVATE LIMITED,name,LOT,B1PS103,TTSPL6728,Latitude 3410,1599,1599,ttspl,2647,B1PS103,TTSPL6728,1599,RATE_OK
DROR SERVICES PRIVATE LIMITED,185,DROR SERVICES PRIVATE LIMITED,name,LOT,9DTM763,TTSPL6240,Dell Latitude 3410,1599,1599,ttspl,2648,9DTM763,TTSPL6240,1599,RATE_OK
DROR SERVICES PRIVATE LIMITED,185,DROR SERVICES PRIVATE LIMITED,name,LOT,B6VP6Y2,TTSPL3516,Dell Latitude 7490,1599,1599,ttspl,1948,B6VP6Y2,TTSPL3516,1599,RATE_OK
DROR SERVICES PRIVATE LIMITED,185,DROR SERVICES PRIVATE LIMITED,name,LOT,PF22M9DK,TTSPL6904,Lenovo Thinkpad T14,1599,1599,ttspl,1949,PF22M9DK,TTSPL6904,1599,RATE_OK
DROR SERVICES PRIVATE LIMITED,185,DROR SERVICES PRIVATE LIMITED,name,LOT,PF31MY69,TTSPL4705,Lenovo Thinkpad T14,1599,1599,ttspl,1771,PF31MY69,TTSPL4705,1599,RATE_OK
DROR SERVICES PRIVATE LIMITED,185,DROR SERVICES PRIVATE LIMITED,name,LOT,BQ33C63,TTSPL6341,Dell Latitude 3410,1599,1599,ttspl,3378,BQ33C63,TTSPL6341,1599,RATE_OK
DROR SERVICES PRIVATE LIMITED,185,DROR SERVICES PRIVATE LIMITED,name,LOT,PF56JY8A,TTSPL5058,Lenovo V14 (Gen 3),3999,3999,ttspl,381,PF56JY8A,TTSPL5058,3999,RATE_OK
DROR SERVICES PRIVATE LIMITED,185,DROR SERVICES PRIVATE LIMITED,name,LOT,3Z23C63,TTSPL6453,Dell Latitude 3410,1599,1599,ttspl,3402,3Z23C63,TTSPL6453,1599,RATE_OK
DROR SERVICES PRIVATE LIMITED,185,DROR SERVICES PRIVATE LIMITED,name,LOT,B9P1T93,TTSPL5660,Dell Latitude 3410,1599,1599,ttspl,2391,B9P1T93,TTSPL5660,1599,RATE_OK
DROR SERVICES PRIVATE LIMITED,185,DROR SERVICES PRIVATE LIMITED,name,LOT,2CTXJZ2,TTSPL2446,Dell Inspiron 3493,1599,1599,ttspl,2921,2CTXJZ2,TTSPL2446,1599,RATE_OK
DROR SERVICES PRIVATE LIMITED,185,DROR SERVICES PRIVATE LIMITED,name,LOT,R913EBMT,TTSPL7221,Lenovo Thinkpad L13,1999,1999,ttspl,3880,R913EBMT,TTSPL7221,1999,RATE_OK
DROR SERVICES PRIVATE LIMITED,185,DROR SERVICES PRIVATE LIMITED,name,LOT,PF1SV0AJ,TTSPL5293,Lenovo Thinkpad T14,1599,1599,ttspl,183,PF1SV0AJ,TTSPL5293,1599,RATE_OK
DROR SERVICES PRIVATE LIMITED,185,DROR SERVICES PRIVATE LIMITED,name,LOT,R913GZ7D,TTSPL7176,Lenovo Thinkpad L13,1999,1999,ttspl,3835,R913GZ7D,TTSPL7176,1999,RATE_OK
DROR SERVICES PRIVATE LIMITED,185,DROR SERVICES PRIVATE LIMITED,name,LOT,R913GZHH,TTSPL7238,Lenovo Thinkpad L13,1999,1999,ttspl,3897,R913GZHH,TTSPL7238,1999,RATE_OK
DROR SERVICES PRIVATE LIMITED,185,DROR SERVICES PRIVATE LIMITED,name,LOT,PC282ZS4,TTSPL4386,Lenovo Thinkpad X-13,1999,1999,ttspl,293,PC282ZS4,TTSPL4386,1999,RATE_OK
MNR Solutions Pvt. Ltd.,178,MNR Solutions Pvt. Ltd.,name,LOT,G7FFN73,TTSPL6086,Dell Latitude 5400,999,999,ttspl,2649,G7FFN73,TTSPL6086,999,RATE_OK
MNR Solutions Pvt. Ltd.,178,MNR Solutions Pvt. Ltd.,name,LOT,DVWDQ13,TTSPL6587,Dell Latitude 5400,999,999,ttspl,2650,DVWDQ13,TTSPL6587,999,RATE_OK
MNR Solutions Pvt. Ltd.,178,MNR Solutions Pvt. Ltd.,name,LOT,8KTZP13,TTSPL6593,Dell Latitude 5400,999,999,ttspl,2651,8KTZP13,TTSPL6593,999,RATE_OK
MNR Solutions Pvt. Ltd.,178,MNR Solutions Pvt. Ltd.,name,LOT,3ZJYN13,TTSPL6709,Dell Latitude 5400,999,999,ttspl,2652,3ZJYN13,TTSPL6709,999,RATE_OK
MNR Solutions Pvt. Ltd.,178,MNR Solutions Pvt. Ltd.,name,LOT,J7XDL13,TTSPL6713,Dell Latitude 5400,999,999,ttspl,2653,J7XDL13,TTSPL6713,999,RATE_OK
MNR Solutions Pvt. Ltd.,178,MNR Solutions Pvt. Ltd.,name,LOT,CXWDQ13,TTSPL6596,Dell Latitude 5400,999,999,ttspl,2654,CXWDQ13,TTSPL6596,999,RATE_OK
MNR Solutions Pvt. Ltd.,178,MNR Solutions Pvt. Ltd.,name,LOT,1DSZP13,TTSPL6591,Dell Latitude 5400,999,999,ttspl,2655,1DSZP13,TTSPL6591,999,RATE_OK
MNR Solutions Pvt. Ltd.,178,MNR Solutions Pvt. Ltd.,name,LOT,HVY11Z2,TTSPL6674,Dell Latitude 5400,999,999,ttspl,2656,HVY11Z2,TTSPL6674,999,RATE_OK
MNR Solutions Pvt. Ltd.,178,MNR Solutions Pvt. Ltd.,name,LOT,FGSZP13,TTSPL6710,Dell Latitude 5400,999,999,ttspl,2657,FGSZP13,TTSPL6710,999,RATE_OK
MNR Solutions Pvt. Ltd.,178,MNR Solutions Pvt. Ltd.,name,LOT,54J2M13,TTSPL3080,Dell Latitude 7400 (Touch Screen),999,999,ttspl,1950,54J2M13,TTSPL3080,999,RATE_OK
MNR Solutions Pvt. Ltd.,178,MNR Solutions Pvt. Ltd.,name,LOT,3T25YY2,TTSPL3079,Dell Latitude 7400 (Touch Screen),999,999,ttspl,1951,3T25YY2,TTSPL3079,999,RATE_OK
MNR Solutions Pvt. Ltd.,178,MNR Solutions Pvt. Ltd.,name,LOT,1F01NF2,TTSPL2063,Dell Latitude 5490,999,999,ttspl,3373,1F01NF2,TTSPL2063,999,RATE_OK
MNR Solutions Pvt. Ltd.,178,MNR Solutions Pvt. Ltd.,name,LOT,1SSZP13,TTSPL6718,Dell Latitude 5400,999,999,ttspl,3485,1SSZP13,TTSPL6718,999,RATE_OK
MNR Solutions Pvt. Ltd.,178,MNR Solutions Pvt. Ltd.,name,LOT,CZV1NF2,TTSPL2686,Dell Latitude 5490,999,999,ttspl,3225,CZV1NF2,TTSPL2686,999,RATE_OK
MNR Solutions Pvt. Ltd.,178,MNR Solutions Pvt. Ltd.,name,LOT,9Y75Y33,TTSPL5663,Dell Latitude 5400,999,999,ttspl,2574,9Y75Y33,TTSPL5663,999,RATE_OK
MNR Solutions Pvt. Ltd.,178,MNR Solutions Pvt. Ltd.,name,LOT,5CG9127RM5,TTSPL3681,HP Elitebook 840 G5,999,999,ttspl,1893,5CG9127RM5,TTSPL3681,999,RATE_OK
MNR Solutions Pvt. Ltd.,178,MNR Solutions Pvt. Ltd.,name,LOT,5NBLHR2,TTSPL5197,Dell Latitude 5490,999,999,ttspl,1821,5NBLHR2,TTSPL5197,999,RATE_OK
MNR Solutions Pvt. Ltd.,178,MNR Solutions Pvt. Ltd.,name,LOT,CZPYVZ2,TTSPL5423,Dell Latitude 3400,999,999,ttspl,2783,CZPYVZ2,TTSPL5423,999,RATE_OK
MNR Solutions Pvt. Ltd.,178,MNR Solutions Pvt. Ltd.,name,LOT,PF26LL1D,TTSPL3152,Lenovo Thinkpad T490 (Touchscreen),999,999,ttspl,822,PF26LL1D,TTSPL3152,999,RATE_OK
MNR Solutions Pvt. Ltd.,178,MNR Solutions Pvt. Ltd.,name,LOT,G2LMM53,TTSPL5652,Dell Latitude 5400,999,999,ttspl,2524,G2LMM53,TTSPL5652,999,RATE_OK
MNR Solutions Pvt. Ltd.,178,MNR Solutions Pvt. Ltd.,name,LOT,F0FBNW2,TTSPL7126,Dell Latitude 3400,1200,1200,ttspl,3785,F0FBNW2,TTSPL7126,1200,RATE_OK
MNR Solutions Pvt. Ltd.,178,MNR Solutions Pvt. Ltd.,name,LOT,FBPSVZ2,TTSPL7119,Dell Latitude 3400,1200,1200,ttspl,3778,FBPSVZ2,TTSPL7119,1200,RATE_OK
MNR Solutions Pvt. Ltd.,178,MNR Solutions Pvt. Ltd.,name,LOT,5CG0278H3Q,TTSPL7396,HP PROBOOK 640 G5,1250,1693.55,ttspl,8160,5CG0278H3Q,TTSPL7396,1250,RATE_OK
MNR Solutions Pvt. Ltd.,178,MNR Solutions Pvt. Ltd.,name,LOT,5CG0274HQ7,TTSPL7490,HP PROBOOK 640 G5,1250,1693.55,ttspl,8254,5CG0274HQ7,TTSPL7490,1250,RATE_OK
MNR Solutions Pvt. Ltd.,178,MNR Solutions Pvt. Ltd.,name,LOT,5CG0278JWM,TTSPL7390,HP PROBOOK 640 G5,1250,1612.9,ttspl,8154,5CG0278JWM,TTSPL7390,1250,RATE_OK
MNR Solutions Pvt. Ltd.,178,MNR Solutions Pvt. Ltd.,name,LOT,5CG0274G3Z,TTSPL7397,HP PROBOOK 640 G5,1250,1612.9,ttspl,8161,5CG0274G3Z,TTSPL7397,1250,RATE_OK
MNR Solutions Pvt. Ltd.,178,MNR Solutions Pvt. Ltd.,name,LOT,G4PSVZ2,TTSPL7125,Dell Latitude 3400,1600,1961.29,ttspl,3784,G4PSVZ2,TTSPL7125,1600,RATE_OK
MNR Solutions Pvt. Ltd.,178,MNR Solutions Pvt. Ltd.,name,LOT,5CG0278NQ3,TTSPL7401,HP PROBOOK 640 G5,1250,1491.94,ttspl,8165,5CG0278NQ3,TTSPL7401,1250,RATE_OK
AWL India Private Limited,177,AWL India Private Limited,name,LOT,5ZNXVM3,TTSPL6301,Dell Latitude 5420,1400,1400,ttspl,2658,5ZNXVM3,TTSPL6301,1400,RATE_OK
AWL India Private Limited,177,AWL India Private Limited,name,LOT,G3PXVM3,TTSPL6303,Dell Latitude 5420,1400,1400,ttspl,2659,G3PXVM3,TTSPL6303,1400,RATE_OK
AWL India Private Limited,177,AWL India Private Limited,name,LOT,7P26HK3,TTSPL6310,Dell Latitude 5420,1400,1400,ttspl,2660,7P26HK3,TTSPL6310,1400,RATE_OK
AWL India Private Limited,177,AWL India Private Limited,name,LOT,J8PXVM3,TTSPL6318,Dell Latitude 5420,1400,1400,ttspl,2661,J8PXVM3,TTSPL6318,1400,RATE_OK
AWL India Private Limited,177,AWL India Private Limited,name,LOT,HKR82J3,TTSPL6363,Dell Latitude 5420,1400,1400,ttspl,2662,HKR82J3,TTSPL6363,1400,RATE_OK
EXOTALENT CONSULTANCY SERVICES LLP,182,EXOTALENT CONSULTANCY SERVICES LLP,name,LOT,JH0J3G2,TTSPL3025,Dell Latitude E7470,800,800,ttspl,1954,JH0J3G2,TTSPL3025,800,RATE_OK
EXOTALENT CONSULTANCY SERVICES LLP,182,EXOTALENT CONSULTANCY SERVICES LLP,name,LOT,8R6LRL3,TTSPL6438,Dell Latitude 3420,2899,2899,ttspl,2663,8R6LRL3,TTSPL6438,2899,RATE_OK
EXOTALENT CONSULTANCY SERVICES LLP,182,EXOTALENT CONSULTANCY SERVICES LLP,name,LOT,PC28HQ2R,TTSPL4385,Lenovo Thinkpad X-13,1799,1799,ttspl,903,PC28HQ2R,TTSPL4385,1799,RATE_OK
EXOTALENT CONSULTANCY SERVICES LLP,182,EXOTALENT CONSULTANCY SERVICES LLP,name,LOT,3489R73,TTSPL7432,Dell Latitude 5420,1799,1740.97,UNMATCHED,,,,,NOT_IN_CRM_ACTIVE
DELFIN TECHNOLOGIES INDIA PRIVATE LIMITED,192,DELFIN TECHNOLOGIES INDIA PRIVATE LIMITED,name,LOT,F7LT19997K,TTSPL6020,APPLE MACBOOK AIR,4499,4499,ttspl,2305,F7LT19997K,TTSPL6020,4499,RATE_OK
DELFIN TECHNOLOGIES INDIA PRIVATE LIMITED,192,DELFIN TECHNOLOGIES INDIA PRIVATE LIMITED,name,LOT,JXJJJX2X71,TTSPL6016,APPLE MACBOOK AIR,4499,4499,ttspl,2306,JXJJJX2X71,TTSPL6016,4499,RATE_OK
DELFIN TECHNOLOGIES INDIA PRIVATE LIMITED,192,DELFIN TECHNOLOGIES INDIA PRIVATE LIMITED,name,LOT,KWVDY7Q7QN,TTSPL6556,APPLE MACBOOK AIR,4499,4499,ttspl,2307,KWVDY7Q7QN,TTSPL6556,4499,RATE_OK
DELFIN TECHNOLOGIES INDIA PRIVATE LIMITED,192,DELFIN TECHNOLOGIES INDIA PRIVATE LIMITED,name,LOT,F9D7JVXQO5,TTSPL6758,APPLE MACBOOK AIR,4499,4499,ttspl,1957,F9D7JVXQO5,TTSPL6758,4499,RATE_OK
DELFIN TECHNOLOGIES INDIA PRIVATE LIMITED,192,DELFIN TECHNOLOGIES INDIA PRIVATE LIMITED,name,LOT,J6237JD4TW,TTSPL6759,APPLE MACBOOK AIR,4499,4499,ttspl,1958,J6237JD4TW,TTSPL6759,4499,RATE_OK
DELFIN TECHNOLOGIES INDIA PRIVATE LIMITED,192,DELFIN TECHNOLOGIES INDIA PRIVATE LIMITED,name,LOT,JK04DD9QV2,TTSPL6760,APPLE MACBOOK AIR,4499,4499,ttspl,1959,JK04DD9QV2,TTSPL6760,4499,RATE_OK
DELFIN TECHNOLOGIES INDIA PRIVATE LIMITED,192,DELFIN TECHNOLOGIES INDIA PRIVATE LIMITED,name,LOT,GF0G264WWD,TTSPL6761,APPLE MACBOOK AIR,4499,4499,ttspl,1960,GF0G264WWD,TTSPL6761,4499,RATE_OK
DELFIN TECHNOLOGIES INDIA PRIVATE LIMITED,192,DELFIN TECHNOLOGIES INDIA PRIVATE LIMITED,name,LOT,9R4SCB3,TTSPL6805,Dell Latitude 5420,1999,1999,ttspl,1962,9R4SCB3,TTSPL6805,1999,RATE_OK
DELFIN TECHNOLOGIES INDIA PRIVATE LIMITED,192,DELFIN TECHNOLOGIES INDIA PRIVATE LIMITED,name,LOT,KG75WFVF5C,TTSPL6946,Apple Macbook Air,4499,4499,ttspl,3553,KG75WFVF5C,TTSPL6946,4499,RATE_OK
EXIMPLE TECHNOLOGIES PRIVATE LIMITED,195,EXIMPLE TECHNOLOGIES PRIVATE LIMITED,name,LOT,BHJ0503,TTSPL6478,Dell Latitude 3410,1449,1449,ttspl,2665,BHJ0503,TTSPL6478,1449,RATE_OK
EXIMPLE TECHNOLOGIES PRIVATE LIMITED,195,EXIMPLE TECHNOLOGIES PRIVATE LIMITED,name,LOT,PF2E4K2V,TTSPL3603,Lenovo Thinkpad L14,1599,1599,ttspl,2218,PF2E4K2V,TTSPL3603,1599,RATE_OK
EXIMPLE TECHNOLOGIES PRIVATE LIMITED,195,EXIMPLE TECHNOLOGIES PRIVATE LIMITED,name,LOT,PF1VA40C,TTSPL6905,Lenovo Thinkpad T14,1449,1449,ttspl,1967,PF1VA40C,TTSPL6905,1449,RATE_OK
EXIMPLE TECHNOLOGIES PRIVATE LIMITED,195,EXIMPLE TECHNOLOGIES PRIVATE LIMITED,name,LOT,PF1A6KZD,TTSPL6899,Lenovo Thinkpad T14,1449,1449,ttspl,3247,PF1A6KZD,TTSPL6899,1499,RATE_MISMATCH
EXIMPLE TECHNOLOGIES PRIVATE LIMITED,195,EXIMPLE TECHNOLOGIES PRIVATE LIMITED,name,LOT,GTN5V93,TTSPL6483,Dell Latitude 3410,1449,1449,ttspl,3422,GTN5V93,TTSPL6483,1499,RATE_MISMATCH
EXIMPLE TECHNOLOGIES PRIVATE LIMITED,195,EXIMPLE TECHNOLOGIES PRIVATE LIMITED,name,LOT,H4TV273,TTSPL4002,Dell Latitude 5410,1599,1599,ttspl,1288,H4TV273,TTSPL4002,1599,RATE_OK
EXIMPLE TECHNOLOGIES PRIVATE LIMITED,195,EXIMPLE TECHNOLOGIES PRIVATE LIMITED,name,LOT,PG02VL6Y,TTSPL6420,Lenovo Thinkpad E-14 Gen 2,2200,2200,ttspl,3364,PG02VL6Y,TTSPL6420,2200,RATE_OK
Biodeal Pharmaceuticals Limited,183,BIODEAL PHARMACEUTICALS LIMITED,name,LOT,PG037G77,TTSPL5924,Lenovo Thinkpad E14,1500,1500,ttspl,1968,PG037G77,TTSPL5924,1500,RATE_OK
Biodeal Pharmaceuticals Limited,183,BIODEAL PHARMACEUTICALS LIMITED,name,LOT,PF3DNGTL,TTSPL5467,Lenovo Thinkpad E14,1500,1500,ttspl,1969,PF3DNGTL,TTSPL5467,1500,RATE_OK
Biodeal Pharmaceuticals Limited,183,BIODEAL PHARMACEUTICALS LIMITED,name,LOT,PG02SKEV,TTSPL5280,Lenovo Thinkpad E14 (Gen 2),1500,1500,ttspl,1970,PG02SKEV,TTSPL5280,1500,RATE_OK
Biodeal Pharmaceuticals Limited,183,BIODEAL PHARMACEUTICALS LIMITED,name,LOT,H94BNN3,TTSPL5391,Dell Latitude 5420 (Touch Screen),1500,1500,ttspl,1971,H94BNN3,TTSPL5391,1500,RATE_OK
Biodeal Pharmaceuticals Limited,183,BIODEAL PHARMACEUTICALS LIMITED,name,LOT,PG02YQ0V,TTSPL5607,Lenovo Thinkpad E14,1500,1500,ttspl,1972,PG02YQ0V,TTSPL5607,1500,RATE_OK
Biodeal Pharmaceuticals Limited,183,BIODEAL PHARMACEUTICALS LIMITED,name,LOT,2KXR9V3,TTSPL6004,Dell Latitude 5420,1500,1500,ttspl,2666,2KXR9V3,TTSPL6004,1500,RATE_OK
Biodeal Pharmaceuticals Limited,183,BIODEAL PHARMACEUTICALS LIMITED,name,LOT,5CD13757CJ,TTSPL6441,HP Probook 440 G8,2000,2000,ttspl,2667,5CD13757CJ,TTSPL6441,2000,RATE_OK
Biodeal Pharmaceuticals Limited,183,BIODEAL PHARMACEUTICALS LIMITED,name,LOT,GHRZ1J3,TTSPL6517,Dell Latitude 5420,2000,2000,ttspl,2668,GHRZ1J3,TTSPL6517,2000,RATE_OK
Biodeal Pharmaceuticals Limited,183,BIODEAL PHARMACEUTICALS LIMITED,name,LOT,PF3D1WWH,TTSPL5227,Lenovo Thinkpad E14 (Gen 2),1500,1500,ttspl,1974,PF3D1WWH,TTSPL5227,1500,RATE_OK
Biodeal Pharmaceuticals Limited,183,BIODEAL PHARMACEUTICALS LIMITED,name,LOT,5CD147H13V,TTSPL5335,HP Probook 440 G8,1500,1500,ttspl,2852,5CD147H13V,TTSPL5335,1500,RATE_OK
Biodeal Pharmaceuticals Limited,183,BIODEAL PHARMACEUTICALS LIMITED,name,LOT,PG02S23K,TTSPL5635,Lenovo Thinkpad E14,1500,1500,ttspl,1975,PG02S23K,TTSPL5635,1500,RATE_OK
Biodeal Pharmaceuticals Limited,183,BIODEAL PHARMACEUTICALS LIMITED,name,LOT,BMC8SL3,TTSPL5729,Dell Latitude 3420,1500,1500,ttspl,2669,BMC8SL3,TTSPL5729,1500,RATE_OK
Biodeal Pharmaceuticals Limited,183,BIODEAL PHARMACEUTICALS LIMITED,name,LOT,FZ4BML3,TTSPL5728,Dell Latitude 3420,1500,1500,ttspl,2670,FZ4BML3,TTSPL5728,1500,RATE_OK
Biodeal Pharmaceuticals Limited,183,BIODEAL PHARMACEUTICALS LIMITED,name,LOT,5CD1315YV1,TTSPL5356,HP Probook 440 G8,1500,1500,ttspl,2853,5CD1315YV1,TTSPL5356,1500,RATE_OK
Biodeal Pharmaceuticals Limited,183,BIODEAL PHARMACEUTICALS LIMITED,name,LOT,5CD112LTG0,TTSPL6559,HP Probook 440 G8,1500,1500,UNMATCHED,,,,,NOT_IN_CRM_ACTIVE
Biodeal Pharmaceuticals Limited,183,BIODEAL PHARMACEUTICALS LIMITED,name,LOT,5CD112M2W5,TTSPL6579,HP Probook 440 G8,1500,1500,ttspl,2672,5CD112M2W5,TTSPL6579,1500,RATE_OK
Biodeal Pharmaceuticals Limited,183,BIODEAL PHARMACEUTICALS LIMITED,name,LOT,8GPYCL3,TTSPL6600,Dell Latitude 3420,1500,1500,ttspl,2673,8GPYCL3,TTSPL6600,1500,RATE_OK
Biodeal Pharmaceuticals Limited,183,BIODEAL PHARMACEUTICALS LIMITED,name,LOT,JJJ5QG3,TTSPL6602,Dell Latitude 3420,1500,1500,ttspl,2674,JJJ5QG3,TTSPL6602,1500,RATE_OK
Biodeal Pharmaceuticals Limited,183,BIODEAL PHARMACEUTICALS LIMITED,name,LOT,J8C2QG3,TTSPL6603,Dell Latitude 3420,1500,1500,ttspl,2675,J8C2QG3,TTSPL6603,1500,RATE_OK
Biodeal Pharmaceuticals Limited,183,BIODEAL PHARMACEUTICALS LIMITED,name,LOT,33RD2B3,TTSPL6608,Dell Latitude 3420,1500,1500,ttspl,2676,33RD2B3,TTSPL6608,1500,RATE_OK
Biodeal Pharmaceuticals Limited,183,BIODEAL PHARMACEUTICALS LIMITED,name,LOT,84ZBRG3,TTSPL6616,Dell Latitude 3420,1500,1500,ttspl,2677,84ZBRG3,TTSPL6616,1500,RATE_OK
Biodeal Pharmaceuticals Limited,183,BIODEAL PHARMACEUTICALS LIMITED,name,LOT,5CD112LVF8,TTSPL6567,HP Probook 440 G8,1500,1500,ttspl,2678,5CD112LVF8,TTSPL6567,1500,RATE_OK
Biodeal Pharmaceuticals Limited,183,BIODEAL PHARMACEUTICALS LIMITED,name,LOT,5CD112KFF4,TTSPL6580,HP Probook 440 G8,1500,1500,ttspl,2679,5CD112KFF4,TTSPL6580,1500,RATE_OK
Biodeal Pharmaceuticals Limited,183,BIODEAL PHARMACEUTICALS LIMITED,name,LOT,47Y60J3,TTSPL6738,Dell Latitude 7420,1500,1500,ttspl,1976,47Y60J3,TTSPL6738,1500,RATE_OK
Biodeal Pharmaceuticals Limited,183,BIODEAL PHARMACEUTICALS LIMITED,name,LOT,97080J3,TTSPL6739,Dell Latitude 7420,1500,1500,ttspl,1977,97080J3,TTSPL6739,1500,RATE_OK
Biodeal Pharmaceuticals Limited,183,BIODEAL PHARMACEUTICALS LIMITED,name,LOT,2374JL3,TTSPL5708,Dell Latitude 3420,1500,1500,ttspl,2680,2374JL3,TTSPL5708,1500,RATE_OK
Biodeal Pharmaceuticals Limited,183,BIODEAL PHARMACEUTICALS LIMITED,name,LOT,2Y92QG3,TTSPL6630,Dell Latitude 3420,1500,1500,ttspl,2681,2Y92QG3,TTSPL6630,1500,RATE_OK
Biodeal Pharmaceuticals Limited,183,BIODEAL PHARMACEUTICALS LIMITED,name,LOT,5CG2131F08,TTSPL6825,HP Elitebook 840 G8,1500,1500,ttspl,1980,5CG2131F08,TTSPL6825,1500,RATE_OK
Biodeal Pharmaceuticals Limited,183,BIODEAL PHARMACEUTICALS LIMITED,name,LOT,5CG2130S8X,TTSPL6826,HP Elitebook 840 G8,1500,1500,ttspl,1981,5CG2130S8X,TTSPL6826,1500,RATE_OK
Biodeal Pharmaceuticals Limited,183,BIODEAL PHARMACEUTICALS LIMITED,name,LOT,5CG2130HZ5,TTSPL6827,HP Elitebook 840 G8,1500,1500,ttspl,1982,5CG2130HZ5,TTSPL6827,1500,RATE_OK
Biodeal Pharmaceuticals Limited,183,BIODEAL PHARMACEUTICALS LIMITED,name,LOT,5CG2132BY0,TTSPL6828,HP Elitebook 840 G8,1500,1500,ttspl,1983,5CG2132BY0,TTSPL6828,1500,RATE_OK
Biodeal Pharmaceuticals Limited,183,BIODEAL PHARMACEUTICALS LIMITED,name,LOT,5CG213103S,TTSPL6829,HP Elitebook 840 G8,1500,1500,ttspl,1984,5CG213103S,TTSPL6829,1500,RATE_OK
Biodeal Pharmaceuticals Limited,183,BIODEAL PHARMACEUTICALS LIMITED,name,LOT,5CG213239D,TTSPL6830,HP Elitebook 840 G8,1500,1500,ttspl,1985,5CG213239D,TTSPL6830,1500,RATE_OK
Biodeal Pharmaceuticals Limited,183,BIODEAL PHARMACEUTICALS LIMITED,name,LOT,5CG2133VJS,TTSPL6832,HP Elitebook 840 G8,1500,1500,ttspl,1986,5CG2133VJS,TTSPL6832,1500,RATE_OK
Biodeal Pharmaceuticals Limited,183,BIODEAL PHARMACEUTICALS LIMITED,name,LOT,5CG2131B3G,TTSPL6835,HP Elitebook 840 G8,1500,1500,ttspl,1987,5CG2131B3G,TTSPL6835,1500,RATE_OK
Biodeal Pharmaceuticals Limited,183,BIODEAL PHARMACEUTICALS LIMITED,name,LOT,5CG2133V28,TTSPL6838,HP Elitebook 840 G8,1500,1500,ttspl,1988,5CG2133V28,TTSPL6838,1500,RATE_OK
Biodeal Pharmaceuticals Limited,183,BIODEAL PHARMACEUTICALS LIMITED,name,LOT,5CG21324C4,TTSPL6840,HP Elitebook 840 G8,1500,1500,ttspl,1989,5CG21324C4,TTSPL6840,1500,RATE_OK
Biodeal Pharmaceuticals Limited,183,BIODEAL PHARMACEUTICALS LIMITED,name,LOT,PF1VMCQ2,TTSPL6119,Lenovo Thinkpad T14,1450,1450,ttspl,1990,PF1VMCQ2,TTSPL6119,1450,RATE_OK
Biodeal Pharmaceuticals Limited,183,BIODEAL PHARMACEUTICALS LIMITED,name,LOT,PG02JQN1,TTSPL6401,Lenovo Thinkpad E-14 Gen 2,1500,1500,ttspl,3348,PG02JQN1,TTSPL6401,1500,RATE_OK
Biodeal Pharmaceuticals Limited,183,BIODEAL PHARMACEUTICALS LIMITED,name,LOT,CRP70J3,TTSPL5496,Dell Latitude 5420 (Touch Screen),1500,1500,ttspl,1541,CRP70J3,TTSPL5496,1500,RATE_OK
Biodeal Pharmaceuticals Limited,183,BIODEAL PHARMACEUTICALS LIMITED,name,LOT,PG02JQ67,TTSPL6406,Lenovo Thinkpad E-14 Gen 2,1500,1500,ttspl,3352,PG02JQ67,TTSPL6406,1500,RATE_OK
Biodeal Pharmaceuticals Limited,183,BIODEAL PHARMACEUTICALS LIMITED,name,LOT,PG02Y0EJ,TTSPL5190,Lenovo Thinkpad E14 (Gen 2),1500,1500,ttspl,1768,PG02Y0EJ,TTSPL5190,1500,RATE_OK
Biodeal Pharmaceuticals Limited,183,BIODEAL PHARMACEUTICALS LIMITED,name,LOT,PG02JQ6T,TTSPL6403,Lenovo Thinkpad E-14 Gen 2,1500,1500,ttspl,2876,PG02JQ6T,TTSPL6403,1500,RATE_OK
Biodeal Pharmaceuticals Limited,183,BIODEAL PHARMACEUTICALS LIMITED,name,LOT,HDK5QG3,TTSPL6060,Dell Latitude 3420,1499,1499,ttspl,3463,HDK5QG3,TTSPL6060,1499,RATE_OK
Biodeal Pharmaceuticals Limited,183,BIODEAL PHARMACEUTICALS LIMITED,name,LOT,25RD2B3,TTSPL6620,Dell Latitude 3420,1499,1499,ttspl,3442,25RD2B3,TTSPL6620,1499,RATE_OK
Biodeal Pharmaceuticals Limited,183,BIODEAL PHARMACEUTICALS LIMITED,name,LOT,HM110J3,TTSPL5493,Dell Latitude 5420 (Touch Screen),1499,1499,ttspl,1720,HM110J3,TTSPL5493,1499,RATE_OK
Biodeal Pharmaceuticals Limited,183,BIODEAL PHARMACEUTICALS LIMITED,name,LOT,HD3PDK3,TTSPL5495,Dell Latitude 5420 (Touch Screen),1499,1499,ttspl,1721,HD3PDK3,TTSPL5495,1499,RATE_OK
Biodeal Pharmaceuticals Limited,183,BIODEAL PHARMACEUTICALS LIMITED,name,LOT,G2W96M3,TTSPL5390,Dell Latitude 5420 (Touch Screen),1499,1499,ttspl,1713,G2W96M3,TTSPL5390,1499,RATE_OK
Biodeal Pharmaceuticals Limited,183,BIODEAL PHARMACEUTICALS LIMITED,name,LOT,R913GZ7Q,TTSPL7243,Lenovo Thinkpad L13,1500,1500,ttspl,3902,R913GZ7Q,TTSPL7243,1500,RATE_OK
Biodeal Pharmaceuticals Limited,183,BIODEAL PHARMACEUTICALS LIMITED,name,LOT,5CG2133RJH,TTSPL6895,HP Elitebook 840 G8,1500,1500,ttspl,2017,5CG2133RJH,TTSPL6895,1500,RATE_OK
MERVICE INFOTECH PRIVATE LIMITED,196,MERVICE INFOTECH PRIVATE LIMITED,name,LOT,1TKG463,TTSPL6289,Dell Latitude 3410,1499,1499,ttspl,2682,1TKG463,TTSPL6289,1499,RATE_OK
MERVICE INFOTECH PRIVATE LIMITED,196,MERVICE INFOTECH PRIVATE LIMITED,name,LOT,6V6X503,TTSPL5644,Dell Latitude 3410,1499,1499,ttspl,2683,6V6X503,TTSPL5644,1499,RATE_OK
MERVICE INFOTECH PRIVATE LIMITED,196,MERVICE INFOTECH PRIVATE LIMITED,name,LOT,6BQ1T93,TTSPL6274,Dell Latitude 3410,1499,1499,ttspl,2684,6BQ1T93,TTSPL6274,1499,RATE_OK
MERVICE INFOTECH PRIVATE LIMITED,196,MERVICE INFOTECH PRIVATE LIMITED,name,LOT,GN83C63,TTSPL6085,Dell Latitude 3410,1499,1499,ttspl,2685,GN83C63,TTSPL6085,1499,RATE_OK
MERVICE INFOTECH PRIVATE LIMITED,196,MERVICE INFOTECH PRIVATE LIMITED,name,LOT,CG0BW93,TTSPL6277,Dell Latitude 3410,1699,1699,ttspl,2687,CG0BW93,TTSPL6277,1699,RATE_OK
MERVICE INFOTECH PRIVATE LIMITED,196,MERVICE INFOTECH PRIVATE LIMITED,name,LOT,1P83C63,TTSPL6283,Dell Latitude 3410,1499,1499,ttspl,2688,1P83C63,TTSPL6283,1499,RATE_OK
MERVICE INFOTECH PRIVATE LIMITED,196,MERVICE INFOTECH PRIVATE LIMITED,name,LOT,8BRM763,TTSPL6343,Dell Latitude 3410,1499,1499,ttspl,2689,8BRM763,TTSPL6343,1499,RATE_OK
MERVICE INFOTECH PRIVATE LIMITED,196,MERVICE INFOTECH PRIVATE LIMITED,name,LOT,JJ0BW93,TTSPL6474,Dell Latitude 3410,1499,1499,ttspl,2693,JJ0BW93,TTSPL6474,1499,RATE_OK
MERVICE INFOTECH PRIVATE LIMITED,196,MERVICE INFOTECH PRIVATE LIMITED,name,LOT,4TKG463,TTSPL6484,Dell Latitude 3410,1499,1499,ttspl,2694,4TKG463,TTSPL6484,1499,RATE_OK
MERVICE INFOTECH PRIVATE LIMITED,196,MERVICE INFOTECH PRIVATE LIMITED,name,LOT,509SC63,TTSPL6234,Dell Latitude 3410,1499,1499,ttspl,2695,509SC63,TTSPL6234,1499,RATE_OK
MERVICE INFOTECH PRIVATE LIMITED,196,MERVICE INFOTECH PRIVATE LIMITED,name,LOT,H2P5V93,TTSPL6532,Dell Latitude 3410,1499,1499,ttspl,2696,H2P5V93,TTSPL6532,1499,RATE_OK
MERVICE INFOTECH PRIVATE LIMITED,196,MERVICE INFOTECH PRIVATE LIMITED,name,LOT,4HVM763,TTSPL6550,Dell Latitude 3410,1499,1499,ttspl,2698,4HVM763,TTSPL6550,1499,RATE_OK
MERVICE INFOTECH PRIVATE LIMITED,196,MERVICE INFOTECH PRIVATE LIMITED,name,LOT,CNG1422L2P,TTSPL1866,HP Compaq 8200 Elite,1499,1499,ttspl,1991,CNG1422L2P,TTSPL1866,1499,RATE_OK
MERVICE INFOTECH PRIVATE LIMITED,196,MERVICE INFOTECH PRIVATE LIMITED,name,LOT,8RKG463,TTSPL6784,Dell Latitude 3410,1499,1499,ttspl,3502,8RKG463,TTSPL6784,1499,RATE_OK
MERVICE INFOTECH PRIVATE LIMITED,196,MERVICE INFOTECH PRIVATE LIMITED,name,LOT,PF2APG8A,TTSPL4438,Lenovo Thinkpad L14,1499,2562.81,ttspl,3057,PF2APG8A,TTSPL4438,1499,RATE_OK
MERVICE INFOTECH PRIVATE LIMITED,196,MERVICE INFOTECH PRIVATE LIMITED,name,LOT,PF2R5QP3,TTSPL5159,Lenovo Thinkpad T14,1499,2562.81,ttspl,509,PF2R5QP3,TTSPL5159,1499,RATE_OK
MERVICE INFOTECH PRIVATE LIMITED,196,MERVICE INFOTECH PRIVATE LIMITED,name,LOT,GFTM763,TTSPL6280,Dell Latitude 3410,1499,2514.45,ttspl,3385,GFTM763,TTSPL6280,1499,RATE_OK
MERVICE INFOTECH PRIVATE LIMITED,196,MERVICE INFOTECH PRIVATE LIMITED,name,LOT,73QM763,TTSPL6734,Dell Latitude 3410,1499,2514.45,ttspl,2585,73QM763,TTSPL6734,1499,RATE_OK
MERVICE INFOTECH PRIVATE LIMITED,196,MERVICE INFOTECH PRIVATE LIMITED,name,LOT,FSP1T93,TTSPL6227,Dell Latitude 3410,1499,2514.45,ttspl,3526,FSP1T93,TTSPL6227,1499,RATE_OK
INFISWIFT TECHNOLOGIES PRIVATE LIMITED,197,INFISWIFT TECHNOLOGIES PRIVATE LIMITED,name,LOT,2LS50J3,TTSPL4813,Dell Latitude 5420,3099,3099,ttspl,378,2LS50J3,TTSPL4813,3099,RATE_OK
Stylework Innovation Hub Pvt Ltd.,180,Stylework Innovation Hub Pvt Ltd.,name,LOT,FCP1T93,TTSPL6495,Dell Latitude 3410,1499,1499,ttspl,2701,FCP1T93,TTSPL6495,1499,RATE_OK
Stylework Innovation Hub Pvt Ltd.,180,Stylework Innovation Hub Pvt Ltd.,name,LOT,HD3BW93,TTSPL6349,Dell Latitude 3410,1499,1499,ttspl,2703,HD3BW93,TTSPL6349,1499,RATE_OK
Stylework Innovation Hub Pvt Ltd.,180,Stylework Innovation Hub Pvt Ltd.,name,LOT,5CG2130H3N,TTSPL6836,Elitebook 840 G8,1899,1899,ttspl,1993,5CG2130H3N,TTSPL6836,1899,RATE_OK
Stylework Innovation Hub Pvt Ltd.,180,Stylework Innovation Hub Pvt Ltd.,name,LOT,5CD112LV3Y,TTSPL6564,HP Probook 440 G8,1899,1899,ttspl,2704,5CD112LV3Y,TTSPL6564,1899,RATE_OK
Stylework Innovation Hub Pvt Ltd.,180,Stylework Innovation Hub Pvt Ltd.,name,LOT,5CD204F3XG,TTSPL5352,HP Probook 440 G8,1899,1899,ttspl,3629,5CD204F3XG,TTSPL5352,1899,RATE_OK
Stylework Innovation Hub Pvt Ltd.,180,Stylework Innovation Hub Pvt Ltd.,name,LOT,PG02YB1S,TTSPL6400,Lenovo Thinkpad E-14 Gen 2,1899,1899,ttspl,3277,PG02YB1S,TTSPL6400,1899,RATE_OK
Stylework Innovation Hub Pvt Ltd.,180,Stylework Innovation Hub Pvt Ltd.,name,LOT,PG02X8VV,TTSPL6850,Lenovo Thinkpad L14,1899,1899,ttspl,3636,PG02X8VV,TTSPL6850,1899,RATE_OK
Stylework Innovation Hub Pvt Ltd.,180,Stylework Innovation Hub Pvt Ltd.,name,LOT,5CD112LVZV,TTSPL6581,HP Probook 440 G8,1899,1899,ttspl,2375,5CD112LVZV,TTSPL6581,1899,RATE_OK
Stylework Innovation Hub Pvt Ltd.,180,Stylework Innovation Hub Pvt Ltd.,name,LOT,PF3SR3PX,TTSPL6752,Lenovo ThinkPad L14,1899,1899,ttspl,2035,PF3SR3PX,TTSPL6752,1899,RATE_OK
Stylework Innovation Hub Pvt Ltd.,180,Stylework Innovation Hub Pvt Ltd.,name,LOT,PG02SK9P,TTSPL5240,Lenovo Thinkpad E14 (Gen 2),1899,1899,ttspl,214,PG02SK9P,TTSPL5240,1899,RATE_OK
Stylework Innovation Hub Pvt Ltd.,180,Stylework Innovation Hub Pvt Ltd.,name,LOT,5B44ZY2,TTSPL3195,Dell Latitude 7400 (Touch Screen),1999,1999,ttspl,3295,5B44ZY2,TTSPL3195,1999,RATE_OK
Stylework Innovation Hub Pvt Ltd.,180,Stylework Innovation Hub Pvt Ltd.,name,LOT,7843C63,TTSPL6069,Dell Latitude 3410,1499,1499,ttspl,3390,7843C63,TTSPL6069,1499,RATE_OK
Stylework Innovation Hub Pvt Ltd.,180,Stylework Innovation Hub Pvt Ltd.,name,LOT,9YHW2F3,TTSPL4504,Dell Latitude 5420,1899,1899,ttspl,3089,9YHW2F3,TTSPL4504,1899,RATE_OK
Stylework Innovation Hub Pvt Ltd.,180,Stylework Innovation Hub Pvt Ltd.,name,LOT,KMLJ6H96TP,TTSPL5451,Apple Macbook Pro,8999,8999,ttspl,2213,KMLJ6H96TP,TTSPL5451,8999,RATE_OK
Stylework Innovation Hub Pvt Ltd.,180,Stylework Innovation Hub Pvt Ltd.,name,LOT,PG04FH3H,TTSPL4996,Lenovo V14 (Gen 3),2499,2499,ttspl,1471,PG04FH3H,TTSPL4996,2499,RATE_OK
Stylework Innovation Hub Pvt Ltd.,180,Stylework Innovation Hub Pvt Ltd.,name,LOT,PC261P46,TTSPL4379,Lenovo Thinkpad X-13,1899,1899,ttspl,3634,PC261P46,TTSPL4379,1899,RATE_OK
Stylework Innovation Hub Pvt Ltd.,180,Stylework Innovation Hub Pvt Ltd.,name,LOT,PG02WQVR,TTSPL6744,Lenovo ThinkPad L14,1899,1899,ttspl,909,PG02WQVR,TTSPL6744,1899,RATE_OK
Stylework Innovation Hub Pvt Ltd.,180,Stylework Innovation Hub Pvt Ltd.,name,LOT,PF361HSJ,TTSPL4685,Lenovo Thinkpad T14,1899,1899,ttspl,954,PF361HSJ,TTSPL4685,1899,RATE_OK
Stylework Innovation Hub Pvt Ltd.,180,Stylework Innovation Hub Pvt Ltd.,name,LOT,5CD112M2VX,TTSPL6565,HP Probook 440 G8,1899,1899,ttspl,2758,5CD112M2VX,TTSPL6565,1899,RATE_OK
Stylework Innovation Hub Pvt Ltd.,180,Stylework Innovation Hub Pvt Ltd.,name,LOT,R913GZD5,TTSPL7246,Lenovo Thinkpad L13,1899,1899,ttspl,3905,R913GZD5,TTSPL7246,1899,RATE_OK
Stylework Innovation Hub Pvt Ltd.,180,Stylework Innovation Hub Pvt Ltd.,name,LOT,R913GZG0,TTSPL7258,Lenovo Thinkpad L13,1899,1899,ttspl,3917,R913GZG0,TTSPL7258,1899,RATE_OK
Stylework Innovation Hub Pvt Ltd.,180,Stylework Innovation Hub Pvt Ltd.,name,LOT,R913GZ9E,TTSPL7260,Lenovo Thinkpad L13,1899,1899,ttspl,3919,R913GZ9E,TTSPL7260,1899,RATE_OK
Stylework Innovation Hub Pvt Ltd.,180,Stylework Innovation Hub Pvt Ltd.,name,LOT,PC261MJ1,TTSPL4455,Lenovo Thinkpad X-13,1899,1899,ttspl,1522,PC261MJ1,TTSPL4455,1899,RATE_OK
SBNRI TECHNOLOGIES PRIVATE LIMITED,217,SBNRI TECHNOLOGIES PRIVATE LIMITED (HR),name,LOT,DHQS103,TTSPL6491,Dell Latitude 3410,1499,1499,ttspl,2706,DHQS103,TTSPL6491,1499,RATE_OK
SBNRI TECHNOLOGIES PRIVATE LIMITED,217,SBNRI TECHNOLOGIES PRIVATE LIMITED (HR),name,LOT,5CG2140LBL,TTSPL6985,HP Elitebook 840 G8,2799,2799,ttspl,3592,5CG2140LBL,TTSPL6985,2799,RATE_OK
SBNRI TECHNOLOGIES PRIVATE LIMITED,217,SBNRI TECHNOLOGIES PRIVATE LIMITED (HR),name,LOT,20L94G3,TTSPL6764,Dell Latitude 7420,2900,2900,ttspl,1488,20L94G3,TTSPL6764,2900,RATE_OK
SBNRI TECHNOLOGIES PRIVATE LIMITED,217,SBNRI TECHNOLOGIES PRIVATE LIMITED (HR),name,LOT,5CG2144P93,TTSPL6885,HP Elitebook 840 G8,2900,2900,ttspl,1509,5CG2144P93,TTSPL6885,2900,RATE_OK
ASL GLOBAL ADVISORS PRIVATE LIMITED,198,ASL GLOBAL ADVISORS PRIVATE LIMITED,name,LOT,427F1J3,TTSPL4824,Dell Latitude 5420,2399,2399,ttspl,2003,427F1J3,TTSPL4824,2399,RATE_OK
ASL GLOBAL ADVISORS PRIVATE LIMITED,198,ASL GLOBAL ADVISORS PRIVATE LIMITED,name,LOT,5CG2146Y91,TTSPL6984,HP Elitebook 840 G8,2399,2399,UNMATCHED,,,,,NOT_IN_CRM_ACTIVE
ASL GLOBAL ADVISORS PRIVATE LIMITED,198,ASL GLOBAL ADVISORS PRIVATE LIMITED,name,LOT,5CG2417KFM,TTSPL7005,HP Elitebook 840 G8,2399,2399,ttspl,3612,5CG2417KFM,TTSPL7005,2399,RATE_OK
ASL GLOBAL ADVISORS PRIVATE LIMITED,198,ASL GLOBAL ADVISORS PRIVATE LIMITED,name,LOT,5XNC4M3,TTSPL4652,Dell Latitude 5420 (Touch Screen),2399,2399,ttspl,156,5XNC4M3,TTSPL4652,2399,RATE_OK
ASL GLOBAL ADVISORS PRIVATE LIMITED,198,ASL GLOBAL ADVISORS PRIVATE LIMITED,name,LOT,DR76HK3,TTSPL6317,Dell Latitude 5420,2399,2399,ttspl,2632,DR76HK3,TTSPL6317,2399,RATE_OK
ASL GLOBAL ADVISORS PRIVATE LIMITED,198,ASL GLOBAL ADVISORS PRIVATE LIMITED,name,LOT,PG04FH8Y,TTSPL4979,Lenovo V14 (Gen 3),2399,2399,ttspl,839,PG04FH8Y,TTSPL4979,2399,RATE_OK
ASL GLOBAL ADVISORS PRIVATE LIMITED,198,ASL GLOBAL ADVISORS PRIVATE LIMITED,name,LOT,PG04FAH9,TTSPL5014,Lenovo V14 (Gen 3),2399,2399,ttspl,301,PG04FAH9,TTSPL5014,2399,RATE_OK
ASL GLOBAL ADVISORS PRIVATE LIMITED,198,ASL GLOBAL ADVISORS PRIVATE LIMITED,name,LOT,PG04GTGB,TTSPL5106,Lenovo V14 (Gen 3),2399,2399,ttspl,841,PG04GTGB,TTSPL5106,2399,RATE_OK
ASL GLOBAL ADVISORS PRIVATE LIMITED,198,ASL GLOBAL ADVISORS PRIVATE LIMITED,name,LOT,PF54RFCW,TTSPL5006,Lenovo V14 (Gen 3),2399,2399,ttspl,3190,PF54RFCW,TTSPL5006,2399,RATE_OK
ASL GLOBAL ADVISORS PRIVATE LIMITED,198,ASL GLOBAL ADVISORS PRIVATE LIMITED,name,LOT,PG04FH2X,TTSPL4991,Lenovo V14 (Gen 3),2399,2399,ttspl,840,PG04FH2X,TTSPL4991,2399,RATE_OK
ASL GLOBAL ADVISORS PRIVATE LIMITED,198,ASL GLOBAL ADVISORS PRIVATE LIMITED,name,LOT,PG04FGYE,TTSPL4987,Lenovo V14 (Gen 3),2399,2399,ttspl,447,PG04FGYE,TTSPL4987,2399,RATE_OK
ASL GLOBAL ADVISORS PRIVATE LIMITED,198,ASL GLOBAL ADVISORS PRIVATE LIMITED,name,LOT,PG04FH2C,TTSPL4989,Lenovo V14 (Gen 3),2399,2399,ttspl,842,PG04FH2C,TTSPL4989,2399,RATE_OK
CDBASE SOLUTIONS INDIA PRIVATE LIMITED,203,CDBASE SOLUTIONS INDIA PRIVATE LIMITED,name,LOT,GY7S303,TTSPL4115,Dell Latitude 5310,2099,2099,ttspl,1996,GY7S303,TTSPL4115,2099,RATE_OK
CDBASE SOLUTIONS INDIA PRIVATE LIMITED,203,CDBASE SOLUTIONS INDIA PRIVATE LIMITED,name,LOT,G1JV3F3,TTSPL4161,Dell Latitude 7310,2099,2099,ttspl,1997,G1JV3F3,TTSPL4161,2099,RATE_OK
CDBASE SOLUTIONS INDIA PRIVATE LIMITED,203,CDBASE SOLUTIONS INDIA PRIVATE LIMITED,name,LOT,1JDFGB3,TTSPL4231,Dell Latitude 5410,2099,2099,ttspl,1998,1JDFGB3,TTSPL4231,2099,RATE_OK
CDBASE SOLUTIONS INDIA PRIVATE LIMITED,203,CDBASE SOLUTIONS INDIA PRIVATE LIMITED,name,LOT,5CG2028599,TTSPL6866,HP Elitebook 840 G8,2099,2099,ttspl,2000,5CG2028599,TTSPL6866,2099,RATE_OK
CDBASE SOLUTIONS INDIA PRIVATE LIMITED,203,CDBASE SOLUTIONS INDIA PRIVATE LIMITED,name,LOT,5CG2140ZB4,TTSPL6870,HP Elitebook 840 G8,2099,2099,ttspl,2001,5CG2140ZB4,TTSPL6870,2099,RATE_OK
CDBASE SOLUTIONS INDIA PRIVATE LIMITED,203,CDBASE SOLUTIONS INDIA PRIVATE LIMITED,name,LOT,5VHPK63,TTSPL4221,Dell Latitude 5410,2099,2099,ttspl,127,5VHPK63,TTSPL4221,2099,RATE_OK
CDBASE SOLUTIONS INDIA PRIVATE LIMITED,203,CDBASE SOLUTIONS INDIA PRIVATE LIMITED,name,LOT,FCLRC63,TTSPL4122,Dell Latitude 5310,2099,2099,ttspl,123,FCLRC63,TTSPL4122,2099,RATE_OK
CDBASE SOLUTIONS INDIA PRIVATE LIMITED,203,CDBASE SOLUTIONS INDIA PRIVATE LIMITED,name,LOT,PF2R391G,TTSPL4345,Lenovo Thinkpad T14,2099,2099,ttspl,230,PF2R391G,TTSPL4345,2099,RATE_OK
CDBASE SOLUTIONS INDIA PRIVATE LIMITED,203,CDBASE SOLUTIONS INDIA PRIVATE LIMITED,name,LOT,PF262FR2,TTSPL4404,Lenovo Thinkpad T490,2099,2099,ttspl,226,PF262FR2,TTSPL4404,2099,RATE_OK
CDBASE SOLUTIONS INDIA PRIVATE LIMITED,203,CDBASE SOLUTIONS INDIA PRIVATE LIMITED,name,LOT,PF2R27ME,TTSPL4324,Lenovo Thinkpad T14,2099,2099,ttspl,129,PF2R27ME,TTSPL4324,2099,RATE_OK
CDBASE SOLUTIONS INDIA PRIVATE LIMITED,203,CDBASE SOLUTIONS INDIA PRIVATE LIMITED,name,LOT,42S8C63,TTSPL4073,Dell Latitude 5310,2099,2099,ttspl,120,42S8C63,TTSPL4073,2099,RATE_OK
CDBASE SOLUTIONS INDIA PRIVATE LIMITED,203,CDBASE SOLUTIONS INDIA PRIVATE LIMITED,name,LOT,PF2R0ZLE,TTSPL4348,Lenovo Thinkpad T14,2099,2099,ttspl,3239,PF2R0ZLE,TTSPL4348,2099,RATE_OK
CDBASE SOLUTIONS INDIA PRIVATE LIMITED,203,CDBASE SOLUTIONS INDIA PRIVATE LIMITED,name,LOT,PC28VSRP,TTSPL4387,Lenovo Thinkpad X-13,2099,2099,ttspl,208,PC28VSRP,TTSPL4387,2099,RATE_OK
CDBASE SOLUTIONS INDIA PRIVATE LIMITED,203,CDBASE SOLUTIONS INDIA PRIVATE LIMITED,name,LOT,PF32FQ68,TTSPL4729,Lenovo Thinkpad T14,2099,2099,ttspl,748,PF32FQ68,TTSPL4729,2099,RATE_OK
CDBASE SOLUTIONS INDIA PRIVATE LIMITED,203,CDBASE SOLUTIONS INDIA PRIVATE LIMITED,name,LOT,PG02X910,TTSPL6857,Lenovo Thinkpad L14,2099,2099,ttspl,3216,PG02X910,TTSPL6857,2099,RATE_OK
CDBASE SOLUTIONS INDIA PRIVATE LIMITED,203,CDBASE SOLUTIONS INDIA PRIVATE LIMITED,name,LOT,BHRD2B3,TTSPL6631,Dell Latitude 3420,2099,2099,ttspl,3446,BHRD2B3,TTSPL6631,2099,RATE_OK
CDBASE SOLUTIONS INDIA PRIVATE LIMITED,203,CDBASE SOLUTIONS INDIA PRIVATE LIMITED,name,LOT,1Q92QG3,TTSPL5827,Dell Latitude 3420,2099,2099,ttspl,2627,1Q92QG3,TTSPL5827,2099,RATE_OK
CDBASE SOLUTIONS INDIA PRIVATE LIMITED,203,CDBASE SOLUTIONS INDIA PRIVATE LIMITED,name,LOT,PF3D20BN,TTSPL5236,Lenovo Thinkpad E14 (Gen 2),2099,2099,ttspl,1928,PF3D20BN,TTSPL5236,2099,RATE_OK
CDBASE SOLUTIONS INDIA PRIVATE LIMITED,203,CDBASE SOLUTIONS INDIA PRIVATE LIMITED,name,LOT,PC27MNR5,TTSPL4395,Lenovo Thinkpad X-13,2099,2099,ttspl,2032,PC27MNR5,TTSPL4395,2099,RATE_OK
CDBASE SOLUTIONS INDIA PRIVATE LIMITED,203,CDBASE SOLUTIONS INDIA PRIVATE LIMITED,name,LOT,HFPYCL3,TTSPL6649,Dell Latitude 3420,2099,2099,ttspl,3457,HFPYCL3,TTSPL6649,2099,RATE_OK
CDBASE SOLUTIONS INDIA PRIVATE LIMITED,203,CDBASE SOLUTIONS INDIA PRIVATE LIMITED,name,LOT,PF2R1Q0K,TTSPL4332,Lenovo Thinkpad T14,2099,2099,ttspl,1331,PF2R1Q0K,TTSPL4332,2099,RATE_OK
CDBASE SOLUTIONS INDIA PRIVATE LIMITED,203,CDBASE SOLUTIONS INDIA PRIVATE LIMITED,name,LOT,5CG2260KNN,TTSPL3353,HP 240 G8,2099,2099,ttspl,2038,5CG2260KNN,TTSPL3353,2099,RATE_OK
CDBASE SOLUTIONS INDIA PRIVATE LIMITED,203,CDBASE SOLUTIONS INDIA PRIVATE LIMITED,name,LOT,R913GZDL,TTSPL7261,Lenovo Thinkpad L13,2099,2099,ttspl,3920,R913GZDL,TTSPL7261,2099,RATE_OK
CDBASE SOLUTIONS INDIA PRIVATE LIMITED,203,CDBASE SOLUTIONS INDIA PRIVATE LIMITED,name,LOT,R914RLPW,TTSPL7209,Lenovo Thinkpad L13,2099,2099,ttspl,3868,R914RLPW,TTSPL7209,2099,RATE_OK
CDBASE SOLUTIONS INDIA PRIVATE LIMITED,203,CDBASE SOLUTIONS INDIA PRIVATE LIMITED,name,LOT,R913EBJQ,TTSPL7187,Lenovo Thinkpad L13,2099,2099,ttspl,3846,R913EBJQ,TTSPL7187,2099,RATE_OK
BIOSKY SPACE INNOVATIONS PRIVATE LIMITED,199,BIOSKY SPACE INNOVATIONS PRIVATE LIMITED,name,LOT,D8CJ8C3,TTSPL4645,Dell Latitude 5420 (Touch Screen),2899,2899,ttspl,2005,D8CJ8C3,TTSPL4645,2899,RATE_OK
BIOSKY SPACE INNOVATIONS PRIVATE LIMITED,199,BIOSKY SPACE INNOVATIONS PRIVATE LIMITED,name,LOT,8CPXVM3,TTSPL6253,Dell Latitude 5420,2899,2899,ttspl,2708,8CPXVM3,TTSPL6253,2899,RATE_OK
BIOSKY SPACE INNOVATIONS PRIVATE LIMITED,199,BIOSKY SPACE INNOVATIONS PRIVATE LIMITED,name,LOT,PF3B6M6K,TTSPL6429,Lenovo Legion 5,7999,7999,ttspl,2006,PF3B6M6K,TTSPL6429,7999,RATE_OK
BIOSKY SPACE INNOVATIONS PRIVATE LIMITED,199,BIOSKY SPACE INNOVATIONS PRIVATE LIMITED,name,LOT,CND1262L3J,TTSPL3969,HP Elitebook X360 1040 G8,2899,2899,ttspl,1057,CND1262L3J,TTSPL3969,2899,RATE_OK
TRUE BUSINESS MINDS PRIVATE LIMITED,204,TRUE BUSINESS MINDS PRIVATE LIMITED,name,LOT,C8BJPQ2,TTSPL3285,Dell Latitude 7490,900,900,ttspl,2007,C8BJPQ2,TTSPL3285,900,RATE_OK
TRUE BUSINESS MINDS PRIVATE LIMITED,204,TRUE BUSINESS MINDS PRIVATE LIMITED,name,LOT,4L0HRT2,TTSPL2211,Dell Latitude E3400,900,900,ttspl,3371,4L0HRT2,TTSPL2211,900,RATE_OK
TRUE BUSINESS MINDS PRIVATE LIMITED,204,TRUE BUSINESS MINDS PRIVATE LIMITED,name,LOT,GNB52X2,TTSPL3270,Dell Latitude 7490,900,900,ttspl,2219,GNB52X2,TTSPL3270,900,RATE_OK
TRUE BUSINESS MINDS PRIVATE LIMITED,204,TRUE BUSINESS MINDS PRIVATE LIMITED,name,LOT,CYP0SQ2,TTSPL3066,Dell Latitude 7490,900,900,ttspl,2304,CYP0SQ2,TTSPL3066,900,RATE_OK
TRUE BUSINESS MINDS PRIVATE LIMITED,204,TRUE BUSINESS MINDS PRIVATE LIMITED,name,LOT,B8J7JW2,TTSPL5534,Dell Latitude 5300,900,900,ttspl,3292,B8J7JW2,TTSPL5534,900,RATE_OK
TRUE BUSINESS MINDS PRIVATE LIMITED,204,TRUE BUSINESS MINDS PRIVATE LIMITED,name,LOT,GLQYVZ2,TTSPL5480,Dell Latitude 3400,900,900,ttspl,2850,GLQYVZ2,TTSPL5480,900,RATE_OK
TRUE BUSINESS MINDS PRIVATE LIMITED,204,TRUE BUSINESS MINDS PRIVATE LIMITED,name,LOT,1D2SXZ2,TTSPL5310,Dell Latitude 5300,900,900,ttspl,3150,1D2SXZ2,TTSPL5310,900,RATE_OK
TRUE BUSINESS MINDS PRIVATE LIMITED,204,TRUE BUSINESS MINDS PRIVATE LIMITED,name,LOT,FWWDQ13,TTSPL6715,Dell Latitude 5400,900,900,ttspl,3484,FWWDQ13,TTSPL6715,900,RATE_OK
TRUE BUSINESS MINDS PRIVATE LIMITED,204,TRUE BUSINESS MINDS PRIVATE LIMITED,name,LOT,5CD8070NV7,TTSPL1906,HP Probook 440 G5,900,900,ttspl,3165,5CD8070NV7,TTSPL1906,900,RATE_OK
TRUE BUSINESS MINDS PRIVATE LIMITED,204,TRUE BUSINESS MINDS PRIVATE LIMITED,name,LOT,9WSFQ13,TTSPL6592,Dell Latitude 5400,900,900,ttspl,2451,9WSFQ13,TTSPL6592,900,RATE_OK
TRUE BUSINESS MINDS PRIVATE LIMITED,204,TRUE BUSINESS MINDS PRIVATE LIMITED,name,LOT,2TK90300P5,TTSPL3621,HP Probook 640 G4,900,900,ttspl,1035,2TK90300P5,TTSPL3621,900,RATE_OK
TRUE BUSINESS MINDS PRIVATE LIMITED,204,TRUE BUSINESS MINDS PRIVATE LIMITED,name,LOT,2TK90201YC,TTSPL3617,HP Probook 640 G4,900,900,ttspl,1034,2TK90201YC,TTSPL3617,900,RATE_OK
TRUE BUSINESS MINDS PRIVATE LIMITED,204,TRUE BUSINESS MINDS PRIVATE LIMITED,name,LOT,PC16244T,TTSPL5253,Lenovo Thinkpad T480s,900,900,ttspl,1037,PC16244T,TTSPL5253,900,RATE_OK
TRUE BUSINESS MINDS PRIVATE LIMITED,204,TRUE BUSINESS MINDS PRIVATE LIMITED,name,LOT,5CG92194JK,TTSPL3622,HP Probook 640 G4,900,900,ttspl,1036,5CG92194JK,TTSPL3622,900,RATE_OK
FLights Mojo Bookings Private Limited,205,Flights Mojo Bookings Private Limited,name,LOT,T7NRCX062644308,TTSPL6942,Asus TUF Gaming A15,6000,6000,ttspl,3305,T7NRCX062644308,TTSPL6942,6000,RATE_OK
Carrum Mobility Solutions,207,CARRUM MOBILITY SOLUTIONS PRIVATE LIMITED,name,LOT,10P5V93,TTSPL6067,Dell Latitude 3410,1500,1500,ttspl,2713,10P5V93,TTSPL6067,1500,RATE_OK
Carrum Mobility Solutions,207,CARRUM MOBILITY SOLUTIONS PRIVATE LIMITED,name,LOT,JYP1T93,TTSPL6782,Dell Latitude 3410,1500,1500,ttspl,2716,JYP1T93,TTSPL6782,1500,RATE_OK
Carrum Mobility Solutions,207,CARRUM MOBILITY SOLUTIONS PRIVATE LIMITED,name,LOT,FMR1T93,TTSPL6345,Dell Latitude 3410,1500,1500,ttspl,2717,FMR1T93,TTSPL6345,1500,RATE_OK
Carrum Mobility Solutions,207,CARRUM MOBILITY SOLUTIONS PRIVATE LIMITED,name,LOT,7673C63,TTSPL6543,Dell Latitude 3410,1500,1500,ttspl,2722,7673C63,TTSPL6543,1500,RATE_OK
Carrum Mobility Solutions,207,CARRUM MOBILITY SOLUTIONS PRIVATE LIMITED,name,LOT,129Q463,TTSPL6242,Dell Latitude 3410,1500,1500,ttspl,3379,129Q463,TTSPL6242,1500,RATE_OK
Carrum Mobility Solutions,207,CARRUM MOBILITY SOLUTIONS PRIVATE LIMITED,name,LOT,8C63C63,TTSPL6235,Dell Latitude 3410,1500,1500,ttspl,3389,8C63C63,TTSPL6235,1500,RATE_OK
Carrum Mobility Solutions,207,CARRUM MOBILITY SOLUTIONS PRIVATE LIMITED,name,LOT,4SS5103,TTSPL6467,Dell Latitude 3410,1500,1500,ttspl,3412,4SS5103,TTSPL6467,1500,RATE_OK
Carrum Mobility Solutions,207,CARRUM MOBILITY SOLUTIONS PRIVATE LIMITED,name,LOT,2FQM763,TTSPL6486,Dell Latitude 3410,1500,1500,ttspl,3396,2FQM763,TTSPL6486,1500,RATE_OK
Carrum Mobility Solutions,207,CARRUM MOBILITY SOLUTIONS PRIVATE LIMITED,name,LOT,F3QM763,TTSPL6271,Dell Latitude 3410,1500,1500,ttspl,3758,F3QM763,TTSPL6271,0,RATE_MISMATCH
Carrum Mobility Solutions,207,CARRUM MOBILITY SOLUTIONS PRIVATE LIMITED,name,LOT,3PP5V93,TTSPL6736,Dell Latitude 3410,1500,1500,ttspl,3496,3PP5V93,TTSPL6736,1500,RATE_OK
Carrum Mobility Solutions,207,CARRUM MOBILITY SOLUTIONS PRIVATE LIMITED,name,LOT,7YP1T93,TTSPL6789,Dell Latitude 3410,1500,1500,ttspl,3505,7YP1T93,TTSPL6789,1500,RATE_OK
Carrum Mobility Solutions,207,CARRUM MOBILITY SOLUTIONS PRIVATE LIMITED,name,LOT,4PYYJG3,TTSPL6605,Dell Latitude 3420,1500,1500,ttspl,2745,4PYYJG3,TTSPL6605,1500,RATE_OK
Carrum Mobility Solutions,207,CARRUM MOBILITY SOLUTIONS PRIVATE LIMITED,name,LOT,2DK5QG3,TTSPL6633,Dell Latitude 3420,1500,1500,ttspl,2751,2DK5QG3,TTSPL6633,1500,RATE_OK
Carrum Mobility Solutions,207,CARRUM MOBILITY SOLUTIONS PRIVATE LIMITED,name,LOT,FKF2QG3,TTSPL6626,Dell Latitude 3420,1500,1500,ttspl,2748,FKF2QG3,TTSPL6626,1500,RATE_OK
Carrum Mobility Solutions,207,CARRUM MOBILITY SOLUTIONS PRIVATE LIMITED,name,LOT,FY73C63,TTSPL6290,Dell Latitude 3410,1500,1500,ttspl,3427,FY73C63,TTSPL6290,1500,RATE_OK
Carrum Mobility Solutions,207,CARRUM MOBILITY SOLUTIONS PRIVATE LIMITED,name,LOT,BG0BW93,TTSPL6781,Dell Latitude 3410,1500,1500,ttspl,3760,BG0BW93,TTSPL6781,0,RATE_MISMATCH
Carrum Mobility Solutions,207,CARRUM MOBILITY SOLUTIONS PRIVATE LIMITED,name,LOT,79RM763,TTSPL6448,Dell Latitude 3410,1500,1500,ttspl,3515,79RM763,TTSPL6448,1500,RATE_OK
Carrum Mobility Solutions,207,CARRUM MOBILITY SOLUTIONS PRIVATE LIMITED,name,LOT,1DQM763,TTSPL6731,Dell Latitude 3410,1500,1500,ttspl,3494,1DQM763,TTSPL6731,1500,RATE_OK
Carrum Mobility Solutions,207,CARRUM MOBILITY SOLUTIONS PRIVATE LIMITED,name,LOT,BPN6V93,TTSPL6482,Dell Latitude 3410,1500,1500,ttspl,3509,BPN6V93,TTSPL6482,1500,RATE_OK
Carrum Mobility Solutions,207,CARRUM MOBILITY SOLUTIONS PRIVATE LIMITED,name,LOT,51P5V93,TTSPL6210,Dell Latitude 3410,1500,1500,ttspl,3759,51P5V93,TTSPL6210,1500,RATE_OK
Carrum Mobility Solutions,207,CARRUM MOBILITY SOLUTIONS PRIVATE LIMITED,name,LOT,JS88D63,TTSPL6332,Dell Latitude 3410,1500,1500,ttspl,3376,JS88D63,TTSPL6332,1500,RATE_OK
Carrum Mobility Solutions,207,CARRUM MOBILITY SOLUTIONS PRIVATE LIMITED,name,LOT,4H0BW93,TTSPL6462,Dell Latitude 3410,1500,1500,ttspl,3411,4H0BW93,TTSPL6462,1500,RATE_OK
Carrum Mobility Solutions,207,CARRUM MOBILITY SOLUTIONS PRIVATE LIMITED,name,LOT,FXT3C63,TTSPL6294,Dell Latitude 3410,1500,1500,ttspl,3426,FXT3C63,TTSPL6294,1500,RATE_OK
Carrum Mobility Solutions,207,CARRUM MOBILITY SOLUTIONS PRIVATE LIMITED,name,LOT,JRSS103,TTSPL6549,Dell Latitude 3410,1500,1500,ttspl,3415,JRSS103,TTSPL6549,1500,RATE_OK
Carrum Mobility Solutions,207,CARRUM MOBILITY SOLUTIONS PRIVATE LIMITED,name,LOT,DY23C63,TTSPL6732,Dell Latitude 3410,1500,1500,ttspl,3495,DY23C63,TTSPL6732,1500,RATE_OK
Carrum Mobility Solutions,207,CARRUM MOBILITY SOLUTIONS PRIVATE LIMITED,name,LOT,4JP1T93,TTSPL6011,Dell Latitude 3410,1500,1500,ttspl,3532,4JP1T93,TTSPL6011,1500,RATE_OK
Carrum Mobility Solutions,207,CARRUM MOBILITY SOLUTIONS PRIVATE LIMITED,name,LOT,J90BW93,TTSPL6541,Dell Latitude 3410,1500,1500,ttspl,2762,J90BW93,TTSPL6541,1500,RATE_OK
Carrum Mobility Solutions,207,CARRUM MOBILITY SOLUTIONS PRIVATE LIMITED,name,LOT,PF1BWVHC,TTSPL6165,Lenovo Thinkpad T14,1500,1500,ttspl,3217,PF1BWVHC,TTSPL6165,1500,RATE_OK
Carrum Mobility Solutions,207,CARRUM MOBILITY SOLUTIONS PRIVATE LIMITED,name,LOT,6B0BW93,TTSPL6327,Dell Latitude 3410,1500,1500,ttspl,3517,6B0BW93,TTSPL6327,1500,RATE_OK
Carrum Mobility Solutions,207,CARRUM MOBILITY SOLUTIONS PRIVATE LIMITED,name,LOT,PF22M2NY,TTSPL6911,Lenovo Thinkpad T14,1500,1500,ttspl,3255,PF22M2NY,TTSPL6911,1500,RATE_OK
Carrum Mobility Solutions,207,CARRUM MOBILITY SOLUTIONS PRIVATE LIMITED,name,LOT,PF22M76P,TTSPL6115,Lenovo Thinkpad T14,1500,1500,ttspl,3302,PF22M76P,TTSPL6115,1500,RATE_OK
Carrum Mobility Solutions,207,CARRUM MOBILITY SOLUTIONS PRIVATE LIMITED,name,LOT,FDTM763,TTSPL6662,Dell Latitude 3410,1500,1500,serial,3471,FDTM763,TTSPL6661,1500,RATE_OK
Carrum Mobility Solutions,207,CARRUM MOBILITY SOLUTIONS PRIVATE LIMITED,name,LOT,G543C63,TTSPL6726,Dell Latitude 3410,1500,1500,ttspl,3491,G543C63,TTSPL6726,1500,RATE_OK
Carrum Mobility Solutions,207,CARRUM MOBILITY SOLUTIONS PRIVATE LIMITED,name,LOT,7GP5V93,TTSPL6721,Dell Latitude 3410,1500,1500,ttspl,3487,7GP5V93,TTSPL6721,1500,RATE_OK
Carrum Mobility Solutions,207,CARRUM MOBILITY SOLUTIONS PRIVATE LIMITED,name,LOT,17SM763,TTSPL6777,Dell Latitude 3410,1500,1500,ttspl,3497,17SM763,TTSPL6777,1500,RATE_OK
Carrum Mobility Solutions,207,CARRUM MOBILITY SOLUTIONS PRIVATE LIMITED,name,LOT,DQP5V93,TTSPL6783,Dell Latitude 3410,1500,1500,ttspl,3501,DQP5V93,TTSPL6783,1500,RATE_OK
Carrum Mobility Solutions,207,CARRUM MOBILITY SOLUTIONS PRIVATE LIMITED,name,LOT,4FQM763,TTSPL6262,Dell Latitude 3410,1500,1500,ttspl,3508,4FQM763,TTSPL6262,1500,RATE_OK
Carrum Mobility Solutions,207,CARRUM MOBILITY SOLUTIONS PRIVATE LIMITED,name,LOT,DDQ1T93,TTSPL6286,Dell Latitude 3410,1500,1500,ttspl,3418,DDQ1T93,TTSPL6286,1500,RATE_OK
Carrum Mobility Solutions,207,CARRUM MOBILITY SOLUTIONS PRIVATE LIMITED,name,LOT,CSSS103,TTSPL6080,Dell Latitude 3410,1500,1500,ttspl,3391,CSSS103,TTSPL6080,1349,RATE_MISMATCH
Carrum Mobility Solutions,207,CARRUM MOBILITY SOLUTIONS PRIVATE LIMITED,name,LOT,3KFNS93,TTSPL6244,Dell Latitude 3410,1500,1500,ttspl,3647,3KFNS93,TTSPL6244,1500,RATE_OK
Carrum Mobility Solutions,207,CARRUM MOBILITY SOLUTIONS PRIVATE LIMITED,name,LOT,8Q33C63,TTSPL6456,Dell Latitude 3410,1500,1500,ttspl,3413,8Q33C63,TTSPL6456,1500,RATE_OK
Carrum Mobility Solutions,207,CARRUM MOBILITY SOLUTIONS PRIVATE LIMITED,name,LOT,HLN6V93,TTSPL6494,Dell Latitude 3410,1500,1500,ttspl,3399,HLN6V93,TTSPL6494,1500,RATE_OK
Carrum Mobility Solutions,207,CARRUM MOBILITY SOLUTIONS PRIVATE LIMITED,name,LOT,GGP5V93,TTSPL6545,Dell Latitude 3410,1500,1500,ttspl,3430,GGP5V93,TTSPL6545,1500,RATE_OK
Carrum Mobility Solutions,207,CARRUM MOBILITY SOLUTIONS PRIVATE LIMITED,name,LOT,87QS103,TTSPL6506,Dell Latitude 3410,1500,1500,ttspl,3506,87QS103,TTSPL6506,1500,RATE_OK
Carrum Mobility Solutions,207,CARRUM MOBILITY SOLUTIONS PRIVATE LIMITED,name,LOT,PF31SJMM,TTSPL6159,Lenovo Thinkpad T14,1500,1500,ttspl,3219,PF31SJMM,TTSPL6159,1500,RATE_OK
Carrum Mobility Solutions,207,CARRUM MOBILITY SOLUTIONS PRIVATE LIMITED,name,LOT,PF1TAY1C,TTSPL5160,Lenovo Thinkpad T14,1500,1500,ttspl,3241,PF1TAY1C,TTSPL5160,1500,RATE_OK
Carrum Mobility Solutions,207,CARRUM MOBILITY SOLUTIONS PRIVATE LIMITED,name,LOT,F3Q5V93,TTSPL6239,Dell Latitude 3410,1500,1500,ttspl,3516,F3Q5V93,TTSPL6239,1500,RATE_OK
Carrum Mobility Solutions,207,CARRUM MOBILITY SOLUTIONS PRIVATE LIMITED,name,LOT,PF1VL73L,TTSPL6903,Lenovo Thinkpad T14,1500,1500,ttspl,3250,PF1VL73L,TTSPL6903,1500,RATE_OK
Carrum Mobility Solutions,207,CARRUM MOBILITY SOLUTIONS PRIVATE LIMITED,name,LOT,PF254LPC,TTSPL6912,Lenovo Thinkpad T14,1500,1500,ttspl,3256,PF254LPC,TTSPL6912,1500,RATE_OK
Carrum Mobility Solutions,207,CARRUM MOBILITY SOLUTIONS PRIVATE LIMITED,name,LOT,PF2QDGLS,TTSPL6914,Lenovo Thinkpad T14,1500,1500,ttspl,3258,PF2QDGLS,TTSPL6914,1500,RATE_OK
Carrum Mobility Solutions,207,CARRUM MOBILITY SOLUTIONS PRIVATE LIMITED,name,LOT,PF31MKPA,TTSPL4704,Lenovo Thinkpad T14,1500,1500,ttspl,221,PF31MKPA,TTSPL4704,1500,RATE_OK
Carrum Mobility Solutions,207,CARRUM MOBILITY SOLUTIONS PRIVATE LIMITED,name,LOT,JRDXL63,TTSPL3008,Dell Latitude 5410,1500,1500,ttspl,3703,JRDXL63,TTSPL3008,1500,RATE_OK
Carrum Mobility Solutions,207,CARRUM MOBILITY SOLUTIONS PRIVATE LIMITED,name,LOT,F13JDB3,TTSPL3784,Dell Latitude 5410,1500,1500,ttspl,3301,F13JDB3,TTSPL3784,1500,RATE_OK
Carrum Mobility Solutions,207,CARRUM MOBILITY SOLUTIONS PRIVATE LIMITED,name,LOT,867P693,TTSPL3798,Dell Latitude 5410,1500,1500,ttspl,2061,867P693,TTSPL3798,1500,RATE_OK
Carrum Mobility Solutions,207,CARRUM MOBILITY SOLUTIONS PRIVATE LIMITED,name,LOT,7QJHDB3,TTSPL3787,Dell Latitude 5410,1500,1500,ttspl,3129,7QJHDB3,TTSPL3787,1500,RATE_OK
Carrum Mobility Solutions,207,CARRUM MOBILITY SOLUTIONS PRIVATE LIMITED,name,LOT,B0DW373,TTSPL3038,Dell Latitude 5411,1500,1500,ttspl,3737,B0DW373,TTSPL3038,1500,RATE_OK
Carrum Mobility Solutions,207,CARRUM MOBILITY SOLUTIONS PRIVATE LIMITED,name,LOT,GSGF0B3,TTSPL4187,Dell Latitude 5310,1500,1500,ttspl,274,GSGF0B3,TTSPL4187,1500,RATE_OK
Carrum Mobility Solutions,207,CARRUM MOBILITY SOLUTIONS PRIVATE LIMITED,name,LOT,DYR1T93,TTSPL6054,Dell Latitude 3410,1500,1500,ttspl,2396,DYR1T93,TTSPL6054,1500,RATE_OK
Carrum Mobility Solutions,207,CARRUM MOBILITY SOLUTIONS PRIVATE LIMITED,name,LOT,5SLCS73,TTSPL3006,Dell Latitude 5410,1500,1500,ttspl,3106,5SLCS73,TTSPL3006,1500,RATE_OK
Carrum Mobility Solutions,207,CARRUM MOBILITY SOLUTIONS PRIVATE LIMITED,name,LOT,F4ZBK63./16TJX53,TTSPL3101,Dell Latitude 5410,1500,1500,ttspl,736,16TJX53,TTSPL3101,1500,RATE_OK
Carrum Mobility Solutions,207,CARRUM MOBILITY SOLUTIONS PRIVATE LIMITED,name,LOT,F2PS103,TTSPL6493,Dell Latitude 3410,1500,1500,ttspl,3397,F2PS103,TTSPL6493,1500,RATE_OK
Carrum Mobility Solutions,207,CARRUM MOBILITY SOLUTIONS PRIVATE LIMITED,name,LOT,PF1A5YST,TTSPL6146,Lenovo Thinkpad T14,1500,1500,ttspl,3279,PF1A5YST,TTSPL6146,1500,RATE_OK
Carrum Mobility Solutions,207,CARRUM MOBILITY SOLUTIONS PRIVATE LIMITED,name,LOT,6RSS103,TTSPL6457,Dell Latitude 3410,1500,1500,ttspl,2699,6RSS103,TTSPL6457,1500,RATE_OK
Carrum Mobility Solutions,207,CARRUM MOBILITY SOLUTIONS PRIVATE LIMITED,name,LOT,4C63C63,TTSPL6501,Dell Latitude 3410,1500,1500,ttspl,3512,4C63C63,TTSPL6501,1500,RATE_OK
Carrum Mobility Solutions,207,CARRUM MOBILITY SOLUTIONS PRIVATE LIMITED,name,LOT,26SM763,TTSPL6233,Dell Latitude 3410,1500,1500,ttspl,3388,26SM763,TTSPL6233,1500,RATE_OK
Carrum Mobility Solutions,207,CARRUM MOBILITY SOLUTIONS PRIVATE LIMITED,name,LOT,93P6V93,TTSPL6446,Dell Latitude 3410,1500,1500,ttspl,3523,93P6V93,TTSPL6446,1500,RATE_OK
Carrum Mobility Solutions,207,CARRUM MOBILITY SOLUTIONS PRIVATE LIMITED,name,LOT,58JVCB3,TTSPL2987,Dell Latitude 5411,1500,2950,ttspl,1284,58JVCB3,TTSPL2987,1500,RATE_OK
Carrum Mobility Solutions,207,CARRUM MOBILITY SOLUTIONS PRIVATE LIMITED,name,LOT,4Q83C63,TTSPL6463,Dell Latitude 3410,1349,1305.48,ttspl,2366,4Q83C63,TTSPL6463,1349,RATE_OK
Abjayon Consultancy Pvt. Ltd.,206,ABJAYON CONSULTANCY PRIVATE LIMITED,name,LOT,1ZZBRG3,TTSPL6611,Dell Latitude 3420,2198,2198,ttspl,2731,1ZZBRG3,TTSPL6611,2198,RATE_OK
Abjayon Consultancy Pvt. Ltd.,206,ABJAYON CONSULTANCY PRIVATE LIMITED,name,LOT,54ZBRG3,TTSPL6614,Dell Latitude 3420,2198,2198,ttspl,2732,54ZBRG3,TTSPL6614,2198,RATE_OK
Abjayon Consultancy Pvt. Ltd.,206,ABJAYON CONSULTANCY PRIVATE LIMITED,name,LOT,22K5QG3,TTSPL6644,Dell Latitude 3420,2198,2198,ttspl,2735,22K5QG3,TTSPL6644,2198,RATE_OK
Abjayon Consultancy Pvt. Ltd.,206,ABJAYON CONSULTANCY PRIVATE LIMITED,name,LOT,JNRD2B3,TTSPL6653,Dell Latitude 3420,2198,2198,ttspl,2736,JNRD2B3,TTSPL6653,2198,RATE_OK
Abjayon Consultancy Pvt. Ltd.,206,ABJAYON CONSULTANCY PRIVATE LIMITED,name,LOT,6HJ5QG3,TTSPL6690,Dell Latitude 3420,2198,2198,ttspl,2737,6HJ5QG3,TTSPL6690,2198,RATE_OK
Abjayon Consultancy Pvt. Ltd.,206,ABJAYON CONSULTANCY PRIVATE LIMITED,name,LOT,BDK5QG3,TTSPL6694,Dell Latitude 3420,2198,2198,ttspl,2738,BDK5QG3,TTSPL6694,2198,RATE_OK
Abjayon Consultancy Pvt. Ltd.,206,ABJAYON CONSULTANCY PRIVATE LIMITED,name,LOT,3R92QG3,TTSPL6695,Dell Latitude 3420,2198,2198,ttspl,2739,3R92QG3,TTSPL6695,2198,RATE_OK
Abjayon Consultancy Pvt. Ltd.,206,ABJAYON CONSULTANCY PRIVATE LIMITED,name,LOT,7S92QG3,TTSPL6700,Dell Latitude 3420,2198,2198,ttspl,2741,7S92QG3,TTSPL6700,2198,RATE_OK
Abjayon Consultancy Pvt. Ltd.,206,ABJAYON CONSULTANCY PRIVATE LIMITED,name,LOT,1XNYCL3,TTSPL6703,Dell Latitude 3420,2198,2198,ttspl,2742,1XNYCL3,TTSPL6703,2198,RATE_OK
Abjayon Consultancy Pvt. Ltd.,206,ABJAYON CONSULTANCY PRIVATE LIMITED,name,LOT,94ZBRG3,TTSPL6622,Dell Latitude 3420,2198,2198,ttspl,2747,94ZBRG3,TTSPL6622,2198,RATE_OK
Abjayon Consultancy Pvt. Ltd.,206,ABJAYON CONSULTANCY PRIVATE LIMITED,name,LOT,DVJ5Q63,TTSPL6629,Dell Latitude 3420,2198,2198,ttspl,2750,DVJ5Q63,TTSPL6629,2198,RATE_OK
Abjayon Consultancy Pvt. Ltd.,206,ABJAYON CONSULTANCY PRIVATE LIMITED,name,LOT,2VZBRG3,TTSPL6698,Dell Latitude 3420,2198,2198,ttspl,2752,2VZBRG3,TTSPL6698,2198,RATE_OK
Abjayon Consultancy Pvt. Ltd.,206,ABJAYON CONSULTANCY PRIVATE LIMITED,name,LOT,FWTPFG3,TTSPL6707,Dell Latitude 3420,2198,2198,ttspl,2754,FWTPFG3,TTSPL6707,2198,RATE_OK
Abjayon Consultancy Pvt. Ltd.,206,ABJAYON CONSULTANCY PRIVATE LIMITED,name,LOT,5CG21344PF,TTSPL6822,HP Elitebook 840 G8,2198,2198,ttspl,2008,5CG21344PF,TTSPL6822,2198,RATE_OK
Abjayon Consultancy Pvt. Ltd.,206,ABJAYON CONSULTANCY PRIVATE LIMITED,name,LOT,5CG2132RHL,TTSPL6823,HP Elitebook 840 G8,2198,2198,ttspl,2009,5CG2132RHL,TTSPL6823,2198,RATE_OK
Abjayon Consultancy Pvt. Ltd.,206,ABJAYON CONSULTANCY PRIVATE LIMITED,name,LOT,5CG2249F4F,TTSPL6833,HP Elitebook 840 G8,2198,2198,ttspl,2010,5CG2249F4F,TTSPL6833,2198,RATE_OK
Abjayon Consultancy Pvt. Ltd.,206,ABJAYON CONSULTANCY PRIVATE LIMITED,name,LOT,5CG2132MQH,TTSPL6837,HP Elitebook 840 G8,2198,2198,ttspl,2012,5CG2132MQH,TTSPL6837,2198,RATE_OK
Abjayon Consultancy Pvt. Ltd.,206,ABJAYON CONSULTANCY PRIVATE LIMITED,name,LOT,5CG2133RJL,TTSPL6839,HP Elitebook 840 G8,2198,2198,ttspl,2013,5CG2133RJL,TTSPL6839,2198,RATE_OK
Abjayon Consultancy Pvt. Ltd.,206,ABJAYON CONSULTANCY PRIVATE LIMITED,name,LOT,5CG2131RWD,TTSPL6841,HP Elitebook 840 G8,2198,2198,ttspl,2014,5CG2131RWD,TTSPL6841,2198,RATE_OK
Abjayon Consultancy Pvt. Ltd.,206,ABJAYON CONSULTANCY PRIVATE LIMITED,name,LOT,5CG2130ZPL,TTSPL6843,HP Elitebook 840 G8,2198,2198,ttspl,2015,5CG2130ZPL,TTSPL6843,2198,RATE_OK
Abjayon Consultancy Pvt. Ltd.,206,ABJAYON CONSULTANCY PRIVATE LIMITED,name,LOT,5CG2131881,TTSPL6846,HP Elitebook 840 G8,2198,2198,ttspl,2016,5CG2131881,TTSPL6846,2198,RATE_OK
Abjayon Consultancy Pvt. Ltd.,206,ABJAYON CONSULTANCY PRIVATE LIMITED,name,LOT,64PN3D3,TTSPL5498,Dell Latitude 5420,2198,2198,ttspl,1723,64PN3D3,TTSPL5498,2198,RATE_OK
Abjayon Consultancy Pvt. Ltd.,206,ABJAYON CONSULTANCY PRIVATE LIMITED,name,LOT,5CD112LTG0.,TTSPL6559,HP Probook 440 G8,2198,2198,UNMATCHED,,,,,NOT_IN_CRM_ACTIVE
Abjayon Consultancy Pvt. Ltd.,206,ABJAYON CONSULTANCY PRIVATE LIMITED,name,LOT,5CD1411J77,TTSPL5355,HP Probook 440 G8,2198,2198,ttspl,2849,5CD1411J77,TTSPL5355,2198,RATE_OK
Abjayon Consultancy Pvt. Ltd.,206,ABJAYON CONSULTANCY PRIVATE LIMITED,name,LOT,5XDJCB3,TTSPL5402,Dell Latitude 5420,2198,2198,ttspl,1540,5XDJCB3,TTSPL5402,2198,RATE_OK
Abjayon Consultancy Pvt. Ltd.,206,ABJAYON CONSULTANCY PRIVATE LIMITED,name,LOT,R913GZHJ,TTSPL7215,Lenovo Thinkpad L13,1,1,ttspl,3874,R913GZHJ,TTSPL7215,1,RATE_OK
Abjayon Consultancy Pvt. Ltd.,206,ABJAYON CONSULTANCY PRIVATE LIMITED,name,LOT,BJQYCL3,TTSPL5702,Dell Latitude 3420,1,1,ttspl,2339,BJQYCL3,TTSPL5702,1,RATE_OK
IIOT INNOVATION Private Limited,214,IIOT INNOVATION PRIVATE LIMITED,name,LOT,5CD13374N9,TTSPL4937,HP Probook 440 G8,1999,1999,ttspl,2033,5CD13374N9,TTSPL4937,1999,RATE_OK
IIOT INNOVATION Private Limited,214,IIOT INNOVATION PRIVATE LIMITED,name,LOT,PG0324JR,TTSPL5604,Lenovo Thinkpad E14,1999,1999,ttspl,2034,PG0324JR,TTSPL5604,1999,RATE_OK
IIOT INNOVATION Private Limited,214,IIOT INNOVATION PRIVATE LIMITED,name,LOT,9RT71F3,TTSPL5384,Dell Latitude 5420,1999,1999,ttspl,3291,9RT71F3,TTSPL5384,1999,RATE_OK
IIOT INNOVATION Private Limited,214,IIOT INNOVATION PRIVATE LIMITED,name,LOT,HMYYJG3,TTSPL6609,Dell Latitude 3420,1999,1999,ttspl,3437,HMYYJG3,TTSPL6609,1999,RATE_OK
IIOT INNOVATION Private Limited,214,IIOT INNOVATION PRIVATE LIMITED,name,LOT,G7C2QG3,TTSPL6637,Dell Latitude 3420,1999,1999,ttspl,3449,G7C2QG3,TTSPL6637,1999,RATE_OK
IIOT INNOVATION Private Limited,214,IIOT INNOVATION PRIVATE LIMITED,name,LOT,PF3BJXGX,TTSPL5944,Lenovo Thinkpad E14,1999,1999,ttspl,3697,PF3BJXGX,TTSPL5944,1999,RATE_OK
IIOT INNOVATION Private Limited,214,IIOT INNOVATION PRIVATE LIMITED,name,LOT,PG02Y0DT,TTSPL5238,Lenovo Thinkpad E14 (Gen 2),1999,1999,ttspl,219,PG02Y0DT,TTSPL5238,1999,RATE_OK
IIOT INNOVATION Private Limited,214,IIOT INNOVATION PRIVATE LIMITED,name,LOT,5RRD2B3,TTSPL6692,Dell Latitude 3420,1999,1999,ttspl,2376,5RRD2B3,TTSPL6692,1999,RATE_OK
IIOT INNOVATION Private Limited,214,IIOT INNOVATION PRIVATE LIMITED,name,LOT,C7RD2B3,TTSPL5713,Dell Latitude 3420,1999,1999,ttspl,2340,C7RD2B3,TTSPL5713,1999,RATE_OK
IIOT INNOVATION Private Limited,214,IIOT INNOVATION PRIVATE LIMITED,name,LOT,FNPH1F3,TTSPL5497,Dell Latitude 5420,1999,1999,ttspl,1722,FNPH1F3,TTSPL5497,1999,RATE_OK
IIOT INNOVATION Private Limited,214,IIOT INNOVATION PRIVATE LIMITED,name,LOT,5CG21727VZ,TTSPL3083,HP 240 G8,1999,1160.71,UNMATCHED,,,,,NOT_IN_CRM_ACTIVE
IIOT INNOVATION Private Limited,214,IIOT INNOVATION PRIVATE LIMITED,name,LOT,FZZS2F3,TTSPL7534,Dell Latitude 5420,1999,2127.97,ttspl,8450,FZZS2F3,TTSPL7534,1999,RATE_OK
SINGULARITY GAMES PRIVATE LIMITED,216,SINGULARITY GAMES PRIVATE LIMITED,name,LOT,JFXX2K2JW4,TTSPL6819,Apple MACBOOK AIR,4999,4999,ttspl,2309,JFXX2K2JW4,TTSPL6819,4999,RATE_OK
SINGULARITY GAMES PRIVATE LIMITED,216,SINGULARITY GAMES PRIVATE LIMITED,name,LOT,R913GZEH,TTSPL7264,Lenovo Thinkpad L13,2199,2199,ttspl,3923,R913GZEH,TTSPL7264,2199,RATE_OK
SINGULARITY GAMES PRIVATE LIMITED,216,SINGULARITY GAMES PRIVATE LIMITED,name,LOT,57ZYJG3,TTSPL6634,Dell Latitude 3420,2199,2199,ttspl,2733,57ZYJG3,TTSPL6634,2199,RATE_OK
SINGULARITY GAMES PRIVATE LIMITED,216,SINGULARITY GAMES PRIVATE LIMITED,name,LOT,KX64XPW0VW,TTSPL4475,Apple MACBOOK AIR,5999,7547.13,ttspl,2097,KX64XPW0VW,TTSPL4475,5999,RATE_OK
Transcending Horizons Private Limited,213,Transcending Horizons Private Limited,name,LOT,3VGG2X2,TTSPL3271,Dell Latitude 7490,999,999,ttspl,2220,3VGG2X2,TTSPL3271,999,RATE_OK
Alpha Rites,227,Alpha Rites,name,LOT,PG0324MB,TTSPL5612,Lenovo Thinkpad E14,2199,2199,ttspl,1783,PG0324MB,TTSPL5612,2199,RATE_OK
Alpha Rites,227,Alpha Rites,name,LOT,18TT1B3,TTSPL6621,Dell Latitude 3420,2199,2199,ttspl,3443,18TT1B3,TTSPL6621,2199,RATE_OK
Alpha Rites,227,Alpha Rites,name,LOT,DHRD2B3,TTSPL6645,Dell Latitude 3420,2199,2199,ttspl,3455,DHRD2B3,TTSPL6645,2199,RATE_OK
Allyventure (India) Private Limited,226,ALLYVENTURE (INDIA) PRIVATE LIMITED,name,LOT,BC63C63,TTSPL6348,Dell Latitude 3410,1999,1999,ttspl,3466,BC63C63,TTSPL6348,1999,RATE_OK
Allyventure (India) Private Limited,226,ALLYVENTURE (INDIA) PRIVATE LIMITED,name,LOT,6FVM763,TTSPL6245,Dell Latitude 3410,1999,1999,ttspl,3533,6FVM763,TTSPL6245,1999,RATE_OK
Allyventure (India) Private Limited,226,ALLYVENTURE (INDIA) PRIVATE LIMITED,name,LOT,21P5V93,TTSPL6659,Dell Latitude 3420,1999,1999,ttspl,3468,21P5V93,TTSPL6659,1999,RATE_OK
Allyventure (India) Private Limited,226,ALLYVENTURE (INDIA) PRIVATE LIMITED,name,LOT,219Q463,TTSPL6485,Dell Latitude 3410,1999,1999,ttspl,3513,219Q463,TTSPL6485,1999,RATE_OK
Youbooks Edtech India Pvt. Ltd.,233,Youbooks Edtech India Pvt. Ltd.,name,LOT,8V2FL13,TTSPL6087,Dell Latitude 5400,1099,1099,ttspl,2578,8V2FL13,TTSPL6087,1099,RATE_OK
Youbooks Edtech India Pvt. Ltd.,233,Youbooks Edtech India Pvt. Ltd.,name,LOT,123456H,TTSPL3388,Dell Latitude 5490,1099,1099,ttspl,3021,123456H,TTSPL3388,1099,RATE_OK
Youbooks Edtech India Pvt. Ltd.,233,Youbooks Edtech India Pvt. Ltd.,name,LOT,4RQMPV2,TTSPL3290,Dell Latitude 7490,1099,1099,ttspl,3640,4RQMPV2,TTSPL3290,1099,RATE_OK
Youbooks Edtech India Pvt. Ltd.,233,Youbooks Edtech India Pvt. Ltd.,name,LOT,8J6TNF2,TTSPL2104,Dell Latitude 5490,1099,1099,ttspl,389,8J6TNF2,TTSPL2104,1099,RATE_OK
Youbooks Edtech India Pvt. Ltd.,233,Youbooks Edtech India Pvt. Ltd.,name,LOT,CHLZP13,TTSPL6264,Dell Latitude 5400,1099,1099,ttspl,2579,CHLZP13,TTSPL6264,1099,RATE_OK
Youbooks Edtech India Pvt. Ltd.,233,Youbooks Edtech India Pvt. Ltd.,name,LOT,JHGTWT2,TTSPL2200,Dell Latitude 5490,1099,1099,ttspl,2261,JHGTWT2,TTSPL2200,1099,RATE_OK
Youbooks Edtech India Pvt. Ltd.,233,Youbooks Edtech India Pvt. Ltd.,name,LOT,2KPSVZ2,TTSPL7118,Dell Latitude 3400,1300,1300,ttspl,3777,2KPSVZ2,TTSPL7118,1300,RATE_OK
ENCUBATE TECH PRIVATE LIMITED,229,ENCUBATE TECH PRIVATE LIMITED,name,LOT,5CG2400DLG,TTSPL6993,HP Elitebook 840 G8,2599,2599,ttspl,3600,5CG2400DLG,TTSPL6993,2599,RATE_OK
ENCUBATE TECH PRIVATE LIMITED,229,ENCUBATE TECH PRIVATE LIMITED,name,LOT,5CG31302F7,TTSPL7001,HP Elitebook 840 G8,2599,2599,ttspl,3608,5CG31302F7,TTSPL7001,2599,RATE_OK
The Class One/ Inventify Edtech solution Pvt. Ltd,230,The Class One/ Inventify Edtech solution Pvt. Ltd,name,LOT,F584TQ2,TTSPL4905,Dell Latitude 5490,1100,1100,ttspl,3635,F584TQ2,TTSPL4905,1100,RATE_OK
The Class One/ Inventify Edtech solution Pvt. Ltd,230,The Class One/ Inventify Edtech solution Pvt. Ltd,name,LOT,MP1H36UJ,TRU779/TTSPL1777,Lenovo V130,1100,1100,ttspl,2973,MP1H36UJ,TTSPL1777,1100,RATE_OK
The Class One/ Inventify Edtech solution Pvt. Ltd,230,The Class One/ Inventify Edtech solution Pvt. Ltd,name,LOT,82FK533,TTSPL7066,Dell Latitude 5400,1100,1100,ttspl,3714,82FK533,TTSPL7066,1100,RATE_OK
The Class One/ Inventify Edtech solution Pvt. Ltd,230,The Class One/ Inventify Edtech solution Pvt. Ltd,name,LOT,CZ8PWF2,TTSPL2206,Dell Latitude E5470,1100,1100,ttspl,1178,CZ8PWF2,TTSPL2206,1100,RATE_OK
The Class One/ Inventify Edtech solution Pvt. Ltd,230,The Class One/ Inventify Edtech solution Pvt. Ltd,name,LOT,R90MTP8L,TTSPL3205,Lenovo Thinkpad T560,1100,1100,ttspl,2023,R90MTP8L,TTSPL3205,1100,RATE_OK
The Class One/ Inventify Edtech solution Pvt. Ltd,230,The Class One/ Inventify Edtech solution Pvt. Ltd,name,LOT,1HL2P13,TTSPL7058,Dell Latitude 5400,1100,1100,ttspl,3706,1HL2P13,TTSPL7058,1100,RATE_OK
The Class One/ Inventify Edtech solution Pvt. Ltd,230,The Class One/ Inventify Edtech solution Pvt. Ltd,name,LOT,3S5DRQ2,TTSPL1919,Dell Latitude 7490,1100,1100,ttspl,943,3S5DRQ2,TTSPL1919,1100,RATE_OK
The Class One/ Inventify Edtech solution Pvt. Ltd,230,The Class One/ Inventify Edtech solution Pvt. Ltd,name,LOT,8NLZP13,TTSPL6263,Dell Latitude 5400,1100,1100,ttspl,2580,8NLZP13,TTSPL6263,1100,RATE_OK
The Class One/ Inventify Edtech solution Pvt. Ltd,230,The Class One/ Inventify Edtech solution Pvt. Ltd,name,LOT,2QS7JW2,TTSPL5435,Dell Latitude 3400,1100,1100,ttspl,2817,2QS7JW2,TTSPL5435,1100,RATE_OK
The Class One/ Inventify Edtech solution Pvt. Ltd,230,The Class One/ Inventify Edtech solution Pvt. Ltd,name,LOT,BX2QN53,TTSPL7060,Dell Latitude 5400,1100,1100,ttspl,3708,BX2QN53,TTSPL7060,1100,RATE_OK
The Class One/ Inventify Edtech solution Pvt. Ltd,230,The Class One/ Inventify Edtech solution Pvt. Ltd,name,LOT,74BPN53,TTSPL7065,Dell Latitude 5400,1100,1100,ttspl,3713,74BPN53,TTSPL7065,1100,RATE_OK
The Class One/ Inventify Edtech solution Pvt. Ltd,230,The Class One/ Inventify Edtech solution Pvt. Ltd,name,LOT,5CG02748VY,TTSPL7400,HP PROBOOK 640 G5,1100,2129.03,ttspl,8164,5CG02748VY,TTSPL7400,1100,RATE_OK
The Class One/ Inventify Edtech solution Pvt. Ltd,230,The Class One/ Inventify Edtech solution Pvt. Ltd,name,LOT,FGLZP13,TTSPL6717,Dell Latitude 5400,1100,2129.03,ttspl,2555,FGLZP13,TTSPL6717,1100,RATE_OK
The Class One/ Inventify Edtech solution Pvt. Ltd,230,The Class One/ Inventify Edtech solution Pvt. Ltd,name,LOT,5CG0274NHG,TTSPL7399,HP PROBOOK 640 G5,1100,2022.58,ttspl,8163,5CG0274NHG,TTSPL7399,1100,RATE_OK
BIZDATEUP TECHNOLOGIES PRIVATE LIMITED,232,BIZDATEUP TECHNOLOGIES PRIVATE LIMITED,name,LOT,PC1H12F5,TTSPL4960,Lenovo Thinkpad T490s,1150,1150,ttspl,3240,PC1H12F5,TTSPL4960,1150,RATE_OK
BIZDATEUP TECHNOLOGIES PRIVATE LIMITED,232,BIZDATEUP TECHNOLOGIES PRIVATE LIMITED,name,LOT,5SKTMQ2,TTSPL2015,Dell Latitude 5490,1150,1150,ttspl,3374,5SKTMQ2,TTSPL2015,1150,RATE_OK
BIZDATEUP TECHNOLOGIES PRIVATE LIMITED,232,BIZDATEUP TECHNOLOGIES PRIVATE LIMITED,name,LOT,CHJR0Z2,TTSPL2114,Dell Latitude 5490,1150,1150,ttspl,759,CHJR0Z2,TTSPL2114,1150,RATE_OK
BIZDATEUP TECHNOLOGIES PRIVATE LIMITED,232,BIZDATEUP TECHNOLOGIES PRIVATE LIMITED,name,LOT,MP1H3612,TTSPL1104,Lenovo V130,1150,1150,ttspl,2925,MP1H3612,TTSPL1104,1150,RATE_OK
BIZDATEUP TECHNOLOGIES PRIVATE LIMITED,232,BIZDATEUP TECHNOLOGIES PRIVATE LIMITED,name,LOT,2PRYVZ2,TTSPL5448,Dell Latitude 3400,1150,1150,ttspl,3547,2PRYVZ2,TTSPL5448,1150,RATE_OK
BIZDATEUP TECHNOLOGIES PRIVATE LIMITED,232,BIZDATEUP TECHNOLOGIES PRIVATE LIMITED,name,LOT,PF227E1Z,TTSPL2681,Lenovo Thinkpad T490 (Touchscreen),1150,1150,ttspl,609,PF227E1Z,TTSPL2681,1150,RATE_OK
BIZDATEUP TECHNOLOGIES PRIVATE LIMITED,232,BIZDATEUP TECHNOLOGIES PRIVATE LIMITED,name,LOT,5CG8521K9S,TTSPL3684,HP Elitebook 840 G5,1150,1150,ttspl,1218,5CG8521K9S,TTSPL3684,1150,RATE_OK
BIZDATEUP TECHNOLOGIES PRIVATE LIMITED,232,BIZDATEUP TECHNOLOGIES PRIVATE LIMITED,name,LOT,9H2M6Y2,TTSPL3935,Dell Latitude 7490,1150,1150,ttspl,3539,9H2M6Y2,TTSPL3935,1150,RATE_OK
BIZDATEUP TECHNOLOGIES PRIVATE LIMITED,232,BIZDATEUP TECHNOLOGIES PRIVATE LIMITED,name,LOT,GVDL5Q2,TTSPL2925,Dell Latitude 7490,1150,1150,ttspl,1603,GVDL5Q2,TTSPL2925,1150,RATE_OK
BIZDATEUP TECHNOLOGIES PRIVATE LIMITED,232,BIZDATEUP TECHNOLOGIES PRIVATE LIMITED,name,LOT,B3CXN13,TTSPL3336,Dell Latitude 7400 (Touch Screen),1199,1199,ttspl,383,B3CXN13,TTSPL3336,1199,RATE_OK
BIZDATEUP TECHNOLOGIES PRIVATE LIMITED,232,BIZDATEUP TECHNOLOGIES PRIVATE LIMITED,name,LOT,52L4M13,TTSPL3138,Dell Latitude 7400 (Touch Screen),1199,1199,ttspl,1248,52L4M13,TTSPL3138,1199,RATE_OK
BIZDATEUP TECHNOLOGIES PRIVATE LIMITED,232,BIZDATEUP TECHNOLOGIES PRIVATE LIMITED,name,LOT,71TT5Q2,TTSPL1935,Dell Latitude 7490,1150,1150,ttspl,2253,71TT5Q2,TTSPL1935,1150,RATE_OK
BIZDATEUP TECHNOLOGIES PRIVATE LIMITED,232,BIZDATEUP TECHNOLOGIES PRIVATE LIMITED,name,LOT,JGPSVZ2,TTSPL7130,Dell Latitude 3400,1250,1250,ttspl,3789,JGPSVZ2,TTSPL7130,1250,RATE_OK
BIZDATEUP TECHNOLOGIES PRIVATE LIMITED,232,BIZDATEUP TECHNOLOGIES PRIVATE LIMITED,name,LOT,G767YZ2,TTSPL7336,Dell Latitude 3400,1250,1250,ttspl,3794,G767YZ2,TTSPL7336,1250,RATE_OK
BIZDATEUP TECHNOLOGIES PRIVATE LIMITED,232,BIZDATEUP TECHNOLOGIES PRIVATE LIMITED,name,LOT,FM2VVZ2,TTSPL7132,Dell Latitude 3400,1250,1250,ttspl,3791,FM2VVZ2,TTSPL7132,1250,RATE_OK
BIZDATEUP TECHNOLOGIES PRIVATE LIMITED,232,BIZDATEUP TECHNOLOGIES PRIVATE LIMITED,name,LOT,1967YZ2,TTSPL7114,Dell Latitude 3400,1250,1250,ttspl,3773,1967YZ2,TTSPL7114,1250,RATE_OK
BIZDATEUP TECHNOLOGIES PRIVATE LIMITED,232,BIZDATEUP TECHNOLOGIES PRIVATE LIMITED,name,LOT,3R889Y2,TTSPL3156,Dell Latitude 7400 (Touch Screen),1250,1250,ttspl,1276,3R889Y2,TTSPL3156,1250,RATE_OK
BIZDATEUP TECHNOLOGIES PRIVATE LIMITED,232,BIZDATEUP TECHNOLOGIES PRIVATE LIMITED,name,LOT,G92HXT2,TTSPL1972,Dell Latitude 5490,1150,1150,ttspl,2262,G92HXT2,TTSPL1972,1150,RATE_OK
BIZDATEUP TECHNOLOGIES PRIVATE LIMITED,232,BIZDATEUP TECHNOLOGIES PRIVATE LIMITED,name,LOT,PF22824D,TTSPL3184,Lenovo Thinkpad T490 (Touchscreen),1150,1150,ttspl,493,PF22824D,TTSPL3184,1150,RATE_OK
BIZDATEUP TECHNOLOGIES PRIVATE LIMITED,232,BIZDATEUP TECHNOLOGIES PRIVATE LIMITED,name,LOT,J387YZ2,TTSPL7116,Dell Latitude 3400,1250,1250,ttspl,3775,J387YZ2,TTSPL7116,1250,RATE_OK
BIZDATEUP TECHNOLOGIES PRIVATE LIMITED,232,BIZDATEUP TECHNOLOGIES PRIVATE LIMITED,name,LOT,PC1H126E,TTSPL4911,Lenovo Thinkpad T490s,1150,1150,ttspl,503,PC1H126E,TTSPL4911,1150,RATE_OK
BIZDATEUP TECHNOLOGIES PRIVATE LIMITED,232,BIZDATEUP TECHNOLOGIES PRIVATE LIMITED,name,LOT,F5VBZY2,TTSPL3160,Dell Latitude 7400 (Touch Screen),1250,1250,ttspl,1272,F5VBZY2,TTSPL3160,1250,RATE_OK
BIZDATEUP TECHNOLOGIES PRIVATE LIMITED,232,BIZDATEUP TECHNOLOGIES PRIVATE LIMITED,name,LOT,7CSHWZ2,TTSPL5434,Dell Latitude 3400,1150,1150,ttspl,2827,7CSHWZ2,TTSPL5434,1150,RATE_OK
JUVENTAS CLOTHING TECHNOLOGIES PRIVATE LIMITED,241,JUVENTAS CLOTHING TECHNOLOGIES PRIVATE LIMITED,name,LOT,F3W7103,TTSPL5433,Dell Latitude 3400,1100,1100,ttspl,2786,F3W7103,TTSPL5433,1100,RATE_OK
JUVENTAS CLOTHING TECHNOLOGIES PRIVATE LIMITED,241,JUVENTAS CLOTHING TECHNOLOGIES PRIVATE LIMITED,name,LOT,BMQYVZ2,TTSPL5446,Dell Latitude 3400,1100,1100,ttspl,2821,BMQYVZ2,TTSPL5446,1100,RATE_OK
JUVENTAS CLOTHING TECHNOLOGIES PRIVATE LIMITED,241,JUVENTAS CLOTHING TECHNOLOGIES PRIVATE LIMITED,name,LOT,5WDYQQ2,TTSPL3069,Dell Latitude 7490,1100,1100,ttspl,2133,5WDYQQ2,TTSPL3069,1100,RATE_OK
Scoopalicious (OPC) Private limited,240,Scoopalicious (OPC) Private limited,name,LOT,KM1QYQ7VFD,TTSPL4941,Apple MacBook Air,5999,5999,ttspl,2274,KM1QYQ7VFD,TTSPL4941,5999,RATE_OK
ZYKRR TECHNOLOGIES PRIVATE LIMITED,242,ZYKRR TECHNOLOGIES PRIVATE LIMITED,name,LOT,PG02J9EB,TTSPL6856,Lenovo Thinkpad L14,1999,1999,ttspl,3215,PG02J9EB,TTSPL6856,1999,RATE_OK
ZYKRR TECHNOLOGIES PRIVATE LIMITED,242,ZYKRR TECHNOLOGIES PRIVATE LIMITED,name,LOT,2DBK6D3,TTSPL4498,Dell Latitude 5420,1999,1999,ttspl,1769,2DBK6D3,TTSPL4498,1999,RATE_OK
ZYKRR TECHNOLOGIES PRIVATE LIMITED,242,ZYKRR TECHNOLOGIES PRIVATE LIMITED,name,LOT,GS4ZR93,TTSPL4310,Dell Latitude 5320 (Touch),2899,2899,ttspl,387,GS4ZR93,TTSPL4310,2899,RATE_OK
ZYKRR TECHNOLOGIES PRIVATE LIMITED,242,ZYKRR TECHNOLOGIES PRIVATE LIMITED,name,LOT,4Q92QG3,TTSPL5703,Dell Latitude 3420,1999,1999,ttspl,2569,4Q92QG3,TTSPL5703,1999,RATE_OK
ZYKRR TECHNOLOGIES PRIVATE LIMITED,242,ZYKRR TECHNOLOGIES PRIVATE LIMITED,name,LOT,PG02J45J,TTSPL6854,Lenovo Thinkpad L14,1999,1999,ttspl,3214,PG02J45J,TTSPL6854,1999,RATE_OK
ZYKRR TECHNOLOGIES PRIVATE LIMITED,242,ZYKRR TECHNOLOGIES PRIVATE LIMITED,name,LOT,5CD131C7HD,TTSPL4936,HP Probook 440 G8,1999,1999,ttspl,3700,5CD131C7HD,TTSPL4936,1999,RATE_OK
ZYKRR TECHNOLOGIES PRIVATE LIMITED,242,ZYKRR TECHNOLOGIES PRIVATE LIMITED,name,LOT,12V66G3,TTSPL6965,Dell Latitude 7420,2899,2899,ttspl,3572,12V66G3,TTSPL6965,2899,RATE_OK
ZYKRR TECHNOLOGIES PRIVATE LIMITED,242,ZYKRR TECHNOLOGIES PRIVATE LIMITED,name,LOT,20RD2B3,TTSPL6648,Dell Latitude 3420,1999,1999,ttspl,2333,20RD2B3,TTSPL6648,1999,RATE_OK
ZYKRR TECHNOLOGIES PRIVATE LIMITED,242,ZYKRR TECHNOLOGIES PRIVATE LIMITED,name,LOT,DXXFKS3,TTSPL3978,Dell Latitude 3420,1999,1999,ttspl,3542,DXXFKS3,TTSPL3978,1999,RATE_OK
ZYKRR TECHNOLOGIES PRIVATE LIMITED,242,ZYKRR TECHNOLOGIES PRIVATE LIMITED,name,LOT,59K5QG3,TTSPL6604,Dell Latitude 3420,1999,1999,ttspl,2756,59K5QG3,TTSPL6604,1999,RATE_OK
ZYKRR TECHNOLOGIES PRIVATE LIMITED,242,ZYKRR TECHNOLOGIES PRIVATE LIMITED,name,LOT,5CD112KF9Z,TTSPL6078,HP Probook 440 G8,1999,1999,ttspl,2611,5CD112KF9Z,TTSPL6078,1999,RATE_OK
ZYKRR TECHNOLOGIES PRIVATE LIMITED,242,ZYKRR TECHNOLOGIES PRIVATE LIMITED,name,LOT,5CD146NB0H,TTSPL5354,HP Probook 440 G8,1999,1999,ttspl,2816,5CD146NB0H,TTSPL5354,1999,RATE_OK
ZYKRR TECHNOLOGIES PRIVATE LIMITED,242,ZYKRR TECHNOLOGIES PRIVATE LIMITED,name,LOT,1L11GK3,TTSPL7335,Dell Latitude 5420,1999,1999,ttspl,4040,1L11GK3,TTSPL7335,1999,RATE_OK
ZYKRR TECHNOLOGIES PRIVATE LIMITED,242,ZYKRR TECHNOLOGIES PRIVATE LIMITED,name,LOT,R913GZJ1,TTSPL7200,Lenovo Thinkpad L13,1999,1999,ttspl,3859,R913GZJ1,TTSPL7200,1999,RATE_OK
ZYKRR TECHNOLOGIES PRIVATE LIMITED,242,ZYKRR TECHNOLOGIES PRIVATE LIMITED,name,LOT,R913GZAZ,TTSPL7203,Lenovo Thinkpad L13,1999,1999,ttspl,3862,R913GZAZ,TTSPL7203,1999,RATE_OK
ZYKRR TECHNOLOGIES PRIVATE LIMITED,242,ZYKRR TECHNOLOGIES PRIVATE LIMITED,name,LOT,R913GZCG,TTSPL7259,Lenovo Thinkpad L13,1999,1999,ttspl,3918,R913GZCG,TTSPL7259,1999,RATE_OK
ZYKRR TECHNOLOGIES PRIVATE LIMITED,242,ZYKRR TECHNOLOGIES PRIVATE LIMITED,name,LOT,R913EBMS,TTSPL7207,Lenovo Thinkpad L13,1999,1999,ttspl,3866,R913EBMS,TTSPL7207,1999,RATE_OK
ZYKRR TECHNOLOGIES PRIVATE LIMITED,242,ZYKRR TECHNOLOGIES PRIVATE LIMITED,name,LOT,R913GZ71,TTSPL7241,Lenovo Thinkpad L13,1999,1999,ttspl,3900,R913GZ71,TTSPL7241,1999,RATE_OK
ZYKRR TECHNOLOGIES PRIVATE LIMITED,242,ZYKRR TECHNOLOGIES PRIVATE LIMITED,name,LOT,R913GZFD,TTSPL7269,Lenovo Thinkpad L13,1999,1999,ttspl,3928,R913GZFD,TTSPL7269,1999,RATE_OK
ZYKRR TECHNOLOGIES PRIVATE LIMITED,242,ZYKRR TECHNOLOGIES PRIVATE LIMITED,name,LOT,R913GZ3C,TTSPL7279,Lenovo Thinkpad L13,1999,1999,ttspl,3938,R913GZ3C,TTSPL7279,1999,RATE_OK
ZYKRR TECHNOLOGIES PRIVATE LIMITED,242,ZYKRR TECHNOLOGIES PRIVATE LIMITED,name,LOT,R913GZC3,TTSPL7268,Lenovo Thinkpad L13,1999,1999,ttspl,3927,R913GZC3,TTSPL7268,1999,RATE_OK
ZYKRR TECHNOLOGIES PRIVATE LIMITED,242,ZYKRR TECHNOLOGIES PRIVATE LIMITED,name,LOT,40JM8D3,TTSPL4553,Dell Latitude 5420,1999,1999,ttspl,508,40JM8D3,TTSPL4553,1999,RATE_OK
ZYKRR TECHNOLOGIES PRIVATE LIMITED,242,ZYKRR TECHNOLOGIES PRIVATE LIMITED,name,LOT,4805HK3,TTSPL6218,Dell Latitude 5420,2899,2899,ttspl,2616,4805HK3,TTSPL6218,2899,RATE_OK
ZYKRR TECHNOLOGIES PRIVATE LIMITED,242,ZYKRR TECHNOLOGIES PRIVATE LIMITED,name,LOT,B4KWZH3,TTSPL4787,Dell Latitude 5420,2899,2899,ttspl,1124,B4KWZH3,TTSPL4787,2899,RATE_OK
ZYKRR TECHNOLOGIES PRIVATE LIMITED,242,ZYKRR TECHNOLOGIES PRIVATE LIMITED,name,LOT,6TJ60J3,TTSPL4773,Dell Latitude 5420,2899,2899,ttspl,1399,6TJ60J3,TTSPL4773,2899,RATE_OK
ZYKRR TECHNOLOGIES PRIVATE LIMITED,242,ZYKRR TECHNOLOGIES PRIVATE LIMITED,name,LOT,5CG1405DB7,TTSPL6991,HP Elitebook 840 G8,2899,2899,ttspl,3597,5CG1405DB7,TTSPL6991,2899,RATE_OK
ZYKRR TECHNOLOGIES PRIVATE LIMITED,242,ZYKRR TECHNOLOGIES PRIVATE LIMITED,name,LOT,9X05BC3,TTSPL4660,Dell Latitude 5420 (Touch Screen),2899,2899,ttspl,1373,9X05BC3,TTSPL4660,2899,RATE_OK
ZYKRR TECHNOLOGIES PRIVATE LIMITED,242,ZYKRR TECHNOLOGIES PRIVATE LIMITED,name,LOT,5CG211BFVG,TTSPL6686,HP Elitebook 840 G8,2899,2899,ttspl,239,5CG211BFVG,TTSPL6686,2899,RATE_OK
ZYKRR TECHNOLOGIES PRIVATE LIMITED,242,ZYKRR TECHNOLOGIES PRIVATE LIMITED,name,LOT,7H518C3,TTSPL4602,Dell Latitude 5420 (Touch Screen),2899,2899,ttspl,1370,7H518C3,TTSPL4602,2899,RATE_OK
ZYKRR TECHNOLOGIES PRIVATE LIMITED,242,ZYKRR TECHNOLOGIES PRIVATE LIMITED,name,LOT,F24Z2J3,TTSPL3733,Dell Latitude 5420,2899,2899,ttspl,3154,F24Z2J3,TTSPL3733,2899,RATE_OK
ZYKRR TECHNOLOGIES PRIVATE LIMITED,242,ZYKRR TECHNOLOGIES PRIVATE LIMITED,name,LOT,R913GZE9,TTSPL7224,Lenovo Thinkpad L13,1999,3931.37,ttspl,3883,R913GZE9,TTSPL7224,1999,RATE_OK
ZYKRR TECHNOLOGIES PRIVATE LIMITED,242,ZYKRR TECHNOLOGIES PRIVATE LIMITED,name,LOT,R913GZ4D,TTSPL7248,Lenovo Thinkpad L13,1999,3931.37,ttspl,3907,R913GZ4D,TTSPL7248,1999,RATE_OK
ZYKRR TECHNOLOGIES PRIVATE LIMITED,242,ZYKRR TECHNOLOGIES PRIVATE LIMITED,name,LOT,R913GZE0,TTSPL7270,Lenovo Thinkpad L13,1999,3931.37,ttspl,3929,R913GZE0,TTSPL7270,1999,RATE_OK
ZYKRR TECHNOLOGIES PRIVATE LIMITED,242,ZYKRR TECHNOLOGIES PRIVATE LIMITED,name,LOT,88R60J3,TTSPL6936,Dell Latitude 7420,1999,3931.37,UNMATCHED,,,,,NOT_IN_CRM_ACTIVE
ZYKRR TECHNOLOGIES PRIVATE LIMITED,242,ZYKRR TECHNOLOGIES PRIVATE LIMITED,name,LOT,66PYCL3,TTSPL5722,Dell Latitude 3420,1999,3931.37,ttspl,2432,66PYCL3,TTSPL5722,1999,RATE_OK
ZYKRR TECHNOLOGIES PRIVATE LIMITED,242,ZYKRR TECHNOLOGIES PRIVATE LIMITED,name,LOT,5CD112KFBN,TTSPL6561,HP Probook 440 G8,1999,3675.58,ttspl,2349,5CD112KFBN,TTSPL6561,1999,RATE_OK
ZYKRR TECHNOLOGIES PRIVATE LIMITED,242,ZYKRR TECHNOLOGIES PRIVATE LIMITED,name,LOT,R913GZ57,TTSPL7236,Lenovo Thinkpad L13,1999,3675.58,ttspl,3895,R913GZ57,TTSPL7236,1999,RATE_OK
ZYKRR TECHNOLOGIES PRIVATE LIMITED,242,ZYKRR TECHNOLOGIES PRIVATE LIMITED,name,LOT,R913GZ7V,TTSPL7206,Lenovo Thinkpad L13,1999,3675.58,ttspl,3865,R913GZ7V,TTSPL7206,1999,RATE_OK
EVENTIVE COMMUNICATIONS LLP,270,EVENTIVE COMMUNICATIONS LLP,name,LOT,M4X09L2Q49,TTSPL7050,Apple Macbook Pro,9999,9999,ttspl,3679,M4X09L2Q49,TTSPL7050,9999,RATE_OK
EVENTIVE COMMUNICATIONS LLP,270,EVENTIVE COMMUNICATIONS LLP,name,LOT,2GP5V93,TTSPL6779,Dell Latitude 3410,1799,1799,ttspl,3498,2GP5V93,TTSPL6779,1799,RATE_OK
EVENTIVE COMMUNICATIONS LLP,270,EVENTIVE COMMUNICATIONS LLP,name,LOT,PF2ALB41,TTSPL4437,Lenovo Thinkpad L14,1799,1799,ttspl,107,PF2ALB41,TTSPL4437,1799,RATE_OK
EVENTIVE COMMUNICATIONS LLP,270,EVENTIVE COMMUNICATIONS LLP,name,LOT,PF2APBK7,TTSPL4449,Lenovo Thinkpad L14,1799,1799,ttspl,3102,PF2APBK7,TTSPL4449,1799,RATE_OK
EVENTIVE COMMUNICATIONS LLP,270,EVENTIVE COMMUNICATIONS LLP,name,LOT,62QM763,TTSPL6735,Dell Latitude 3410,1799,1799,ttspl,3528,62QM763,TTSPL6735,1799,RATE_OK
EVENTIVE COMMUNICATIONS LLP,270,EVENTIVE COMMUNICATIONS LLP,name,LOT,8KRBXZ2,TTSPL4090,Dell Latitude 5310,1799,1799,ttspl,3152,8KRBXZ2,TTSPL4090,1799,RATE_OK
EVENTIVE COMMUNICATIONS LLP,270,EVENTIVE COMMUNICATIONS LLP,name,LOT,PF3CGVKE,TTSPL5621,Lenovo Thinkpad E14,1799,1799,ttspl,1552,PF3CGVKE,TTSPL5621,1799,RATE_OK
EVENTIVE COMMUNICATIONS LLP,270,EVENTIVE COMMUNICATIONS LLP,name,LOT,PF367Z1N,TTSPL4721,Lenovo Thinkpad T14,1799,1799,ttspl,1610,PF367Z1N,TTSPL4721,1799,RATE_OK
EVENTIVE COMMUNICATIONS LLP,270,EVENTIVE COMMUNICATIONS LLP,name,LOT,R914RLT2,TTSPL7205,Lenovo Thinkpad L13,1799,1799,ttspl,3864,R914RLT2,TTSPL7205,1799,RATE_OK
EVENTIVE COMMUNICATIONS LLP,270,EVENTIVE COMMUNICATIONS LLP,name,LOT,R914RLS0,TTSPL7219,Lenovo Thinkpad L13,1799,1799,ttspl,3878,R914RLS0,TTSPL7219,1799,RATE_OK
EVENTIVE COMMUNICATIONS LLP,270,EVENTIVE COMMUNICATIONS LLP,name,LOT,R913GZCM,TTSPL7220,Lenovo Thinkpad L13,1799,1799,ttspl,3879,R913GZCM,TTSPL7220,1799,RATE_OK
EVENTIVE COMMUNICATIONS LLP,270,EVENTIVE COMMUNICATIONS LLP,name,LOT,R913GZ41,TTSPL7149,Lenovo Thinkpad L13,1799,1799,ttspl,3808,R913GZ41,TTSPL7149,1799,RATE_OK
ZENITHIA GARDEN OF JOY PRIVATE LIMITED,243,ZENITHIA GARDEN OF JOY PRIVATE LIMITED,name,LOT,PF227WKY,TTSPL3186,Lenovo Thinkpad T490 (Touchscreen),1399,1399,ttspl,3683,PF227WKY,TTSPL3186,1399,RATE_OK
Talent Skillsvarsity Private Limited,247,Talent Skillsvarsity Private Limited,name,LOT,5CG70808HL,TTSPL4203,HP Elitebook 840 G3,1017,1017,ttspl,570,5CG70808HL,TTSPL4203,1017,RATE_OK
Talent Skillsvarsity Private Limited,247,Talent Skillsvarsity Private Limited,name,LOT,5CG6420B8W,TTSPL1455,HP Elitebook 820 G3,1017,1017,ttspl,340,5CG6420B8W,TTSPL1455,1017,RATE_OK
EVERSOFT TECHNOLOGIES PRIVATE LIMITED,251,EVERSOFT TECHNOLOGIES PRIVATE LIMITED,name,LOT,2397K13,TTSPL2624,Dell Latitude 5400,1199,1199,ttspl,3128,2397K13,TTSPL2624,1199,RATE_OK
EVERSOFT TECHNOLOGIES PRIVATE LIMITED,251,EVERSOFT TECHNOLOGIES PRIVATE LIMITED,name,LOT,PC164BDW,TTSPL5033,Lenovo Thinkpad T480s,1199,1199,ttspl,761,PC164BDW,TTSPL5033,1199,RATE_OK
EVERSOFT TECHNOLOGIES PRIVATE LIMITED,251,EVERSOFT TECHNOLOGIES PRIVATE LIMITED,name,LOT,PC1H122M,TTSPL5045,Lenovo Thinkpad T490s,1199,1199,ttspl,3160,PC1H122M,TTSPL5045,1199,RATE_OK
EVERSOFT TECHNOLOGIES PRIVATE LIMITED,251,EVERSOFT TECHNOLOGIES PRIVATE LIMITED,name,LOT,15N13KM/1SN13KM,TTSPL3816,Dell Latitude 7490,1199,1199,ttspl,3538,15N13KM,TTSPL3816,1199,RATE_OK
EVERSOFT TECHNOLOGIES PRIVATE LIMITED,251,EVERSOFT TECHNOLOGIES PRIVATE LIMITED,name,LOT,2TK95009H2,TTSPL3555,HP PROBOOK 640 G5,1199,1199,ttspl,3716,2TK95009H2,TTSPL3555,1199,RATE_OK
EVERSOFT TECHNOLOGIES PRIVATE LIMITED,251,EVERSOFT TECHNOLOGIES PRIVATE LIMITED,name,LOT,PC1EZAJN,TTSPL3427,Lenovo Thinkpad X390,1199,1199,ttspl,3725,PC1EZAJN,TTSPL3427,1199,RATE_OK
EVERSOFT TECHNOLOGIES PRIVATE LIMITED,251,EVERSOFT TECHNOLOGIES PRIVATE LIMITED,name,LOT,PF21TNVZ,TTSPL5264,Lenovo Thinkpad T490,1199,1199,ttspl,1016,PF21TNVZ,TTSPL5264,1199,RATE_OK
EVERSOFT TECHNOLOGIES PRIVATE LIMITED,251,EVERSOFT TECHNOLOGIES PRIVATE LIMITED,name,LOT,PC16247G,TTSPL4952,Lenovo Thinkpad T480s,1199,1199,ttspl,3203,PC16247G,TTSPL4952,1199,RATE_OK
EVERSOFT TECHNOLOGIES PRIVATE LIMITED,251,EVERSOFT TECHNOLOGIES PRIVATE LIMITED,name,LOT,CJNL7S2,TTSPL2016,Dell Latitude 5490,1199,1199,UNMATCHED,,,,,NOT_IN_CRM_ACTIVE
EVERSOFT TECHNOLOGIES PRIVATE LIMITED,251,EVERSOFT TECHNOLOGIES PRIVATE LIMITED,name,LOT,3SSZP13,TTSPL6670,Dell Latitude 5400,1199,1199,ttspl,2581,3SSZP13,TTSPL6670,1199,RATE_OK
EVERSOFT TECHNOLOGIES PRIVATE LIMITED,251,EVERSOFT TECHNOLOGIES PRIVATE LIMITED,name,LOT,2ZCBSQ2,TTSPL3660,Dell Latitude 7490,1199,1199,ttspl,1222,2ZCBSQ2,TTSPL3660,1199,RATE_OK
Girish Srikrishna Paranjpe,252,Girish Srikrishna Paranjpe,name,LOT,5CG225561F,TTSPL3341,HP 240 G8,2100,2100,ttspl,3541,5CG225561F,TTSPL3341,2100,RATE_OK
Girish Srikrishna Paranjpe,252,Girish Srikrishna Paranjpe,name,LOT,PG02YB0K,TTSPL6399,Lenovo Thinkpad E-14 Gen 2,2100,2100,ttspl,3355,PG02YB0K,TTSPL6399,2100,RATE_OK
Girish Srikrishna Paranjpe,252,Girish Srikrishna Paranjpe,name,LOT,PG02JQEK,TTSPL6396,Lenovo Thinkpad E-14 Gen 2,2100,2100,ttspl,3358,PG02JQEK,TTSPL6396,2100,RATE_OK
Girish Srikrishna Paranjpe,252,Girish Srikrishna Paranjpe,name,LOT,5CHVZH3,TTSPL5396,Dell Latitude 5420 (Touch Screen),2100,2100,ttspl,1716,5CHVZH3,TTSPL5396,2100,RATE_OK
Girish Srikrishna Paranjpe,252,Girish Srikrishna Paranjpe,name,LOT,88LQ5G3,TTSPL7294,Dell Latitude 5420,2100,2100,ttspl,3999,88LQ5G3,TTSPL7294,2100,RATE_OK
Girish Srikrishna Paranjpe,252,Girish Srikrishna Paranjpe,name,LOT,C17HCD63Q6L4,TTSPL3703,Apple Macbook Air,3800,3800,ttspl,849,C17HCD63Q6L4,TTSPL3703,3800,RATE_OK
Girish Srikrishna Paranjpe,252,Girish Srikrishna Paranjpe,name,LOT,7TMT0T3,TTSPL6950,Dell Latitude 7330 (Touch),3999,7224,ttspl,3557,7TMT0T3,TTSPL6950,3999,RATE_OK
PRO-ALIGN SECURITY INDIA PRIVATE LIMITED,260,PRO-ALIGN SECURITY INDIA PRIVATE LIMITED,name,LOT,2C7BC63,TTSPL6480,Dell Latitude 3410,1349,1349,ttspl,3404,2C7BC63,TTSPL6480,1349,RATE_OK
PRO-ALIGN SECURITY INDIA PRIVATE LIMITED,260,PRO-ALIGN SECURITY INDIA PRIVATE LIMITED,name,LOT,439Q463,TTSPL6470,Dell Latitude 3410,1349,1349,ttspl,3421,439Q463,TTSPL6470,1349,RATE_OK
PRO-ALIGN SECURITY INDIA PRIVATE LIMITED,260,PRO-ALIGN SECURITY INDIA PRIVATE LIMITED,name,LOT,HHP5V93,TTSPL6787,Dell Latitude 3410,1349,1349,ttspl,3504,HHP5V93,TTSPL6787,1349,RATE_OK
PRO-ALIGN SECURITY INDIA PRIVATE LIMITED,260,PRO-ALIGN SECURITY INDIA PRIVATE LIMITED,name,LOT,7DTM763,TTSPL6530,Dell Latitude 3410,1349,1349,ttspl,3408,7DTM763,TTSPL6530,1349,RATE_OK
PRO-ALIGN SECURITY INDIA PRIVATE LIMITED,260,PRO-ALIGN SECURITY INDIA PRIVATE LIMITED,name,LOT,3843C63,TTSPL6331,Dell Latitude 3410,1349,1349,ttspl,2588,3843C63,TTSPL6331,1349,RATE_OK
PRO-ALIGN SECURITY INDIA PRIVATE LIMITED,260,PRO-ALIGN SECURITY INDIA PRIVATE LIMITED,name,LOT,CJP5V93,TTSPL6498,Dell Latitude 3410,1349,1349,ttspl,2348,CJP5V93,TTSPL6498,1349,RATE_OK
PRO-ALIGN SECURITY INDIA PRIVATE LIMITED,260,PRO-ALIGN SECURITY INDIA PRIVATE LIMITED,name,LOT,FFVCW93,TTSPL6258,Dell Latitude 3410,1349,1349,ttspl,2646,FFVCW93,TTSPL6258,1349,RATE_OK
PRO-ALIGN SECURITY INDIA PRIVATE LIMITED,260,PRO-ALIGN SECURITY INDIA PRIVATE LIMITED,name,LOT,PF22BMFS,TTSPL5890,Lenovo Thinkpad T14,1349,1349,ttspl,3237,PF22BMFS,TTSPL5890,1349,RATE_OK
PRO-ALIGN SECURITY INDIA PRIVATE LIMITED,260,PRO-ALIGN SECURITY INDIA PRIVATE LIMITED,name,LOT,J433C63,TTSPL6450,Dell Latitude 3410,1349,1349,ttspl,2345,J433C63,TTSPL6450,1349,RATE_OK
PRO-ALIGN SECURITY INDIA PRIVATE LIMITED,260,PRO-ALIGN SECURITY INDIA PRIVATE LIMITED,name,LOT,BKQS103,TTSPL6447,Dell Latitude 3410,1349,1349,ttspl,3401,BKQS103,TTSPL6447,1349,RATE_OK
PRO-ALIGN SECURITY INDIA PRIVATE LIMITED,260,PRO-ALIGN SECURITY INDIA PRIVATE LIMITED,name,LOT,8HQS103,TTSPL6490,Dell Latitude 3410,1349,1349,ttspl,3511,8HQS103,TTSPL6490,1349,RATE_OK
PRO-ALIGN SECURITY INDIA PRIVATE LIMITED,260,PRO-ALIGN SECURITY INDIA PRIVATE LIMITED,name,LOT,6643C63,TTSPL6719,Dell Latitude 3410,1349,1349,ttspl,3486,6643C63,TTSPL6719,1349,RATE_OK
PRO-ALIGN SECURITY INDIA PRIVATE LIMITED,260,PRO-ALIGN SECURITY INDIA PRIVATE LIMITED,name,LOT,3W73C63,TTSPL6084,Dell Latitude 3410,1349,1349,ttspl,3465,3W73C63,TTSPL6084,1349,RATE_OK
AMAR AMBA FINANCE HIRE PURCHASE PRIVATE LIMITED,255,Amar Amba Finance Hire Purchase Private Limited,name,LOT,7BRM763,TTSPL6668,Dell Latitude 3410,1349,1349,ttspl,3476,7BRM763,TTSPL6668,1349,RATE_OK
AMAR AMBA FINANCE HIRE PURCHASE PRIVATE LIMITED,255,Amar Amba Finance Hire Purchase Private Limited,name,LOT,29PK5B3,TTSPL5684,Dell Latitude 3410,1349,1349,ttspl,3514,29PK5B3,TTSPL5684,1349,RATE_OK
AMAR AMBA FINANCE HIRE PURCHASE PRIVATE LIMITED,255,Amar Amba Finance Hire Purchase Private Limited,name,LOT,2LFNS93,TTSPL5645,Dell Latitude 3410,1349,1349,ttspl,3653,2LFNS93,TTSPL5645,1349,RATE_OK
AMAR AMBA FINANCE HIRE PURCHASE PRIVATE LIMITED,255,Amar Amba Finance Hire Purchase Private Limited,name,LOT,H673C63,TTSPL6655,Dell Latitude 3410,1349,1349,ttspl,2714,H673C63,TTSPL6655,1349,RATE_OK
AMAR AMBA FINANCE HIRE PURCHASE PRIVATE LIMITED,255,Amar Amba Finance Hire Purchase Private Limited,name,LOT,CSSS103,TTSPL6080,Dell Latitude 3410,1349,1349,ttspl_other_customer,3391,CSSS103,TTSPL6080,1349,RATE_OK
AMAR AMBA FINANCE HIRE PURCHASE PRIVATE LIMITED,255,Amar Amba Finance Hire Purchase Private Limited,name,LOT,21QM763,TTSPL6669,Dell Latitude 3410,1349,1349,ttspl,2715,21QM763,TTSPL6669,1349,RATE_OK
AMAR AMBA FINANCE HIRE PURCHASE PRIVATE LIMITED,255,Amar Amba Finance Hire Purchase Private Limited,name,LOT,GYRXZF2,TTSPL2863,Dell Latitude E7470,1,1,ttspl,978,GYRXZF2,TTSPL2863,1,RATE_OK
AMAR AMBA FINANCE HIRE PURCHASE PRIVATE LIMITED,255,Amar Amba Finance Hire Purchase Private Limited,name,LOT,5CD204F3YY,TTSPL5329,HP Probook 440 G8,1899,1899,ttspl,2774,5CD204F3YY,TTSPL5329,1899,RATE_OK
AMAR AMBA FINANCE HIRE PURCHASE PRIVATE LIMITED,255,Amar Amba Finance Hire Purchase Private Limited,name,LOT,PC1S0M5L,TTSPL3571,Lenovo Thinkpad X-13,1349,1349,ttspl,3729,PC1S0M5L,TTSPL3571,1349,RATE_OK
AMAR AMBA FINANCE HIRE PURCHASE PRIVATE LIMITED,255,Amar Amba Finance Hire Purchase Private Limited,name,LOT,7SJHDB3,TTSPL3772,Dell Latitude 5410,1349,1349,ttspl,3684,7SJHDB3,TTSPL3772,1349,RATE_OK
SOM PRO FACILITIES INDIA PRIVATE LIMITED,258,SOM PRO FACILITIES INDIA PRIVATE LIMITED,name,LOT,PF2BTT13,TTSPL4448,Lenovo Thinkpad L14,1349,1349,ttspl,3138,PF2BTT13,TTSPL4448,1349,RATE_OK
SOM PRO FACILITIES INDIA PRIVATE LIMITED,258,SOM PRO FACILITIES INDIA PRIVATE LIMITED,name,LOT,7G0BW93,TTSPL6279,Dell Latitude 3410,1349,1349,ttspl,3392,7G0BW93,TTSPL6279,1349,RATE_OK
SOM PRO FACILITIES INDIA PRIVATE LIMITED,258,SOM PRO FACILITIES INDIA PRIVATE LIMITED,name,LOT,J0QM763,TTSPL6551,Dell Latitude 3410,1349,1349,ttspl,2346,J0QM763,TTSPL6551,1349,RATE_OK
SOM PRO FACILITIES INDIA PRIVATE LIMITED,258,SOM PRO FACILITIES INDIA PRIVATE LIMITED,name,LOT,FRSS103,TTSPL6449,Dell Latitude 3410,1349,1349,ttspl,3403,FRSS103,TTSPL6449,1349,RATE_OK
SOM PRO FACILITIES INDIA PRIVATE LIMITED,258,SOM PRO FACILITIES INDIA PRIVATE LIMITED,name,LOT,8P33C63,TTSPL6665,Dell Latitude 3410,1349,1349,ttspl,3474,8P33C63,TTSPL6665,1349,RATE_OK
LEARNINGPAD EDUCATION SOLUTIONS PRIVATE LIMITED,913,LEARNINGPAD EDUCATION SOLUTIONS PRIVATE LIMITED,name,LOT,8GXNBK3,TTSPL4516,Dell Latitude 5420 (Touch Screen),2399,2399,ttspl,375,8GXNBK3,TTSPL4516,2399,RATE_OK
LEARNINGPAD EDUCATION SOLUTIONS PRIVATE LIMITED,913,LEARNINGPAD EDUCATION SOLUTIONS PRIVATE LIMITED,name,LOT,FWQWZH3,TTSPL4754,Dell Latitude 5420,2399,2399,ttspl,899,FWQWZH3,TTSPL4754,2399,RATE_OK
SPNN BUSINESS SERVICES PRIVATE LIMITED,256,SPNN BUSINESS SERVICES PRIVATE LIMITED,name,LOT,PC0YQGWK,TTSPL3593,Lenovo Thinkpad T480s,1550,1550,ttspl,2898,PC0YQGWK,TTSPL3593,1550,RATE_OK
SPNN BUSINESS SERVICES PRIVATE LIMITED,256,SPNN BUSINESS SERVICES PRIVATE LIMITED,name,LOT,PC1XQGQZ,TTSPL5973,Lenovo Thinkpad T14s,1550,1550,ttspl,3337,PC1XQGQZ,TTSPL5973,1550,RATE_OK
SPNN BUSINESS SERVICES PRIVATE LIMITED,256,SPNN BUSINESS SERVICES PRIVATE LIMITED,name,LOT,29RM763,TTSPL6727,Dell Latitude 3410,1550,1550,ttspl,3492,29RM763,TTSPL6727,1550,RATE_OK
SPNN BUSINESS SERVICES PRIVATE LIMITED,256,SPNN BUSINESS SERVICES PRIVATE LIMITED,name,LOT,PC1M8P3T,TTSPL3551,Lenovo Thinkpad X-13,1550,1550,ttspl,3226,PC1M8P3T,TTSPL3551,1550,RATE_OK
SPNN BUSINESS SERVICES PRIVATE LIMITED,256,SPNN BUSINESS SERVICES PRIVATE LIMITED,name,LOT,PF2QZLXD,TTSPL5288,Lenovo Thinkpad T14,1900,2600,ttspl,185,PF2QZLXD,TTSPL5288,1900,RATE_OK
SPNN BUSINESS SERVICES PRIVATE LIMITED,256,SPNN BUSINESS SERVICES PRIVATE LIMITED,name,LOT,PF2416HJ,TTSPL6122,Lenovo Thinkpad T14,1900,2600,ttspl,1853,PF2416HJ,TTSPL6122,1900,RATE_OK
SPNN BUSINESS SERVICES PRIVATE LIMITED,256,SPNN BUSINESS SERVICES PRIVATE LIMITED,name,LOT,6FQD1Z2,TTSPL3214,Dell Latitude 7400 (Touch Screen),1550,1550,ttspl,1297,6FQD1Z2,TTSPL3214,1550,RATE_OK
SPNN BUSINESS SERVICES PRIVATE LIMITED,256,SPNN BUSINESS SERVICES PRIVATE LIMITED,name,LOT,CM8C6S2,TTSPL3514,Dell Latitude 7490,1900,1900,ttspl,1168,CM8C6S2,TTSPL3514,1900,RATE_OK
SPNN BUSINESS SERVICES PRIVATE LIMITED,256,SPNN BUSINESS SERVICES PRIVATE LIMITED,name,LOT,5CG611F,TTSPL3747,Dell Latitude 5490,1550,1550,ttspl,1245,5CG611F,TTSPL3747,1550,RATE_OK
SPNN BUSINESS SERVICES PRIVATE LIMITED,256,SPNN BUSINESS SERVICES PRIVATE LIMITED,name,LOT,JHH6YY2,TTSPL3163,Dell Latitude 7400 (Touch Screen),1550,1550,ttspl,1249,JHH6YY2,TTSPL3163,1550,RATE_OK
SPNN BUSINESS SERVICES PRIVATE LIMITED,256,SPNN BUSINESS SERVICES PRIVATE LIMITED,name,LOT,GRD8N13,TTSPL3201,Dell Latitude 7400 (Touch Screen),1550,1550,ttspl,2946,GRD8N13,TTSPL3201,1550,RATE_OK
SPNN BUSINESS SERVICES PRIVATE LIMITED,256,SPNN BUSINESS SERVICES PRIVATE LIMITED,name,LOT,6H0M1Z2,TTSPL3310,Dell Latitude 7400 (Touch Screen),1900,2600,ttspl,1308,6H0M1Z2,TTSPL3310,1900,RATE_OK
SPNN BUSINESS SERVICES PRIVATE LIMITED,256,SPNN BUSINESS SERVICES PRIVATE LIMITED,name,LOT,5CG9375Q8F,TTSPL3940,HP Elitebook 840 G5,1900,2600,ttspl,1291,5CG9375Q8F,TTSPL3940,1900,RATE_OK
SPNN BUSINESS SERVICES PRIVATE LIMITED,256,SPNN BUSINESS SERVICES PRIVATE LIMITED,name,LOT,1XFPPQ2,TTSPL3752,Dell Latitude 5490,1550,1550,ttspl,8287,1XFPPQ2,TTSPL3752,1550,RATE_OK
SPNN BUSINESS SERVICES PRIVATE LIMITED,256,SPNN BUSINESS SERVICES PRIVATE LIMITED,name,LOT,9640N13,TTSPL3222,Dell Latitude 7400 (Touch Screen),1550,1550,ttspl,3135,9640N13,TTSPL3222,1550,RATE_OK
SPNN BUSINESS SERVICES PRIVATE LIMITED,256,SPNN BUSINESS SERVICES PRIVATE LIMITED,name,LOT,90V1F63,TTSPL3447,Dell Latitude 5310 (TOUCH SCREEN),1550,1550,ttspl,1283,90V1F63,TTSPL3447,1550,RATE_OK
SPNN BUSINESS SERVICES PRIVATE LIMITED,256,SPNN BUSINESS SERVICES PRIVATE LIMITED,name,LOT,56SJ573,TTSPL3999,Dell Latitude 5410,1550,1550,ttspl,1286,56SJ573,TTSPL3999,1550,RATE_OK
SPNN BUSINESS SERVICES PRIVATE LIMITED,256,SPNN BUSINESS SERVICES PRIVATE LIMITED,name,LOT,36B0M73,TTSPL4003,Dell Latitude 5410,1550,1550,ttspl,1289,8K72893,TTSPL4003,1550,RATE_OK
SPNN BUSINESS SERVICES PRIVATE LIMITED,256,SPNN BUSINESS SERVICES PRIVATE LIMITED,name,LOT,PC1NVAXL,TTSPL3550,Lenovo Thinkpad X-13,1550,1550,ttspl,1294,PC1NVAXL,TTSPL3550,1550,RATE_OK
SPNN BUSINESS SERVICES PRIVATE LIMITED,256,SPNN BUSINESS SERVICES PRIVATE LIMITED,name,LOT,PF2DAH41,TTSPL4369,Lenovo Thinkpad L14 (Gen1),1550,1550,ttspl,851,PF2DAH41,TTSPL4369,1550,RATE_OK
SPNN BUSINESS SERVICES PRIVATE LIMITED,256,SPNN BUSINESS SERVICES PRIVATE LIMITED,name,LOT,5M1N7D3,TTSPL4245,Dell Latitude 5410,1550,1550,ttspl,277,5M1N7D3,TTSPL4245,1550,RATE_OK
SPNN BUSINESS SERVICES PRIVATE LIMITED,256,SPNN BUSINESS SERVICES PRIVATE LIMITED,name,LOT,G3GF0B3,TTSPL3434,Dell Latitude 5310 (TOUCH SCREEN),1550,1550,ttspl,963,G3GF0B3,TTSPL3434,1550,RATE_OK
SPNN BUSINESS SERVICES PRIVATE LIMITED,256,SPNN BUSINESS SERVICES PRIVATE LIMITED,name,LOT,PC1M8P2R,TTSPL3540,Lenovo Thinkpad X-13,1550,1550,ttspl,960,PC1M8P2R,TTSPL3540,1550,RATE_OK
SPNN BUSINESS SERVICES PRIVATE LIMITED,256,SPNN BUSINESS SERVICES PRIVATE LIMITED,name,LOT,PF254P79,TTSPL6906,Lenovo Thinkpad T14,1550,1550,ttspl,3251,PF254P79,TTSPL6906,1550,RATE_OK
SPNN BUSINESS SERVICES PRIVATE LIMITED,256,SPNN BUSINESS SERVICES PRIVATE LIMITED,name,LOT,DXR6DB3,TTSPL4000,Dell Latitude 5410,1550,1550,ttspl,1287,DXR6DB3,TTSPL4000,1550,RATE_OK
SPNN BUSINESS SERVICES PRIVATE LIMITED,256,SPNN BUSINESS SERVICES PRIVATE LIMITED,name,LOT,PF2AMEC1,TTSPL4577,Lenovo Thinkpad L14,1550,1550,ttspl,379,PF2AMEC1,TTSPL4577,1550,RATE_OK
SPNN BUSINESS SERVICES PRIVATE LIMITED,256,SPNN BUSINESS SERVICES PRIVATE LIMITED,name,LOT,5043C63,TTSPL6458,Dell Latitude 3410,1550,1550,ttspl,2365,5043C63,TTSPL6458,1550,RATE_OK
SPNN BUSINESS SERVICES PRIVATE LIMITED,256,SPNN BUSINESS SERVICES PRIVATE LIMITED,name,LOT,BG6BC63,TTSPL6466,Dell Latitude 3410,1550,1550,ttspl,2368,BG6BC63,TTSPL6466,1550,RATE_OK
SPNN BUSINESS SERVICES PRIVATE LIMITED,256,SPNN BUSINESS SERVICES PRIVATE LIMITED,name,LOT,DYQD463,TTSPL5646,Dell Latitude 3410,1550,1550,ttspl,2634,DYQD463,TTSPL5646,1550,RATE_OK
SPNN BUSINESS SERVICES PRIVATE LIMITED,256,SPNN BUSINESS SERVICES PRIVATE LIMITED,name,LOT,CD63C63,TTSPL5686,Dell Latitude 3410,1550,1550,ttspl,2352,CD63C63,TTSPL5686,1550,RATE_OK
SPNN BUSINESS SERVICES PRIVATE LIMITED,256,SPNN BUSINESS SERVICES PRIVATE LIMITED,name,LOT,431BW93,TTSPL6270,Dell Latitude 3410,1550,1550,ttspl,2363,431BW93,TTSPL6270,1550,RATE_OK
SPNN BUSINESS SERVICES PRIVATE LIMITED,256,SPNN BUSINESS SERVICES PRIVATE LIMITED,name,LOT,PC1M3KCY,TTSPL3536,Lenovo Thinkpad X-13,1550,1550,ttspl,937,PC1M3KCY,TTSPL3536,1550,RATE_OK
SPNN BUSINESS SERVICES PRIVATE LIMITED,256,SPNN BUSINESS SERVICES PRIVATE LIMITED,name,LOT,D64NYY2,TTSPL3244,Dell Latitude 7400 (Touch Screen),1900,2600,ttspl,933,D64NYY2,TTSPL3244,1900,RATE_OK
SPNN BUSINESS SERVICES PRIVATE LIMITED,256,SPNN BUSINESS SERVICES PRIVATE LIMITED,name,LOT,11P5V93,TTSPL6489,Dell Latitude 3410,1550,1550,ttspl,3423,11P5V93,TTSPL6489,1550,RATE_OK
SPNN BUSINESS SERVICES PRIVATE LIMITED,256,SPNN BUSINESS SERVICES PRIVATE LIMITED,name,LOT,CJP1T93,TTSPL6469,Dell Latitude 3410,1550,1550,ttspl,2700,CJP1T93,TTSPL6469,1550,RATE_OK
SPNN BUSINESS SERVICES PRIVATE LIMITED,256,SPNN BUSINESS SERVICES PRIVATE LIMITED,name,LOT,PF1T2HDS,TTSPL5292,Lenovo Thinkpad T14,1550,1550,ttspl,1267,PF1T2HDS,TTSPL5292,1550,RATE_OK
SPNN BUSINESS SERVICES PRIVATE LIMITED,256,SPNN BUSINESS SERVICES PRIVATE LIMITED,name,LOT,HWR1F63,TTSPL3417,Dell Latitude 5310 (TOUCH SCREEN),1550,1550,ttspl,3229,HWR1F63,TTSPL3417,1550,RATE_OK
SPNN BUSINESS SERVICES PRIVATE LIMITED,256,SPNN BUSINESS SERVICES PRIVATE LIMITED,name,LOT,5CG0377SK3,TTSPL3093,HP X360 1040 G6,1550,1550,ttspl,2186,5CG0377SK3,TTSPL3093,1550,RATE_OK
SPNN BUSINESS SERVICES PRIVATE LIMITED,256,SPNN BUSINESS SERVICES PRIVATE LIMITED,name,LOT,1MX79Y2,TTSPL3088,Dell Latitude 7400 (Touch Screen),1550,1550,ttspl,1250,1MX79Y2,TTSPL3088,1550,RATE_OK
SPNN BUSINESS SERVICES PRIVATE LIMITED,256,SPNN BUSINESS SERVICES PRIVATE LIMITED,name,LOT,1PWV5S2,TTSPL2096,Dell Latitude E5490,1550,1550,ttspl,2953,1PWV5S2,TTSPL2096,1550,RATE_OK
SPNN BUSINESS SERVICES PRIVATE LIMITED,256,SPNN BUSINESS SERVICES PRIVATE LIMITED,name,LOT,GT0VL63,TTSPL3004,Dell Latitude 5410,1550,1550,ttspl,934,GT0VL63,TTSPL3004,1550,RATE_OK
SPNN BUSINESS SERVICES PRIVATE LIMITED,256,SPNN BUSINESS SERVICES PRIVATE LIMITED,name,LOT,B2J0503,TTSPL6667,Dell Latitude 3410,1550,1550,ttspl,3520,B2J0503,TTSPL6667,1550,RATE_OK
SPNN BUSINESS SERVICES PRIVATE LIMITED,256,SPNN BUSINESS SERVICES PRIVATE LIMITED,name,LOT,99PSVZ2,TTSPL7140,Dell Latitude 3400,1550,1550,ttspl,3799,99PSVZ2,TTSPL7140,1550,RATE_OK
SPNN BUSINESS SERVICES PRIVATE LIMITED,256,SPNN BUSINESS SERVICES PRIVATE LIMITED,name,LOT,8Y13M13,TTSPL3242,Dell Latitude 7400 (Touch Screen),1550,1550,ttspl,1316,8Y13M13,TTSPL3242,1550,RATE_OK
SPNN BUSINESS SERVICES PRIVATE LIMITED,256,SPNN BUSINESS SERVICES PRIVATE LIMITED,name,LOT,JBRM763,TTSPL6533,Dell Latitude 3410,1550,1550,ttspl,3407,JBRM763,TTSPL6533,1550,RATE_OK
SPNN BUSINESS SERVICES PRIVATE LIMITED,256,SPNN BUSINESS SERVICES PRIVATE LIMITED,name,LOT,JFP5V93,TTSPL6472,Dell Latitude 3410,1550,1550,ttspl,3405,JFP5V93,TTSPL6472,1550,RATE_OK
SPNN BUSINESS SERVICES PRIVATE LIMITED,256,SPNN BUSINESS SERVICES PRIVATE LIMITED,name,LOT,PF1SZZ35,TTSPL5158,Lenovo Thinkpad T14,1550,1550,ttspl,1865,PF1SZZ35,TTSPL5158,1550,RATE_OK
SPNN BUSINESS SERVICES PRIVATE LIMITED,256,SPNN BUSINESS SERVICES PRIVATE LIMITED,name,LOT,DMPSVZ2,TTSPL7133,Dell Latitude 3400,1550,1550,ttspl,3792,DMPSVZ2,TTSPL7133,1550,RATE_OK
SPNN BUSINESS SERVICES PRIVATE LIMITED,256,SPNN BUSINESS SERVICES PRIVATE LIMITED,name,LOT,B64VVZ2,TTSPL7147,Dell Latitude 3400,1550,1550,ttspl,3806,B64VVZ2,TTSPL7147,1550,RATE_OK
SPNN BUSINESS SERVICES PRIVATE LIMITED,256,SPNN BUSINESS SERVICES PRIVATE LIMITED,name,LOT,9LLVCB3,TTSPL3011,Dell Latitude 5411,1550,1550,ttspl,732,9LLVCB3,TTSPL3011,1550,RATE_OK
SPNN BUSINESS SERVICES PRIVATE LIMITED,256,SPNN BUSINESS SERVICES PRIVATE LIMITED,name,LOT,CMK9ZY2,TTSPL3247,Dell Latitude 7400 (Touch Screen),1550,1550,ttspl,715,CMK9ZY2,TTSPL3247,1550,RATE_OK
SPNN BUSINESS SERVICES PRIVATE LIMITED,256,SPNN BUSINESS SERVICES PRIVATE LIMITED,name,LOT,2775L13,TTSPL4051,Dell Latitude 5400,1550,1550,ttspl,1298,2775L13,TTSPL4051,1550,RATE_OK
SPNN BUSINESS SERVICES PRIVATE LIMITED,256,SPNN BUSINESS SERVICES PRIVATE LIMITED,name,LOT,27QS103,TTSPL6505,Dell Latitude 3410,1550,1550,ttspl,2584,27QS103,TTSPL6505,1550,RATE_OK
SPNN BUSINESS SERVICES PRIVATE LIMITED,256,SPNN BUSINESS SERVICES PRIVATE LIMITED,name,LOT,1S88D63,TTSPL6230,Dell Latitude 3410,1550,1550,ttspl,2587,1S88D63,TTSPL6230,1550,RATE_OK
SPNN BUSINESS SERVICES PRIVATE LIMITED,256,SPNN BUSINESS SERVICES PRIVATE LIMITED,name,LOT,5ZGVPQ2,TTSPL3767,Dell Latitude 5490,1550,1550,ttspl,3164,5ZGVPQ2,TTSPL3767,1550,RATE_OK
SPNN BUSINESS SERVICES PRIVATE LIMITED,256,SPNN BUSINESS SERVICES PRIVATE LIMITED,name,LOT,7DPSVZ2,TTSPL7290,Dell Latitude 3400,1900,2091.94,ttspl,3788,7DPSVZ2,TTSPL7290,1900,RATE_OK
SPNN BUSINESS SERVICES PRIVATE LIMITED,256,SPNN BUSINESS SERVICES PRIVATE LIMITED,name,LOT,9BRM763,TTSPL6232,Dell Latitude 3410,1550,1550,ttspl,3529,9BRM763,TTSPL6232,1550,RATE_OK
SPNN BUSINESS SERVICES PRIVATE LIMITED,256,SPNN BUSINESS SERVICES PRIVATE LIMITED,name,LOT,J073C63,TTSPL6237,Dell Latitude 3410,1550,1550,ttspl,2362,J073C63,TTSPL6237,1550,RATE_OK
SPNN BUSINESS SERVICES PRIVATE LIMITED,256,SPNN BUSINESS SERVICES PRIVATE LIMITED,name,LOT,1HP5V93,TTSPL6496,Dell Latitude 3410,1550,1550,ttspl,3534,1HP5V93,TTSPL6496,1550,RATE_OK
SPNN BUSINESS SERVICES PRIVATE LIMITED,256,SPNN BUSINESS SERVICES PRIVATE LIMITED,name,LOT,4P63C63/4D63C63,TTSPL6725,Dell Latitude 3410,1550,1550,ttspl,3490,4D63C63,TTSPL6725,1550,RATE_OK
SPNN BUSINESS SERVICES PRIVATE LIMITED,256,SPNN BUSINESS SERVICES PRIVATE LIMITED,name,LOT,DXR1T93,TTSPL6221,Dell Latitude 3410,1550,1550,ttspl,2416,DXR1T93,TTSPL6221,1550,RATE_OK
SPNN BUSINESS SERVICES PRIVATE LIMITED,256,SPNN BUSINESS SERVICES PRIVATE LIMITED,name,LOT,CPN6V93,TTSPL6492,Dell Latitude 3410,1550,1550,ttspl,2419,CPN6V93,TTSPL6492,1550,RATE_OK
SPNN BUSINESS SERVICES PRIVATE LIMITED,256,SPNN BUSINESS SERVICES PRIVATE LIMITED,name,LOT,1ZP1T93,TTSPL6070,Dell Latitude 3410,1550,1550,ttspl,3464,1ZP1T93,TTSPL6070,1550,RATE_OK
SPNN BUSINESS SERVICES PRIVATE LIMITED,256,SPNN BUSINESS SERVICES PRIVATE LIMITED,name,LOT,G4GG463,TTSPL6287,Dell Latitude 3410,1550,1550,ttspl,2705,G4GG463,TTSPL6287,1550,RATE_OK
SPNN BUSINESS SERVICES PRIVATE LIMITED,256,SPNN BUSINESS SERVICES PRIVATE LIMITED,name,LOT,3MT1F63,TTSPL4188,Dell Latitude 5310,1550,1550,ttspl,498,3MT1F63,TTSPL4188,1550,RATE_OK
SPNN BUSINESS SERVICES PRIVATE LIMITED,256,SPNN BUSINESS SERVICES PRIVATE LIMITED,name,LOT,6JP1T93,TTSPL6539,Dell Latitude 3410,1550,1550,ttspl,2379,6JP1T93,TTSPL6539,1550,RATE_OK
SPNN BUSINESS SERVICES PRIVATE LIMITED,256,SPNN BUSINESS SERVICES PRIVATE LIMITED,name,LOT,PC112MD8,TTSPL3592,Lenovo Thinkpad T480s,1550,1550,ttspl,3071,PC112MD8,TTSPL3592,1550,RATE_OK
SPNN BUSINESS SERVICES PRIVATE LIMITED,256,SPNN BUSINESS SERVICES PRIVATE LIMITED,name,LOT,2PYYJG3,TTSPL6628,Dell Latitude 3420,1900,1900,ttspl,2749,2PYYJG3,TTSPL6628,1900,RATE_OK
SPNN BUSINESS SERVICES PRIVATE LIMITED,256,SPNN BUSINESS SERVICES PRIVATE LIMITED,name,LOT,G4RCN73,TTSPL4234,Dell Latitude 5410,2799,2799,ttspl,1299,G4RCN73,TTSPL4234,2799,RATE_OK
SPNN BUSINESS SERVICES PRIVATE LIMITED,256,SPNN BUSINESS SERVICES PRIVATE LIMITED,name,LOT,PF25LNWK,TTSPL4419,Lenovo Thinkpad T490,2799,2799,ttspl,215,PF25LNWK,TTSPL4419,2799,RATE_OK
SPNN BUSINESS SERVICES PRIVATE LIMITED,256,SPNN BUSINESS SERVICES PRIVATE LIMITED,name,LOT,PC1M8P34,TTSPL3573,Lenovo Thinkpad X-13,1900,3493.55,ttspl,3734,PC1M8P34,TTSPL3573,1900,RATE_OK
SPNN BUSINESS SERVICES PRIVATE LIMITED,256,SPNN BUSINESS SERVICES PRIVATE LIMITED,name,LOT,R913GZC6,TTSPL7234,Lenovo Thinkpad L13,1900,3493.55,ttspl,3893,R913GZC6,TTSPL7234,1900,RATE_OK
SPNN BUSINESS SERVICES PRIVATE LIMITED,256,SPNN BUSINESS SERVICES PRIVATE LIMITED,name,LOT,R913EBL7,TTSPL7172,Lenovo Thinkpad L13,1900,3493.55,ttspl,3831,R913EBL7,TTSPL7172,1900,RATE_OK
SPNN BUSINESS SERVICES PRIVATE LIMITED,256,SPNN BUSINESS SERVICES PRIVATE LIMITED,name,LOT,5373C63,TTSPL6465,Dell Latitude 3410,1900,3493.55,ttspl,2367,5373C63,TTSPL6465,1900,RATE_OK
SPNN BUSINESS SERVICES PRIVATE LIMITED,256,SPNN BUSINESS SERVICES PRIVATE LIMITED,name,LOT,8MVVZ2,TTSPL7115,Dell Latitude 3400,1550,2850,ttspl,3774,8M2VVZ2,TTSPL7115,1550,RATE_OK
SPNN BUSINESS SERVICES PRIVATE LIMITED,256,SPNN BUSINESS SERVICES PRIVATE LIMITED,name,LOT,CNKCST2,TTSPL3744,Dell Latitude 5490,1550,2850,ttspl,1275,CNKCST2,TTSPL3744,1550,RATE_OK
SPNN BUSINESS SERVICES PRIVATE LIMITED,256,SPNN BUSINESS SERVICES PRIVATE LIMITED,name,LOT,5DQM763,TTSPL6656,Dell Latitude 3410,1550,2850,ttspl,3642,5DQM763,TTSPL6656,1550,RATE_OK
SPNN BUSINESS SERVICES PRIVATE LIMITED,256,SPNN BUSINESS SERVICES PRIVATE LIMITED,name,LOT,C077YZ2,TTSPL7123,Dell Latitude 3400,1550,2150,ttspl,3782,C077YZ2,TTSPL7123,1550,RATE_OK
SPNN BUSINESS SERVICES PRIVATE LIMITED,256,SPNN BUSINESS SERVICES PRIVATE LIMITED,name,LOT,J05J6G3,TTSPL7451,Dell Latitude 5420,1700,2193.55,ttspl,8215,J05J6G3,TTSPL7451,1700,RATE_OK
SPNN BUSINESS SERVICES PRIVATE LIMITED,256,SPNN BUSINESS SERVICES PRIVATE LIMITED,name,LOT,4K2H2R2,TTSPL3946,Dell Latitude 7490 (Touch screen),1550,2150,ttspl,1241,4K2H2R2,TTSPL3946,1550,RATE_OK
SPNN BUSINESS SERVICES PRIVATE LIMITED,256,SPNN BUSINESS SERVICES PRIVATE LIMITED,name,LOT,250QZ33,TTSPL7502,Dell Latitude 5420,1700,2193.55,ttspl,8270,250QZ33,TTSPL7502,1700,RATE_OK
SPNN BUSINESS SERVICES PRIVATE LIMITED,256,SPNN BUSINESS SERVICES PRIVATE LIMITED,name,LOT,6RNRZ33,TTSPL7508,Dell Latitude 5420,1700,2193.55,ttspl,8276,6RNRZ33,TTSPL7508,1700,RATE_OK
SPNN BUSINESS SERVICES PRIVATE LIMITED,256,SPNN BUSINESS SERVICES PRIVATE LIMITED,name,LOT,3X7F4D3,TTSPL7516,Dell Latitude 5420,1700,1974.19,ttspl,8432,3X7F4D3,TTSPL7516,1700,RATE_OK
SPNN BUSINESS SERVICES PRIVATE LIMITED,256,SPNN BUSINESS SERVICES PRIVATE LIMITED,name,LOT,B6HZ0F3,TTSPL7520,Dell Latitude 5420,1700,1974.19,ttspl,8436,B6HZ0F3,TTSPL7520,1700,RATE_OK
CIPHERBEAT LLP,259,CIPHERBEAT LLP,name,LOT,PF2E1FAZ,TTSPL3706,Lenovo Thinkpad L14,1699,1699,ttspl,3537,PF2E1FAZ,TTSPL3706,1699,RATE_OK
SHINENPRIME HEALTHCARE PRIVATE LIMITED,261,SHINENPRIME HEALTHCARE PRIVATE LIMITED,name,LOT,J1QWSQ2,TTSPL2011,Dell Latitude 5490,999,999,ttspl,3099,J1QWSQ2,TTSPL2011,999,RATE_OK
SHINENPRIME HEALTHCARE PRIVATE LIMITED,261,SHINENPRIME HEALTHCARE PRIVATE LIMITED,name,LOT,90TBQH2,1527/TTSPL1055,Dell Latitude E7480,999,999,serial,3148,90TBQH2,TTSPL1055,999,RATE_OK
SHINENPRIME HEALTHCARE PRIVATE LIMITED,261,SHINENPRIME HEALTHCARE PRIVATE LIMITED,name,LOT,PC1FBAD0,TTSPL5251,Lenovo Thinkpad T490s,999,999,ttspl,1772,PC1FBAD0,TTSPL5251,999,RATE_OK
SHINENPRIME HEALTHCARE PRIVATE LIMITED,261,SHINENPRIME HEALTHCARE PRIVATE LIMITED,name,LOT,5GLZP13,TTSPL6671-A,Dell Latitude 5400,999,999,serial_other_customer,2447,5GLZP13,TTSPL6672,1200,RATE_MISMATCH
SHINENPRIME HEALTHCARE PRIVATE LIMITED,261,SHINENPRIME HEALTHCARE PRIVATE LIMITED,name,LOT,3T2FL13,TTSPL6676-A,Dell Latitude 5400,999,999,UNMATCHED,,,,,NOT_IN_CRM_ACTIVE
SHINENPRIME HEALTHCARE PRIVATE LIMITED,261,SHINENPRIME HEALTHCARE PRIVATE LIMITED,name,LOT,4B5X0X2,TTSPL2722,Dell Latitude 5490,999,999,ttspl,3115,4B5X0X2,TTSPL2722,999,RATE_OK
SHINENPRIME HEALTHCARE PRIVATE LIMITED,261,SHINENPRIME HEALTHCARE PRIVATE LIMITED,name,LOT,9X5BZW2,TTSPL2783,Dell Latitude 5490,999,999,ttspl,3147,9X5BZW2,TTSPL2783,999,RATE_OK
SHINENPRIME HEALTHCARE PRIVATE LIMITED,261,SHINENPRIME HEALTHCARE PRIVATE LIMITED,name,LOT,PC162454,TTSPL4931,Lenovo Thinkpad T480s,999,999,ttspl,93,PC162454,TTSPL4931,999,RATE_OK
SHINENPRIME HEALTHCARE PRIVATE LIMITED,261,SHINENPRIME HEALTHCARE PRIVATE LIMITED,name,LOT,DYLFPQ2,TTSPL3651,Dell Latitude 7490,999,999,ttspl,489,DYLFPQ2,TTSPL3651,999,RATE_OK
SHINENPRIME HEALTHCARE PRIVATE LIMITED,261,SHINENPRIME HEALTHCARE PRIVATE LIMITED,name,LOT,2Q148S2,TTSPL2947,Dell Latitude 7490,999,999,ttspl,3730,2Q148S2,TTSPL2947,999,RATE_OK
SHINENPRIME HEALTHCARE PRIVATE LIMITED,261,SHINENPRIME HEALTHCARE PRIVATE LIMITED,name,LOT,PF22825G,TTSPL3127,Lenovo Thinkpad T490 (Touchscreen),999,999,ttspl,763,PF22825G,TTSPL3127,999,RATE_OK
SHINENPRIME HEALTHCARE PRIVATE LIMITED,261,SHINENPRIME HEALTHCARE PRIVATE LIMITED,name,LOT,6Q4WPV2,TTSPL2660,Dell Latitude 5490,999,999,ttspl,1003,6Q4WPV2,TTSPL2660,999,RATE_OK
SHINENPRIME HEALTHCARE PRIVATE LIMITED,261,SHINENPRIME HEALTHCARE PRIVATE LIMITED,name,LOT,61LYNT2,TTSPL5314,Dell Latitude 5300,999,999,ttspl,1792,61LYNT2,TTSPL5314,999,RATE_OK
SHINENPRIME HEALTHCARE PRIVATE LIMITED,261,SHINENPRIME HEALTHCARE PRIVATE LIMITED,name,LOT,PF1CUF6E,TTSPL5213,Lenovo Thinkpad T490,999,999,ttspl,1888,PF1CUF6E,TTSPL5213,999,RATE_OK
SHINENPRIME HEALTHCARE PRIVATE LIMITED,261,SHINENPRIME HEALTHCARE PRIVATE LIMITED,name,LOT,3GQYVZ2,TTSPL5440,Dell Latitude 3400,999,999,ttspl,99,3GQYVZ2,TTSPL5440,999,RATE_OK
SHINENPRIME HEALTHCARE PRIVATE LIMITED,261,SHINENPRIME HEALTHCARE PRIVATE LIMITED,name,LOT,5CG0278L17,TTSPL7394,HP PROBOOK 640 G5,1200,1741.94,ttspl,8158,5CG0278L17,TTSPL7394,1200,RATE_OK
SHINENPRIME HEALTHCARE PRIVATE LIMITED,261,SHINENPRIME HEALTHCARE PRIVATE LIMITED,name,LOT,5CG0278D74,TTSPL7395,HP PROBOOK 640 G5,1200,1741.94,ttspl,8159,5CG0278D74,TTSPL7395,1200,RATE_OK
SHINENPRIME HEALTHCARE PRIVATE LIMITED,261,SHINENPRIME HEALTHCARE PRIVATE LIMITED,name,LOT,5CG0274NGY,TTSPL7477,HP PROBOOK 640 G5,1200,1741.94,ttspl,8241,5CG0274NGY,TTSPL7477,1200,RATE_OK
SHINENPRIME HEALTHCARE PRIVATE LIMITED,261,SHINENPRIME HEALTHCARE PRIVATE LIMITED,name,LOT,5CG0278HSL,TTSPL7480,HP PROBOOK 640 G5,1200,1741.94,ttspl,8244,5CG0278HSL,TTSPL7480,1200,RATE_OK
Khushi Housing Solutions Private Limited,263,Khushi Housing Solutions Private Limited,name,LOT,C4P6XWRD6H,TTSPL5454,Apple Macbook Pro,8999,8999,ttspl,2204,C4P6XWRD6H,TTSPL5454,8999,RATE_OK
MAX LT TECHNOLOGIES LLP,921,Max LT Technologies,name,LOT,PC1S0L7J,TTSPL3576,Lenovo Thinkpad X-13,1999,1999,ttspl,3227,PC1S0L7J,TTSPL3576,1999,RATE_OK
4 PROSPER TECHNOLOGIES PRIVATE LIMITED,265,4 PROSPER TECHNOLOGIES PRIVATE LIMITED,name,LOT,D6SM763,TTSPL6082,Dell Latitude 3410,1799,1799,ttspl,3414,D6SM763,TTSPL6082,1799,RATE_OK
4 PROSPER TECHNOLOGIES PRIVATE LIMITED,265,4 PROSPER TECHNOLOGIES PRIVATE LIMITED,name,LOT,PF1BXD3B,TTSPL6915,Lenovo Thinkpad T14,1799,1799,ttspl,3259,PF1BXD3B,TTSPL6915,1799,RATE_OK
4 PROSPER TECHNOLOGIES PRIVATE LIMITED,265,4 PROSPER TECHNOLOGIES PRIVATE LIMITED,name,LOT,PF2ALHNP,TTSPL4444,Lenovo Thinkpad L14,1799,1799,ttspl,832,PF2ALHNP,TTSPL4444,1799,RATE_OK
4 PROSPER TECHNOLOGIES PRIVATE LIMITED,265,4 PROSPER TECHNOLOGIES PRIVATE LIMITED,name,LOT,7TQP3X2,TTSPL2139,Dell Latitude E5490,1400,1400,ttspl,2254,7TQP3X2,TTSPL2139,1400,RATE_OK
4 PROSPER TECHNOLOGIES PRIVATE LIMITED,265,4 PROSPER TECHNOLOGIES PRIVATE LIMITED,name,LOT,PC162475,TTSPL4927,Lenovo Thinkpad T480s,1400,1400,ttspl,1566,PC162475,TTSPL4927,1400,RATE_OK
4 PROSPER TECHNOLOGIES PRIVATE LIMITED,265,4 PROSPER TECHNOLOGIES PRIVATE LIMITED,name,LOT,84NBQH2,TTSPL1039,Dell Latitude E7480,1400,1400,ttspl,1793,84NBQH2,TTSPL1039,1400,RATE_OK
4 PROSPER TECHNOLOGIES PRIVATE LIMITED,265,4 PROSPER TECHNOLOGIES PRIVATE LIMITED,name,LOT,PC1FBABY,TTSPL4947,Lenovo Thinkpad T490s,1400,1400,ttspl,1890,PC1FBABY,TTSPL4947,1400,RATE_OK
4 PROSPER TECHNOLOGIES PRIVATE LIMITED,265,4 PROSPER TECHNOLOGIES PRIVATE LIMITED,name,LOT,9Q5SWZ2,TTSPL5379,Dell Latitude 3400,1400,1400,ttspl,2771,9Q5SWZ2,TTSPL5379,1400,RATE_OK
4 PROSPER TECHNOLOGIES PRIVATE LIMITED,265,4 PROSPER TECHNOLOGIES PRIVATE LIMITED,name,LOT,HND58S2,TTSPL3665,Dell Latitude 7490,1400,1400,ttspl,928,HND58S2,TTSPL3665,1400,RATE_OK
4 PROSPER TECHNOLOGIES PRIVATE LIMITED,265,4 PROSPER TECHNOLOGIES PRIVATE LIMITED,name,LOT,2TK02206XW,TTSPL3556,HP PROBOOK 640 G5,1400,1400,ttspl,3162,2TK02206XW,TTSPL3556,1400,RATE_OK
4 PROSPER TECHNOLOGIES PRIVATE LIMITED,265,4 PROSPER TECHNOLOGIES PRIVATE LIMITED,name,LOT,J9X7JW2,TTSPL5437,Dell Latitude 3400,1400,1400,ttspl,2818,J9X7JW2,TTSPL5437,1400,RATE_OK
4 PROSPER TECHNOLOGIES PRIVATE LIMITED,265,4 PROSPER TECHNOLOGIES PRIVATE LIMITED,name,LOT,PC1DFHGB,TTSPL4955,Lenovo Thinkpad T490s,1400,1400,ttspl,506,PC1DFHGB,TTSPL4955,1400,RATE_OK
4 PROSPER TECHNOLOGIES PRIVATE LIMITED,265,4 PROSPER TECHNOLOGIES PRIVATE LIMITED,name,LOT,576X7S2,TTSPL3650,Dell Latitude 7490,1400,1400,ttspl,485,576X7S2,TTSPL3650,1400,RATE_OK
4 PROSPER TECHNOLOGIES PRIVATE LIMITED,265,4 PROSPER TECHNOLOGIES PRIVATE LIMITED,name,LOT,2DRHWZ2,TTSPL5483,Dell Latitude 3400,1400,1400,ttspl,3549,2DRHWZ2,TTSPL5483,1400,RATE_OK
4 PROSPER TECHNOLOGIES PRIVATE LIMITED,265,4 PROSPER TECHNOLOGIES PRIVATE LIMITED,name,LOT,5CG92506LL,TTSPL3677,HP Elitebook 840 G6,1400,1400,ttspl,1018,5CG92506LL,TTSPL3677,1400,RATE_OK
4 PROSPER TECHNOLOGIES PRIVATE LIMITED,265,4 PROSPER TECHNOLOGIES PRIVATE LIMITED,name,LOT,PC1GXHYD,TTSPL4912,Lenovo Thinkpad T490s,1400,1400,ttspl,952,PC1GXHYD,TTSPL4912,1400,RATE_OK
4 PROSPER TECHNOLOGIES PRIVATE LIMITED,265,4 PROSPER TECHNOLOGIES PRIVATE LIMITED,name,LOT,16QBVN2,TTSPL3644,Dell Latitude 7490,1400,1400,ttspl,108,16QBVN2,TTSPL3644,1400,RATE_OK
4 PROSPER TECHNOLOGIES PRIVATE LIMITED,265,4 PROSPER TECHNOLOGIES PRIVATE LIMITED,name,LOT,9PCSN73,TTSPL5665,Dell Latitude 5400,1400,1400,ttspl,2322,9PCSN73,TTSPL5665,1400,RATE_OK
4 PROSPER TECHNOLOGIES PRIVATE LIMITED,265,4 PROSPER TECHNOLOGIES PRIVATE LIMITED,name,LOT,2YM26Q2,TTSPL3669,Dell Latitude 7490,1400,1400,ttspl,939,2YM26Q2,TTSPL3669,1400,RATE_OK
4 PROSPER TECHNOLOGIES PRIVATE LIMITED,265,4 PROSPER TECHNOLOGIES PRIVATE LIMITED,name,LOT,GM12MQ2,TTSPL3931,Dell Latitude 7490,1400,1400,ttspl,2166,GM12MQ2,TTSPL3931,1400,RATE_OK
4 PROSPER TECHNOLOGIES PRIVATE LIMITED,265,4 PROSPER TECHNOLOGIES PRIVATE LIMITED,name,LOT,88MLVT2,TTSPL3070,Dell Latitude 7490,1400,1400,ttspl,2047,88MLVT2,TTSPL3070,1400,RATE_OK
4 PROSPER TECHNOLOGIES PRIVATE LIMITED,265,4 PROSPER TECHNOLOGIES PRIVATE LIMITED,name,LOT,5ZHP8S2,TTSPL3396,Dell Latitude 7490,1400,1400,ttspl,2177,5ZHP8S2,TTSPL3396,1400,RATE_OK
4 PROSPER TECHNOLOGIES PRIVATE LIMITED,265,4 PROSPER TECHNOLOGIES PRIVATE LIMITED,name,LOT,8CM88Y2,TTSPL3399,Dell Latitude 7490,1400,1400,ttspl,2225,8CM88Y2,TTSPL3399,1400,RATE_OK
SAAN GLOBAL LIMITED,271,SAAN GLOBAL LIMITED,name,LOT,CND12350V7,TTSPL4044,HP Elitebook 1040 G8,2899,2899,ttspl,449,CND12350V7,TTSPL4044,2899,RATE_OK
SAAN GLOBAL LIMITED,271,SAAN GLOBAL LIMITED,name,LOT,5CG1404STT,TTSPL6867,HP Elitebook 840 G8,2899,2899,ttspl,1503,5CG1404STT,TTSPL6867,2899,RATE_OK
SAAN GLOBAL LIMITED,271,SAAN GLOBAL LIMITED,name,LOT,2QDF2F3,TTSPL4646,Dell Latitude 5420 (Touch Screen),2899,2899,ttspl,58,2QDF2F3,TTSPL4646,2899,RATE_OK
SAAN GLOBAL LIMITED,271,SAAN GLOBAL LIMITED,name,LOT,CTX56G3,TTSPL6968,Dell Latitude 7420,2899,2899,ttspl,3575,CTX56G3,TTSPL6968,2899,RATE_OK
SAAN GLOBAL LIMITED,271,SAAN GLOBAL LIMITED,name,LOT,89QZ1J3,TTSPL3714,Dell Latitude 5420,2899,2899,ttspl,43,89QZ1J3,TTSPL3714,2899,RATE_OK
SAAN GLOBAL LIMITED,271,SAAN GLOBAL LIMITED,name,LOT,9R8F0J3,TTSPL4517,Dell Latitude 5420 (Touch Screen),2899,2899,ttspl,53,9R8F0J3,TTSPL4517,2899,RATE_OK
SAAN GLOBAL LIMITED,271,SAAN GLOBAL LIMITED,name,LOT,5M0YZH3,TTSPL4779,Dell Latitude 5420,2899,2992.52,ttspl,1629,5M0YZH3,TTSPL4779,2899,RATE_OK
SAAN GLOBAL LIMITED,271,SAAN GLOBAL LIMITED,name,LOT,H9R60J3,TTSPL4807,Dell Latitude 5420,2899,2992.52,ttspl,1393,H9R60J3,TTSPL4807,2899,RATE_OK
United precision Cast,273,United precision Cast,name,LOT,9T7X503,TTSPL5658,Dell Latitude 3410,1700,1700,ttspl,3768,9T7X503,TTSPL5658,1700,RATE_OK
Vaatun Technologies Private Limited,274,Vaatun Technologies Private Limited,name,LOT,HYWM3J3,TTSPL3466,Dell Latitude 5420,3500,3500,ttspl,1476,HYWM3J3,TTSPL3466,3500,RATE_OK
Sturmfrei Hospitality Pvt. Ltd,281,Sturmfrei Hospitality Pvt. Ltd,name,LOT,R913GZ80,TTSPL7244,Lenovo Thinkpad L13,1999,1999,ttspl,3903,R913GZ80,TTSPL7244,1999,RATE_OK
Sturmfrei Hospitality Pvt. Ltd,281,Sturmfrei Hospitality Pvt. Ltd,name,LOT,R913GZ7A,TTSPL7169,Lenovo Thinkpad L13,1999,1999,ttspl,3828,R913GZ7A,TTSPL7169,1999,RATE_OK
Sturmfrei Hospitality Pvt. Ltd,281,Sturmfrei Hospitality Pvt. Ltd,name,LOT,R913GZ9K,TTSPL7229,Lenovo Thinkpad L13,1999,1999,ttspl,3888,R913GZ9K,TTSPL7229,1999,RATE_OK
Sturmfrei Hospitality Pvt. Ltd,281,Sturmfrei Hospitality Pvt. Ltd,name,LOT,H4NXZH3,TTSPL4785,Dell Latitude 5420,2999,2999,ttspl,1386,H4NXZH3,TTSPL4785,2999,RATE_OK
Sturmfrei Hospitality Pvt. Ltd,281,Sturmfrei Hospitality Pvt. Ltd,name,LOT,NO S/N,TTSPL5845,Assemble,7499,7499,ttspl,3073,NO S/N-erp3073,TTSPL5845,7499,RATE_OK
scaleglobal,280,scaleglobal,name,LOT,R913GZ6S,TTSPL7195,Lenovo Thinkpad L13,2200,2200,ttspl_other_customer,3854,R913GZ6S,TTSPL7195,2200,RATE_OK
scaleglobal,280,scaleglobal,name,LOT,R913EBN7,TTSPL7212,Lenovo Thinkpad L13,2200,2200,ttspl_other_customer,3871,R913EBN7,TTSPL7212,2200,RATE_OK
scaleglobal,280,scaleglobal,name,LOT,R913GZ4E,TTSPL7245,Lenovo Thinkpad L13,2200,2200,ttspl_other_customer,3904,R913GZ4E,TTSPL7245,2200,RATE_OK
scaleglobal,280,scaleglobal,name,LOT,R913GZFN,TTSPL7228,Lenovo Thinkpad L13,2200,2200,ttspl_other_customer,3887,R913GZFN,TTSPL7228,2200,RATE_OK
scaleglobal,280,scaleglobal,name,LOT,R914RLRK,TTSPL7188,Lenovo Thinkpad L13,2200,2200,ttspl_other_customer,3847,R914RLRK,TTSPL7188,2200,RATE_OK
scaleglobal,280,scaleglobal,name,LOT,HVRC3F3,TTSPL7514,Dell Latitude 5420,2200,2625.81,ttspl,8430,HVRC3F3,TTSPL7514,1833.33,RATE_MISMATCH
IN KNOW TECH PRIVATE LIMITED,960,IN KNOW TECH PRIVATE LIMITED,name,LOT,PF2R3K6T,TTSPL4338,Lenovo Thinkpad T14,2500,2500,ttspl,1406,PF2R3K6T,TTSPL4338,2500,RATE_OK
Maxlence Digital (OPC) Private Limited,211,Maxlence Digital (OPC) Private Limited,name,LOT,DV4FYD3,TTSPL4614,Dell Latitude 5420 (Touch Screen),2750,2750,ttspl,83,DV4FYD3,TTSPL4614,2750,RATE_OK
Maxlence Digital (OPC) Private Limited,211,Maxlence Digital (OPC) Private Limited,name,LOT,T4NRCX04T941181,TTSPL5642,Asus TUF Gaming A15,7400,8593.55,ttspl,572,T4NRCX04T941181,TTSPL5642,7400,RATE_OK
QUREX HEALTH PRIVATE LIMITED,959,QUREX HEALTH PRIVATE LIMITED,name,LOT,15JBSQ2,TTSPL3933,Dell Latitude 7490,1399,1399,ttspl,2174,15JBSQ2,TTSPL3933,1399,RATE_OK
QUREX HEALTH PRIVATE LIMITED,959,QUREX HEALTH PRIVATE LIMITED,name,LOT,D066QN2,TTSPL3944,Dell Latitude 7490,1399,1399,ttspl,3543,D066QN2,TTSPL3944,1399,RATE_OK
QUREX HEALTH PRIVATE LIMITED,959,QUREX HEALTH PRIVATE LIMITED,name,LOT,4V2FL13,TTSPL5682,Dell Latitude 5400,1399,2075.94,ttspl,2464,4V2FL13,TTSPL5682,1399,RATE_OK
QUREX HEALTH PRIVATE LIMITED,959,QUREX HEALTH PRIVATE LIMITED,name,LOT,40YYZH3,TTSPL7526,Dell Latitude 5420,1999,2579.35,ttspl,8442,40YYZH3,TTSPL7526,1999,RATE_OK
QUREX HEALTH PRIVATE LIMITED,959,QUREX HEALTH PRIVATE LIMITED,name,LOT,3D2CSN2,TTSPL3056,Dell Latitude 7490,1399,1534.39,ttspl,622,3D2CSN2,TTSPL3056,1399,RATE_OK
MANTARAV PRIVATE LIMITED,968,MANTARAV PRIVATE LIMITED,name,LOT,YGQHPGDH64,TTSPL2741,Apple Macbook Pro,5399,5399,ttspl,2086,YGQHPGDH64,TTSPL2741,5399,RATE_OK
Khelo Tech and Strategy Pvt Ltd,969,Khelo Tech and Strategy Pvt Ltd,name,LOT,2TK2460C36,TTSPL7495,HP Elitebook 640 G9,2599,2599,ttspl,8263,2TK2460C36,TTSPL7495,2599,RATE_OK
Khelo Tech and Strategy Pvt Ltd,969,Khelo Tech and Strategy Pvt Ltd,name,LOT,2TK2460D19,TTSPL7378,HP Elitebook 640 G9,2599,2599,ttspl,4088,2TK2460D19,TTSPL7378,2599,RATE_OK
Khelo Tech and Strategy Pvt Ltd,969,Khelo Tech and Strategy Pvt Ltd,name,LOT,3TT22F3,TTSPL7523,Dell Latitude 5420,1799,1799,ttspl,8439,3TT22F3,TTSPL7523,1799,RATE_OK
Khelo Tech and Strategy Pvt Ltd,969,Khelo Tech and Strategy Pvt Ltd,name,LOT,FXKM5M3,TTSPL7533,Dell Latitude 5420,1799,1799,ttspl,8449,FXKM5M3,TTSPL7533,1799,RATE_OK
Khelo Tech and Strategy Pvt Ltd,969,Khelo Tech and Strategy Pvt Ltd,name,LOT,2TK2460BXR,TTSPL7545,HP Elitebook 640 G9,2599,2599,ttspl,8461,2TK2460BXR,TTSPL7545,2599,RATE_OK
Khelo Tech and Strategy Pvt Ltd,969,Khelo Tech and Strategy Pvt Ltd,name,LOT,2TK2500DB6,TTSPL7546,HP Elitebook 640 G9,2599,2599,ttspl,8462,2TK2500DB6,TTSPL7546,2599,RATE_OK
Khelo Tech and Strategy Pvt Ltd,969,Khelo Tech and Strategy Pvt Ltd,name,LOT,2TK250084V,TTSPL7547,HP Elitebook 640 G9,2599,2599,ttspl,8463,2TK250084V,TTSPL7547,2599,RATE_OK
Khelo Tech and Strategy Pvt Ltd,969,Khelo Tech and Strategy Pvt Ltd,name,LOT,2TK24908FZ,TTSPL7548,HP Elitebook 640 G9,2599,2599,ttspl,8464,2TK24908FZ,TTSPL7548,2599,RATE_OK
CoreOps.AI,970, CoreOps.AI,name,LOT,G9YY6YCQHP,TTSPL7512,Apple MacBook Pro,12999,12999,ttspl,8293,G9YY6YCQHP,TTSPL7512,12999,RATE_OK
CoreOps.AI,970, CoreOps.AI,name,LOT,M39MR49J0L,TTSPL7565,Apple Macbook Air,8499,9047.32,ttspl,8732,M39MR49J0L,TTSPL7565,8499,RATE_OK
INNOVA ESI PRIVATE LIMITED,74,INNOVA ESI PRIVATE LIMITED,name,LOT,GWFS2M3,TTSPL7448,Dell Latitude 5420,1,1,UNMATCHED,,,,,NOT_IN_CRM_ACTIVE
(BLANK CLIENT),,,,LOT,,,,,17990,UNMATCHED,,,,,NOT_IN_CRM_ACTIVE
Parts Avatar India Pvt. Ltd.,72,PARTS AVATAR INDIA PRIVATE LIMITED,name,Quatrtly Bill,36CC2X2,TTSPL3268,Dell Latitude 7490,1250,3750,ttspl,2112,36CC2X2,TTSPL3268,1250,RATE_OK
Parts Avatar India Pvt. Ltd.,72,PARTS AVATAR INDIA PRIVATE LIMITED,name,Quatrtly Bill,3RRPBK3,TTSPL4640,Dell Latitude 5420,3000,8129.03,ttspl,166,3RRPBK3,TTSPL4640,3000,RATE_OK
ANTINO LABS PRIVATE LIMITED,120,ANTINO LABS PRIVATE LIMITED,name,Antino,90T9SQ2,TTSPL3631,DELL Latitude 7490,1800,1800,ttspl,392,90T9SQ2,TTSPL3631,1800,RATE_OK
ANTINO LABS PRIVATE LIMITED,120,ANTINO LABS PRIVATE LIMITED,name,Antino,F2PWHR2,TTSPL1920,DELL Latitude 7490,1700,1700,ttspl,2245,F2PWHR2,TTSPL1920,1700,RATE_OK
ANTINO LABS PRIVATE LIMITED,120,ANTINO LABS PRIVATE LIMITED,name,Antino,48C15Q2,TTSPL3625,DELL Latitude 7490,1700,1700,ttspl,393,48C15Q2,TTSPL3625,1700,RATE_OK
ANTINO LABS PRIVATE LIMITED,120,ANTINO LABS PRIVATE LIMITED,name,Antino,PC1NVVAG,TTSPL3553,Lenovo Thinkpad X-13,2590,2590,ttspl,394,PC1NVVAG,TTSPL3553,2590,RATE_OK
ANTINO LABS PRIVATE LIMITED,120,ANTINO LABS PRIVATE LIMITED,name,Antino,8R50PF2,TTSPL2010,Dell Latitude 5490,1700,1700,ttspl,2250,8R50PF2,TTSPL2010,1700,RATE_OK
ANTINO LABS PRIVATE LIMITED,120,ANTINO LABS PRIVATE LIMITED,name,Antino,C5W5NF2,TTSPL2194,Dell Latitude E5490,1700,1700,ttspl,2252,C5W5NF2,TTSPL2194,1700,RATE_OK
ANTINO LABS PRIVATE LIMITED,120,ANTINO LABS PRIVATE LIMITED,name,Antino,PF25PVJW,TTSPL4413,Lenovo Thinkpad T490,1999,1999,ttspl,397,PF25PVJW,TTSPL4413,1999,RATE_OK
ANTINO LABS PRIVATE LIMITED,120,ANTINO LABS PRIVATE LIMITED,name,Antino,PF262ZAD,TTSPL4405,Lenovo Thinkpad T490,1999,1999,ttspl,398,PF262ZAD,TTSPL4405,1999,RATE_OK
ANTINO LABS PRIVATE LIMITED,120,ANTINO LABS PRIVATE LIMITED,name,Antino,PF2BTC44,TTSPL4418,Lenovo Thinkpad T490,1999,1999,ttspl,399,PF2BTC44,TTSPL4418,1999,RATE_OK
ANTINO LABS PRIVATE LIMITED,120,ANTINO LABS PRIVATE LIMITED,name,Antino,PF261TLZ,TTSPL4421,Lenovo Thinkpad T490,1999,1999,ttspl,401,PF261TLZ,TTSPL4421,1999,RATE_OK
ANTINO LABS PRIVATE LIMITED,120,ANTINO LABS PRIVATE LIMITED,name,Antino,PF1W7WHX,TTSPL4422,Lenovo Thinkpad T490,1999,1999,ttspl,402,PF1W7WHX,TTSPL4422,1999,RATE_OK
ANTINO LABS PRIVATE LIMITED,120,ANTINO LABS PRIVATE LIMITED,name,Antino,DY05DB3,TTSPL4482,Dell Latitude 5410 (Touch),1799,1799,ttspl,404,DY05DB3,TTSPL4482,1799,RATE_OK
ANTINO LABS PRIVATE LIMITED,120,ANTINO LABS PRIVATE LIMITED,name,Antino,29ZTZ33,TTSPL4483,Dell Latitude 5410 (Touch),1799,1799,ttspl,405,29ZTZ33,TTSPL4483,1799,RATE_OK
ANTINO LABS PRIVATE LIMITED,120,ANTINO LABS PRIVATE LIMITED,name,Antino,7Z1Y7C3,TTSPL4529,Dell Latitude 5420,1799,1799,ttspl,406,7Z1Y7C3,TTSPL4529,1799,RATE_OK
ANTINO LABS PRIVATE LIMITED,120,ANTINO LABS PRIVATE LIMITED,name,Antino,PG02SKAG,TTSPL5276,Dell Lenovo Thinkpad E14 (Gen 2),1799,1799,ttspl,431,PG02SKAG,TTSPL5276,1799,RATE_OK
ANTINO LABS PRIVATE LIMITED,120,ANTINO LABS PRIVATE LIMITED,name,Antino,BSNC6D3,TTSPL4534,Dell Latitude 5420,1799,1799,ttspl,407,BSNC6D3,TTSPL4534,1799,RATE_OK
ANTINO LABS PRIVATE LIMITED,120,ANTINO LABS PRIVATE LIMITED,name,Antino,HPX86J3,TTSPL4536,Dell Latitude 5420,1799,1799,ttspl,408,HPX86J3,TTSPL4536,1799,RATE_OK
ANTINO LABS PRIVATE LIMITED,120,ANTINO LABS PRIVATE LIMITED,name,Antino,3T5VXD3,TTSPL4547,Dell Latitude 5420,1799,1799,ttspl,409,3T5VXD3,TTSPL4547,1799,RATE_OK
ANTINO LABS PRIVATE LIMITED,120,ANTINO LABS PRIVATE LIMITED,name,Antino,7SZ22F3,TTSPL4533,Dell Latitude 5420,1799,1799,ttspl,410,7SZ22F3,TTSPL4533,1799,RATE_OK
ANTINO LABS PRIVATE LIMITED,120,ANTINO LABS PRIVATE LIMITED,name,Antino,JS1F6D3,TTSPL4541,Dell Latitude 5420,1799,1799,ttspl,411,JS1F6D3,TTSPL4541,1799,RATE_OK
ANTINO LABS PRIVATE LIMITED,120,ANTINO LABS PRIVATE LIMITED,name,Antino,8VFK7C3,TTSPL4544,Dell Latitude 5420,1799,1799,ttspl,412,8VFK7C3,TTSPL4544,1799,RATE_OK
ANTINO LABS PRIVATE LIMITED,120,ANTINO LABS PRIVATE LIMITED,name,Antino,3J0C3F3,TTSPL4559,Dell Latitude 5420,1799,1799,ttspl,413,3J0C3F3,TTSPL4559,1799,RATE_OK
ANTINO LABS PRIVATE LIMITED,120,ANTINO LABS PRIVATE LIMITED,name,Antino,99418C3,TTSPL4566,Dell Latitude 5420,1799,1799,ttspl,414,99418C3,TTSPL4566,1799,RATE_OK
ANTINO LABS PRIVATE LIMITED,120,ANTINO LABS PRIVATE LIMITED,name,Antino,F3V61F3..,TTSPL4487,Dell Latitude 5420,1799,1799,ttspl,415,F3V61F3..,TTSPL4487,1799,RATE_OK
ANTINO LABS PRIVATE LIMITED,120,ANTINO LABS PRIVATE LIMITED,name,Antino,PF32G0WL,TTSPL4679,Lenovo Thinkpad T14 (Touchscreen),1799,1799,ttspl,416,PF32G0WL,TTSPL4679,1799,RATE_OK
ANTINO LABS PRIVATE LIMITED,120,ANTINO LABS PRIVATE LIMITED,name,Antino,PF31AYQK,TTSPL4680,Lenovo Thinkpad T14 (Touchscreen),1799,1799,ttspl,417,PF31AYQK,TTSPL4680,1799,RATE_OK
ANTINO LABS PRIVATE LIMITED,120,ANTINO LABS PRIVATE LIMITED,name,Antino,PF31M1QF,TTSPL4681,Lenovo Thinkpad T14 (Touchscreen),1799,1799,ttspl,418,PF31M1QF,TTSPL4681,1799,RATE_OK
ANTINO LABS PRIVATE LIMITED,120,ANTINO LABS PRIVATE LIMITED,name,Antino,PF3550R7,TTSPL4703,Lenovo Thinkpad T14,1799,1799,ttspl,419,PF3550R7,TTSPL4703,1799,RATE_OK
ANTINO LABS PRIVATE LIMITED,120,ANTINO LABS PRIVATE LIMITED,name,Antino,PF32J3TX,TTSPL4718,Lenovo Thinkpad T14,1799,1799,ttspl,420,PF32J3TX,TTSPL4718,1799,RATE_OK
ANTINO LABS PRIVATE LIMITED,120,ANTINO LABS PRIVATE LIMITED,name,Antino,PF32GQ0N,TTSPL4720,Lenovo Thinkpad T14,1799,1799,ttspl,421,PF32GQ0N,TTSPL4720,1799,RATE_OK
ANTINO LABS PRIVATE LIMITED,120,ANTINO LABS PRIVATE LIMITED,name,Antino,PF32GGMJ,TTSPL4723,Lenovo Thinkpad T14,1799,1799,ttspl,422,PF32GGMJ,TTSPL4723,1799,RATE_OK
ANTINO LABS PRIVATE LIMITED,120,ANTINO LABS PRIVATE LIMITED,name,Antino,PF33ESYC,TTSPL4725,Lenovo Thinkpad T14,1799,1799,ttspl,423,PF33ESYC,TTSPL4725,1799,RATE_OK
ANTINO LABS PRIVATE LIMITED,120,ANTINO LABS PRIVATE LIMITED,name,Antino,6JHY2F3,TTSPL4491,Dell Latitude 5420,1799,1799,ttspl,424,6JHY2F3,TTSPL4491,1799,RATE_OK
ANTINO LABS PRIVATE LIMITED,120,ANTINO LABS PRIVATE LIMITED,name,Antino,PF31NWXH,TTSPL4708,Lenovo Thinkpad T14,1999,1999,ttspl,425,PF31NWXH,TTSPL4708,1999,RATE_OK
ANTINO LABS PRIVATE LIMITED,120,ANTINO LABS PRIVATE LIMITED,name,Antino,54LRXD3,TTSPL4615,Dell Latitude 5420 (Touch Screen),2300,2300,ttspl,426,54LRXD3,TTSPL4615,2300,RATE_OK
ANTINO LABS PRIVATE LIMITED,120,ANTINO LABS PRIVATE LIMITED,name,Antino,H3060J3,TTSPL4747,Dell Latitude 5420,2300,2300,ttspl,427,H3060J3,TTSPL4747,2300,RATE_OK
ANTINO LABS PRIVATE LIMITED,120,ANTINO LABS PRIVATE LIMITED,name,Antino,PF20G752,TTSPL5153,Lenovo Thinkpad T14,1799,1799,ttspl,429,PF20G752,TTSPL5153,1799,RATE_OK
ANTINO LABS PRIVATE LIMITED,120,ANTINO LABS PRIVATE LIMITED,name,Antino,PF2R3CTN,TTSPL4331,Lenovo Thinkpad T14,1999,1999,ttspl,430,PF2R3CTN,TTSPL4331,1999,RATE_OK
ANTINO LABS PRIVATE LIMITED,120,ANTINO LABS PRIVATE LIMITED,name,Antino,4LXR9V3,TTSPL6003,Dell Latitude 5420,1799,1799,ttspl,2353,4LXR9V3,TTSPL6003,1799,RATE_OK
ANTINO LABS PRIVATE LIMITED,120,ANTINO LABS PRIVATE LIMITED,name,Antino,5JRD2B3,TTSPL6091,Dell Latitude 3420,1800,1800,ttspl,2354,5JRD2B3,TTSPL6091,1800,RATE_OK
ANTINO LABS PRIVATE LIMITED,120,ANTINO LABS PRIVATE LIMITED,name,Antino,JXFQHG3,TTSPL5344,Dell Latitude 3420,1799,1799,ttspl,2777,JXFQHG3,TTSPL5344,1799,RATE_OK
ANTINO LABS PRIVATE LIMITED,120,ANTINO LABS PRIVATE LIMITED,name,Antino,DRN4HK3,TTSPL6306,Dell Latitude 5420,1999,1999,ttspl,2355,DRN4HK3,TTSPL6306,1999,RATE_OK
ANTINO LABS PRIVATE LIMITED,120,ANTINO LABS PRIVATE LIMITED,name,Antino,PF35W1YV,TTSPL5156,Lenovo Thinkpad T14,1900,1900,ttspl,432,PF35W1YV,TTSPL5156,1900,RATE_OK
ANTINO LABS PRIVATE LIMITED,120,ANTINO LABS PRIVATE LIMITED,name,Antino,J6WH1J3,TTSPL5382,Dell Latitude 5420,1999,1999,ttspl,434,J6WH1J3,TTSPL5382,1999,RATE_OK
ANTINO LABS PRIVATE LIMITED,120,ANTINO LABS PRIVATE LIMITED,name,Antino,BZ76HK3,TTSPL6359,Dell Latitude 5420,1949,1949,ttspl,2356,BZ76HK3,TTSPL6359,1949,RATE_OK
ANTINO LABS PRIVATE LIMITED,120,ANTINO LABS PRIVATE LIMITED,name,Antino,3CPXVM3,TTSPL6434,Dell Latitude 5420,1949,1949,ttspl,2357,3CPXVM3,TTSPL6434,1949,RATE_OK
ANTINO LABS PRIVATE LIMITED,120,ANTINO LABS PRIVATE LIMITED,name,Antino,9HQJ2J3,TTSPL6325,Dell Latitude 5420,2499,2499,ttspl,2358,9HQJ2J3,TTSPL6325,2499,RATE_OK
ANTINO LABS PRIVATE LIMITED,120,ANTINO LABS PRIVATE LIMITED,name,Antino,JZNXVM3,TTSPL6351,Dell Latitude 5420,1999,1999,ttspl,2359,JZNXVM3,TTSPL6351,1999,RATE_OK
ANTINO LABS PRIVATE LIMITED,120,ANTINO LABS PRIVATE LIMITED,name,Antino,61RD2B3,TTSPL5822,Dell Latitude 3420,1700,1700,ttspl,2360,61RD2B3,TTSPL5822,1700,RATE_OK
ANTINO LABS PRIVATE LIMITED,120,ANTINO LABS PRIVATE LIMITED,name,Antino,5CD101G0NJ,TTSPL6569,HP Probook 430 G8,1799,1799,ttspl,2361,5CD101G0NJ,TTSPL6569,1799,RATE_OK
ANTINO LABS PRIVATE LIMITED,120,ANTINO LABS PRIVATE LIMITED,name,Antino,8SKG463,TTSPL6455,Dell Latitude 3410,1799,1799,ttspl,2364,8SKG463,TTSPL6455,1799,RATE_OK
ANTINO LABS PRIVATE LIMITED,120,ANTINO LABS PRIVATE LIMITED,name,Antino,99RM763,TTSPL6475,Dell Latitude 3410,1799,1799,ttspl,2369,99RM763,TTSPL6475,1799,RATE_OK
ANTINO LABS PRIVATE LIMITED,120,ANTINO LABS PRIVATE LIMITED,name,Antino,CW23C63,TTSPL6288,Dell Latitude 3410,1799,1799,ttspl,2371,CW23C63,TTSPL6288,1799,RATE_OK
ANTINO LABS PRIVATE LIMITED,120,ANTINO LABS PRIVATE LIMITED,name,Antino,F7QS103,TTSPL6535,Dell Latitude 3410,1799,1799,ttspl,2372,F7QS103,TTSPL6535,1799,RATE_OK
ANTINO LABS PRIVATE LIMITED,120,ANTINO LABS PRIVATE LIMITED,name,Antino,CGTM763,TTSPL6243,Dell Latitude 3410,1949,1949,ttspl,2373,CGTM763,TTSPL6243,1949,RATE_OK
ANTINO LABS PRIVATE LIMITED,120,ANTINO LABS PRIVATE LIMITED,name,Antino,1XKG6G3,TTSPL6798,Dell Latitude 5420,2699,2699,ttspl,437,1XKG6G3,TTSPL6798,2699,RATE_OK
ANTINO LABS PRIVATE LIMITED,120,ANTINO LABS PRIVATE LIMITED,name,Antino,5CG213217N,TTSPL6831,HP Elitebook 840 G8,1799,1799,ttspl,438,5CG213217N,TTSPL6831,1799,RATE_OK
ANTINO LABS PRIVATE LIMITED,120,ANTINO LABS PRIVATE LIMITED,name,Antino,6WN5V93,TTSPL6337,Dell Latitude 3410,1799,1799,ttspl,3536,6WN5V93,TTSPL6337,1799,RATE_OK
ANTINO LABS PRIVATE LIMITED,120,ANTINO LABS PRIVATE LIMITED,name,Antino,PG02HTZE,TTSPL6389,Lenovo Thinkpad E-14 Gen 2,1799,1799,ttspl,2859,PG02HTZE,TTSPL6389,1799,RATE_OK
ANTINO LABS PRIVATE LIMITED,120,ANTINO LABS PRIVATE LIMITED,name,Antino,46SM763,TTSPL6488,Dell Latitude 3410,1799,1799,ttspl,3394,46SM763,TTSPL6488,1799,RATE_OK
ANTINO LABS PRIVATE LIMITED,120,ANTINO LABS PRIVATE LIMITED,name,Antino,8PN6V93,TTSPL6780,Dell Latitude 3410,1799,1799,ttspl,3499,8PN6V93,TTSPL6780,1799,RATE_OK
ANTINO LABS PRIVATE LIMITED,120,ANTINO LABS PRIVATE LIMITED,name,Antino,1NR1T93,TTSPL6257,Dell Latitude 3410,1799,1799,ttspl,2415,1NR1T93,TTSPL6257,1799,RATE_OK
ANTINO LABS PRIVATE LIMITED,120,ANTINO LABS PRIVATE LIMITED,name,Antino,PC1X7FYD,TTSPL5956,Lenovo Thinkpad T14s,1799,1799,ttspl,3265,PC1X7FYD,TTSPL5956,1799,RATE_OK
ANTINO LABS PRIVATE LIMITED,120,ANTINO LABS PRIVATE LIMITED,name,Antino,7597XD3,TTSPL6763,Dell Latitude 7420,2800,3793.55,ttspl,1487,7S97XD3,TTSPL6763,2800,RATE_OK
ANTINO LABS PRIVATE LIMITED,120,ANTINO LABS PRIVATE LIMITED,name,Antino,5BDP3F3,TTSPL4600,Dell Latitude 5420 (Touch Screen),2699,2786.06,ttspl,1317,5BDP3F3,TTSPL4600,2699,RATE_OK
ANTINO LABS PRIVATE LIMITED,120,ANTINO LABS PRIVATE LIMITED,name,Antino,,,,129787,125367.61,UNMATCHED,,,,,NOT_IN_CRM_ACTIVE
