invoice_number,customer_id,customer_name,ttspl_id,serial_number,model,period,rent_start,rent_end,monthly_rate,amount,is_catchup
INV-0323,53,OEX TECH SOLUTION PVT. LTD,TTSPL4256,2FJ3FL3,Dell Latitude 5320,2026-08,2026-08-01,2026-08-31,2699,2699,NO
INV-0323,53,OEX TECH SOLUTION PVT. LTD,TTSPL6355,FZFC2J3,Dell Latitude 5420,2026-08,2026-08-01,2026-08-31,2699,2699,NO
INV-0323,53,OEX TECH SOLUTION PVT. LTD,TTSPL4287,F1F7S93,Dell Latitude 5320,2026-08,2026-08-01,2026-08-31,2699,2699,NO
INV-0323,53,OEX TECH SOLUTION PVT. LTD,TTSPL6960,97CB4G3,Dell Latitude 7420,2026-08,2026-08-01,2026-08-31,2699,2699,NO
INV-0323,53,OEX TECH SOLUTION PVT. LTD,TTSPL3309,CND137BHHX,HP Elitebook 1040 G8,2026-08,2026-08-01,2026-08-31,2699,2699,NO
INV-0323,53,OEX TECH SOLUTION PVT. LTD,TTSPL4860,51HBBK3,Dell Latitude 5420,2026-08,2026-08-01,2026-08-31,2699,2699,NO
INV-0323,53,OEX TECH SOLUTION PVT. LTD,TTSPL3493,311C2J3,Dell Latitude 5420,2026-08,2026-08-01,2026-08-31,2699,2699,NO
INV-0323,53,OEX TECH SOLUTION PVT. LTD,TTSPL3098,826BYY2,Dell Latitude 7400 (Touch Screen),2026-08,2026-08-01,2026-08-31,2499,2499,NO
INV-0323,53,OEX TECH SOLUTION PVT. LTD,TTSPL3423,9ZVT7Y2,Dell Latitude 7490,2026-08,2026-08-01,2026-08-31,1999,1999,NO
INV-0323,53,OEX TECH SOLUTION PVT. LTD,TTSPL6358,H086HK3,Dell Latitude 5420,2026-08,2026-08-01,2026-08-31,2699,2699,NO
INV-0323,53,OEX TECH SOLUTION PVT. LTD,TTSPL6524,DXNXVM3,Dell Latitude 5420,2026-08,2026-08-01,2026-08-31,2699,2699,NO
INV-0323,53,OEX TECH SOLUTION PVT. LTD,TTSPL7338,2TK24906P6,HP ELITEBOOK 640 G9,2026-08,2026-08-01,2026-08-31,2699,2699,NO
INV-0323,53,OEX TECH SOLUTION PVT. LTD,TTSPL6893,53L10F3,Dell Latitude 5420,2026-08,2026-08-01,2026-08-31,2699,2699,NO
INV-0323,53,OEX TECH SOLUTION PVT. LTD,TTSPL4833,D67F1J3,Dell Latitude 5420,2026-08,2026-08-01,2026-08-31,2699,2699,NO
INV-0323,53,OEX TECH SOLUTION PVT. LTD,TTSPL4492,8STL3F3,Dell Latitude 5420,2026-08,2026-08-01,2026-08-31,1999,1999,NO
INV-0323,53,OEX TECH SOLUTION PVT. LTD,TTSPL3221,HCMFN13,Dell Latitude 7400 (Touch Screen),2026-08,2026-08-01,2026-08-31,2499,2499,NO
INV-0323,53,OEX TECH SOLUTION PVT. LTD,TTSPL3155,4YR6N13,Dell Latitude 7400,2026-08,2026-08-01,2026-08-31,2499,2499,NO
INV-0323,53,OEX TECH SOLUTION PVT. LTD,TTSPL3131,B5F8N13,Dell Latitude 7400,2026-08,2026-08-01,2026-08-31,2499,2499,NO
INV-0323,53,OEX TECH SOLUTION PVT. LTD,TTSPL4846,FJ560J3,Dell Latitude 5420,2026-08,2026-08-01,2026-08-31,2699,2699,NO
INV-0323,53,OEX TECH SOLUTION PVT. LTD,TTSPL6350,J2PXVM3,Dell Latitude 5420,2026-08,2026-08-01,2026-08-31,2699,2699,NO
INV-0323,53,OEX TECH SOLUTION PVT. LTD,TTSPL4613,95VB4M3,Dell Latitude 5420 (Touch Screen),2026-08,2026-08-01,2026-08-31,2699,2699,NO
INV-0323,53,OEX TECH SOLUTION PVT. LTD,TTSPL4525,24ZB6G3,Dell Latitude 5420,2026-08,2026-08-01,2026-08-31,2699,2699,NO
INV-0323,53,OEX TECH SOLUTION PVT. LTD,TTSPL3162,HDK6N13,Dell Latitude 7400 (Touch Screen),2026-08,2026-08-01,2026-08-31,2499,2499,NO
INV-0240,48,Pibit Technologies Private Limited,TTSPL3548,PC1S0LG4,Lenovo Thinkpad X-13,2026-08,2026-08-01,2026-08-31,2374,2374,NO
INV-0240,48,Pibit Technologies Private Limited,TTSPL6526,1N114602Q7,HP Elitebook 840 G8,2026-08,2026-08-01,2026-08-31,3174,3174,NO
INV-0240,48,Pibit Technologies Private Limited,TTSPL3203,CC08N13,Dell Latitude 7400,2026-08,2026-08-01,2026-08-31,3174,3174,NO
INV-0240,48,Pibit Technologies Private Limited,TTSPL4576,LV6XRLYXHL,Apple Macbook Air,2026-08,2026-08-01,2026-08-31,6474,6474,NO
INV-0240,48,Pibit Technologies Private Limited,TTSPL5073,D06P71LPYC,Apple Macbook Air,2026-08,2026-08-01,2026-08-31,6474,6474,NO
INV-0240,48,Pibit Technologies Private Limited,TTSPL5075,J6PW4MT6JX,Apple Macbook Air,2026-08,2026-08-01,2026-08-31,6474,6474,NO
INV-0240,48,Pibit Technologies Private Limited,TTSPL2775,J4XPVYKG99,Apple Macbook Pro,2026-08,2026-08-01,2026-08-31,7474,7474,NO
INV-0240,48,Pibit Technologies Private Limited,TTSPL5135,5CD211D3SP,HP Probook 440 G8,2026-08,2026-08-01,2026-08-31,3174,3174,NO
INV-0240,48,Pibit Technologies Private Limited,TTSPL5294,PF1T7VCP,Lenovo Thinkpad T14,2026-08,2026-08-01,2026-08-31,1975,1975,NO
INV-0240,48,Pibit Technologies Private Limited,TTSPL5296,PF0UUK12,Lenovo Thinkpad T14,2026-08,2026-08-01,2026-08-31,1975,1975,NO
INV-0240,48,Pibit Technologies Private Limited,TTSPL5117,PG04GTGF,Lenovo V14 (Gen 3),2026-08,2026-08-01,2026-08-31,2574,2574,NO
INV-0240,48,Pibit Technologies Private Limited,TTSPL5076,M0VMJ63CF7,Apple Macbook Air,2026-08,2026-08-01,2026-08-31,6474,6474,NO
INV-0240,48,Pibit Technologies Private Limited,TTSPL6881,5CG2417TG1,HP Elitebook 840 G8,2026-08,2026-08-01,2026-08-31,3174,3174,NO
INV-0240,48,Pibit Technologies Private Limited,TTSPL5132,5CD211D3ZJ,HP Probook 440 G8,2026-08,2026-08-01,2026-08-31,3174,3174,NO
INV-0240,48,Pibit Technologies Private Limited,TTSPL5134,5CD211D3L3,HP Probook 440 G8,2026-08,2026-08-01,2026-08-31,3174,3174,NO
INV-0240,48,Pibit Technologies Private Limited,TTSPL2890,FVFH825DQ05N,Apple Macbook Pro,2026-08,2026-08-01,2026-08-31,4999,4999,NO
INV-0240,48,Pibit Technologies Private Limited,TTSPL5524,L966541TVV,Apple Macbook Air,2026-08,2026-08-01,2026-08-31,6474,6474,NO
INV-0240,48,Pibit Technologies Private Limited,TTSPL4863,CPV6XVFL95,Apple Macbook Air,2026-08,2026-08-01,2026-08-31,6474,6474,NO
INV-0240,48,Pibit Technologies Private Limited,TTSPL5526,H1JNYKQ930,Apple Macbook Air,2026-08,2026-08-01,2026-08-31,6474,6474,NO
INV-0240,48,Pibit Technologies Private Limited,TTSPL4415,PF262Z81,Lenovo Thinkpad T490,2026-08,2026-08-01,2026-08-31,3174,3174,NO
INV-0240,48,Pibit Technologies Private Limited,TTSPL5514,5CD44060TR,HP Probook 440 G10,2026-08,2026-08-01,2026-08-31,3174,3174,NO
INV-0240,48,Pibit Technologies Private Limited,TTSPL5080,J5H20WT797,Apple Macbook Air,2026-08,2026-08-01,2026-08-31,6474,6474,NO
INV-0240,48,Pibit Technologies Private Limited,TTSPL4401,PF2AVEQB,Lenovo Thinkpad T490,2026-08,2026-08-01,2026-08-31,3174,3174,NO
INV-0240,48,Pibit Technologies Private Limited,TTSPL5638,PF3CPF5X,Lenovo Thinkpad E14,2026-08,2026-08-01,2026-08-31,2374,2374,NO
INV-0240,48,Pibit Technologies Private Limited,TTSPL5843,CC64NL0299,Apple Macbook Air,2026-08,2026-08-01,2026-08-31,6474,6474,NO
INV-0240,48,Pibit Technologies Private Limited,,2TK2460CY4,HP ELITEBOOK 640 G9,2026-08,2026-08-01,2026-08-31,716.94,716.94,NO
INV-0240,48,Pibit Technologies Private Limited,TTSPL7361,2TK24903V7,HP ELITEBOOK 640 G9,2026-08,2026-08-01,2026-08-31,3999,3999,NO
INV-0240,48,Pibit Technologies Private Limited,TTSPL3412,9Z44ZW2,Dell Latitude 7400,2026-08,2026-08-01,2026-08-31,1974,1974,NO
INV-0240,48,Pibit Technologies Private Limited,TTSPL2886,FVFFC0X6Q05D,Apple Macbook Pro,2026-08,2026-08-01,2026-08-31,5074,5074,NO
INV-0240,48,Pibit Technologies Private Limited,TTSPL3084,QCXM1403DK,Apple Macbook Pro,2026-08,2026-08-01,2026-08-31,6474,6474,NO
INV-0240,48,Pibit Technologies Private Limited,TTSPL5225,HY7TCPY3MF,Apple Macbook Air,2026-08,2026-08-01,2026-08-31,5474,5474,NO
INV-0240,48,Pibit Technologies Private Limited,TTSPL5453,JP6VT06MKT,Apple Macbook Pro,2026-08,2026-08-01,2026-08-31,9474,9474,NO
INV-0240,48,Pibit Technologies Private Limited,TTSPL3701,PF29QTVQ,Lenovo Thinkpad L14,2026-08,2026-08-01,2026-08-31,2374,2374,NO
INV-0240,48,Pibit Technologies Private Limited,TTSPL6252,CFBB2J3,Dell Latitude 5420,2026-08,2026-08-01,2026-08-31,3174,3174,NO
INV-0240,48,Pibit Technologies Private Limited,TTSPL5532,L59N37RQGH,Apple Macbook Air,2026-08,2026-08-01,2026-08-31,6474,6474,NO
INV-0240,48,Pibit Technologies Private Limited,TTSPL7288,2TK245010Z,HP ELITEBOOK 640 G9,2026-08,2026-08-01,2026-08-31,3675,3675,NO
INV-0240,48,Pibit Technologies Private Limited,TTSPL7359,2TK2470F0K,HP ELITEBOOK 640 G9,2026-08,2026-08-01,2026-08-31,4999,4999,NO
INV-0240,48,Pibit Technologies Private Limited,TTSPL7360,2TK2470DTH,HP ELITEBOOK 640 G9,2026-08,2026-08-01,2026-08-31,4999,4999,NO
INV-0240,48,Pibit Technologies Private Limited,TTSPL2632,FVFFXU6AQ05D,Apple Macbook Pro,2026-08,2026-08-01,2026-08-31,5165,5165,NO
INV-0240,48,Pibit Technologies Private Limited,TTSPL3535,PC1M8P36,Lenovo Thinkpad X-13,2026-08,2026-08-01,2026-08-31,1974,1974,NO
INV-0240,48,Pibit Technologies Private Limited,TTSPL3818,FVFGW4JRQ05D,Apple Macbook Pro,2026-08,2026-08-01,2026-08-31,4974,4974,NO
INV-0240,48,Pibit Technologies Private Limited,TTSPL4070,6HVBZY2,Dell Latitude 5400,2026-08,2026-08-01,2026-08-31,2075,2075,NO
INV-0240,48,Pibit Technologies Private Limited,TTSPL4074,B5XP963,Dell Latitude 5310,2026-08,2026-08-01,2026-08-31,2075,2075,NO
INV-0240,48,Pibit Technologies Private Limited,TTSPL4170,4ZZP963,Dell Latitude 5310,2026-08,2026-08-01,2026-08-31,3174,3174,NO
INV-0240,48,Pibit Technologies Private Limited,TTSPL4570,LHXK2VQG46,Apple Macbook Air,2026-08,2026-08-01,2026-08-31,6474,6474,NO
INV-0240,48,Pibit Technologies Private Limited,TTSPL4573,K12CYDY94V,Apple Macbook Air,2026-08,2026-08-01,2026-08-31,6474,6474,NO
INV-0240,48,Pibit Technologies Private Limited,TTSPL4340,PF2R2QNZ,Lenovo Thinkpad T14,2026-08,2026-08-01,2026-08-31,3174,3174,NO
INV-0240,48,Pibit Technologies Private Limited,TTSPL4568,GGWH2F39MX,Apple Macbook Air,2026-08,2026-08-01,2026-08-31,6474,6474,NO
INV-0240,48,Pibit Technologies Private Limited,TTSPL4571,KGX49N9K4J,Apple Macbook Air,2026-08,2026-08-01,2026-08-31,6474,6474,NO
INV-0240,48,Pibit Technologies Private Limited,TTSPL4832,HZ8XZH3,Dell Latitude 5420,2026-08,2026-08-01,2026-08-31,3174,3174,NO
INV-0240,48,Pibit Technologies Private Limited,TTSPL4775,6PTVZH3,Dell Latitude 5420,2026-08,2026-08-01,2026-08-31,3174,3174,NO
INV-0240,48,Pibit Technologies Private Limited,TTSPL5078,J9XWMKF04D,Apple Macbook Air,2026-08,2026-08-01,2026-08-31,6474,6474,NO
INV-0240,48,Pibit Technologies Private Limited,TTSPL5139,5CD211D3P3,HP Probook 440 G8,2026-08,2026-08-01,2026-08-31,3174,3174,NO
INV-0240,48,Pibit Technologies Private Limited,TTSPL1839,C02GCJYUQ6L4,Apple Macbook Air,2026-08,2026-08-01,2026-08-31,5074,5074,NO
INV-0240,48,Pibit Technologies Private Limited,TTSPL4623,BQ3F4M3,Dell Latitude 5420 (Touch Screen),2026-08,2026-08-01,2026-08-31,3174,3174,NO
INV-0240,48,Pibit Technologies Private Limited,TTSPL4290,191WKG3,Dell Latitude 5320,2026-08,2026-08-01,2026-08-31,3174,3174,NO
INV-0240,48,Pibit Technologies Private Limited,TTSPL5503,M02WC9K99V,Apple Macbook Air,2026-08,2026-08-01,2026-08-31,5474,5474,NO
INV-0240,48,Pibit Technologies Private Limited,TTSPL4864,L94YXXNW91,Apple Macbook Air,2026-08,2026-08-01,2026-08-31,6474,6474,NO
INV-0240,48,Pibit Technologies Private Limited,TTSPL5256,NO S/N,Notebook Computer AP56,2026-08,2026-08-01,2026-08-31,2999,2999,NO
INV-0240,48,Pibit Technologies Private Limited,TTSPL5085,R913KQ5N,Lenovo Thinkpad L13 Yoga Gen 2,2026-08,2026-08-01,2026-08-31,2374,2374,NO
INV-0240,48,Pibit Technologies Private Limited,TTSPL4724,PF31NJB6,Lenovo Thinkpad T14,2026-08,2026-08-01,2026-08-31,2374,2374,NO
INV-0240,48,Pibit Technologies Private Limited,TTSPL5074,JTV94P1615,Apple Macbook Air,2026-08,2026-08-01,2026-08-31,6474,6474,NO
INV-0240,48,Pibit Technologies Private Limited,TTSPL5507,5CD4438VRB,HP Probook 450 G10,2026-08,2026-08-01,2026-08-31,3874,3874,NO
INV-0240,48,Pibit Technologies Private Limited,TTSPL5511,5CD4407S9B,HP Probook 450 G10,2026-08,2026-08-01,2026-08-31,3874,3874,NO
INV-0240,48,Pibit Technologies Private Limited,TTSPL5077,MP7MLV9Y29,Apple Macbook Air,2026-08,2026-08-01,2026-08-31,6474,6474,NO
INV-0240,48,Pibit Technologies Private Limited,TTSPL4327,PF2R3G5S,Lenovo Thinkpad T14,2026-08,2026-08-01,2026-08-31,3675,3675,NO
INV-0240,48,Pibit Technologies Private Limited,TTSPL4802,1ZCYZH3,Dell Latitude 5420,2026-08,2026-08-01,2026-08-31,3174,3174,NO
INV-0240,48,Pibit Technologies Private Limited,TTSPL5081,LYV9NK9HVX,Apple Macbook Air,2026-08,2026-08-01,2026-08-31,6474,6474,NO
INV-0240,48,Pibit Technologies Private Limited,TTSPL5626,PF31DZRS,Lenovo Thinkpad E14,2026-08,2026-08-01,2026-08-31,2374,2374,NO
INV-0240,48,Pibit Technologies Private Limited,TTSPL5307,C02FCRYRQ6L4,Apple Macbook Air,2026-08,2026-08-01,2026-08-31,4475,4475,NO
INV-0240,48,Pibit Technologies Private Limited,TTSPL6013,GCR2KXT2YX,Apple Macbook Air,2026-08,2026-08-01,2026-08-31,6474,6474,NO
INV-0240,48,Pibit Technologies Private Limited,TTSPL5999,J4LHGJVHGT,Apple Macbook Air,2026-08,2026-08-01,2026-08-31,6474,6474,NO
INV-0240,48,Pibit Technologies Private Limited,TTSPL5306,C02FCRVMQ6L4,Apple Macbook Air,2026-08,2026-08-01,2026-08-31,4475,4475,NO
INV-0240,48,Pibit Technologies Private Limited,TTSPL5475,C02FCS9FQ6L4,Apple Macbook Air,2026-08,2026-08-01,2026-08-31,4475,4475,NO
INV-0240,48,Pibit Technologies Private Limited,TTSPL5137,5CD211D3YC,HP Probook 440 G8,2026-08,2026-08-01,2026-08-31,3174,3174,NO
INV-0240,48,Pibit Technologies Private Limited,TTSPL6443,5CD13757F1,HP Probook 440 G8,2026-08,2026-08-01,2026-08-31,3174,3174,NO
INV-0240,48,Pibit Technologies Private Limited,TTSPL6510,FVFGVMMAQ05D,Apple Macbook Pro,2026-08,2026-08-01,2026-08-31,6974,6974,NO
INV-0240,48,Pibit Technologies Private Limited,TTSPL6014,K095FWMH70,Apple Macbook Air,2026-08,2026-08-01,2026-08-31,6474,6474,NO
INV-0240,48,Pibit Technologies Private Limited,TTSPL6528,FVFKXQT21WFV,Apple Macbook Pro,2026-08,2026-08-01,2026-08-31,6974,6974,NO
INV-0240,48,Pibit Technologies Private Limited,TTSPL6017,J7RXVV3012,Apple Macbook Air,2026-08,2026-08-01,2026-08-31,6474,6474,NO
INV-0240,48,Pibit Technologies Private Limited,TTSPL4336,PF2R3G6J,Lenovo Thinkpad T14,2026-08,2026-08-01,2026-08-31,3174,3174,NO
INV-0240,48,Pibit Technologies Private Limited,TTSPL6681,5CG211BJ8P,HP Probook 840 G8,2026-08,2026-08-01,2026-08-31,3174,3174,NO
INV-0240,48,Pibit Technologies Private Limited,TTSPL6685,5CG211BCT7,HP Probook 840 G8,2026-08,2026-08-01,2026-08-31,3174,3174,NO
INV-0240,48,Pibit Technologies Private Limited,TTSPL6687,5CG211BJ8K,HP Probook 840 G8,2026-08,2026-08-01,2026-08-31,3174,3174,NO
INV-0240,48,Pibit Technologies Private Limited,TTSPL3103,XJ3642T3VJ,Apple Macbook Pro,2026-08,2026-08-01,2026-08-31,4974,4974,NO
INV-0240,48,Pibit Technologies Private Limited,TTSPL6682,5CG21227ZD,HP Probook 840 G8,2026-08,2026-08-01,2026-08-31,3174,3174,NO
INV-0240,48,Pibit Technologies Private Limited,TTSPL6791,D6VL94P1WN,Apple Macbook Air,2026-08,2026-08-01,2026-08-31,6474,6474,NO
INV-0240,48,Pibit Technologies Private Limited,TTSPL6871,5CG2089ZSF,HP Elitebook 840 G8,2026-08,2026-08-01,2026-08-31,3474,3474,NO
INV-0240,48,Pibit Technologies Private Limited,TTSPL6864,5CG2400FDR,HP Elitebook 840 G8,2026-08,2026-08-01,2026-08-31,3174,3174,NO
INV-0240,48,Pibit Technologies Private Limited,TTSPL6868,5CG202870G,HP Elitebook 840 G8,2026-08,2026-08-01,2026-08-31,3174,3174,NO
INV-0240,48,Pibit Technologies Private Limited,TTSPL6680,5CG2121YWL,HP Probook 840 G8,2026-08,2026-08-01,2026-08-31,3174,3174,NO
INV-0240,48,Pibit Technologies Private Limited,TTSPL6876,5CG20285KJ,HP Elitebook 840 G8,2026-08,2026-08-01,2026-08-31,3174,3174,NO
INV-0240,48,Pibit Technologies Private Limited,TTSPL6886,5CG313029M,HP Elitebook 840 G8,2026-08,2026-08-01,2026-08-31,3174,3174,NO
INV-0240,48,Pibit Technologies Private Limited,TTSPL6878,5CG2140WM8,HP Elitebook 840 G8,2026-08,2026-08-01,2026-08-31,3174,3174,NO
INV-0240,48,Pibit Technologies Private Limited,TTSPL6889,5CG213CVFM,HP Elitebook 840 G8,2026-08,2026-08-01,2026-08-31,3174,3174,NO
INV-0240,48,Pibit Technologies Private Limited,TTSPL6820,L7KGHV662G,Apple MACBOOK AIR,2026-08,2026-08-01,2026-08-31,6474,6474,NO
INV-0240,48,Pibit Technologies Private Limited,TTSPL6958,DXN72J3,Dell Latitude 7420,2026-08,2026-08-01,2026-08-31,3174,3174,NO
INV-0240,48,Pibit Technologies Private Limited,TTSPL6963,9M3M6G3,Dell Latitude 7420,2026-08,2026-08-01,2026-08-31,3174,3174,NO
INV-0240,48,Pibit Technologies Private Limited,TTSPL6983,5CG2145F7B,HP Elitebook 840 G8,2026-08,2026-08-01,2026-08-31,3174,3174,NO
INV-0240,48,Pibit Technologies Private Limited,TTSPL6986,5CG21383G2,HP Elitebook 840 G8,2026-08,2026-08-01,2026-08-31,3174,3174,NO
INV-0240,48,Pibit Technologies Private Limited,TTSPL6954,43PF4G3,Dell Latitude 7420,2026-08,2026-08-01,2026-08-31,3174,3174,NO
INV-0240,48,Pibit Technologies Private Limited,TTSPL4572,LK7P9QRL7V,Apple MACBOOK AIR,2026-08,2026-08-01,2026-08-31,6474,6474,NO
INV-0240,48,Pibit Technologies Private Limited,TTSPL7009,5CG2139M7F,HP Elitebook 840 G8,2026-08,2026-08-01,2026-08-31,3174,3174,NO
INV-0240,48,Pibit Technologies Private Limited,TTSPL7286,2TK25008GH,HP ELITEBOOK 640 G9,2026-08,2026-08-01,2026-08-31,3175,3175,NO
INV-0240,48,Pibit Technologies Private Limited,TTSPL6990,5CG2074VBK,HP Elitebook 840 G8,2026-08,2026-08-01,2026-08-31,3174,3174,NO
INV-0240,48,Pibit Technologies Private Limited,TTSPL6994,5CG3022JCM,HP Elitebook 840 G8,2026-08,2026-08-01,2026-08-31,3174,3174,NO
INV-0240,48,Pibit Technologies Private Limited,TTSPL6997,5CG2028BP9,HP Elitebook 840 G8,2026-08,2026-08-01,2026-08-31,3174,3174,NO
INV-0240,48,Pibit Technologies Private Limited,TTSPL7006,5CG1404SQ6,HP Elitebook 840 G8,2026-08,2026-08-01,2026-08-31,3174,3174,NO
INV-0240,48,Pibit Technologies Private Limited,TTSPL6944,HQ9PY7L2MC,Apple MacBook Air,2026-08,2026-08-01,2026-08-31,6474,6474,NO
INV-0240,48,Pibit Technologies Private Limited,TTSPL5997,C47LWRD4TC,Apple Macbook Air,2026-08,2026-08-01,2026-08-31,6474,6474,NO
INV-0240,48,Pibit Technologies Private Limited,TTSPL6555,MY6JJRXW4J,Apple Macbook Air,2026-08,2026-08-01,2026-08-31,6474,6474,NO
INV-0240,48,Pibit Technologies Private Limited,TTSPL7025,5CG2153H98,HP Elitebook 830 G8,2026-08,2026-08-01,2026-08-31,3174,3174,NO
INV-0240,48,Pibit Technologies Private Limited,TTSPL6873,5CG1404SZL,HP Elitebook 840 G8,2026-08,2026-08-01,2026-08-31,3174,3174,NO
INV-0240,48,Pibit Technologies Private Limited,TTSPL7035,5CG1412PLN,HP Elitebook 830 G8,2026-08,2026-08-01,2026-08-31,3174,3174,NO
INV-0240,48,Pibit Technologies Private Limited,TTSPL5196,MQ1Y00P9GK,Apple Macbook Air,2026-08,2026-08-01,2026-08-31,6474,6474,NO
INV-0240,48,Pibit Technologies Private Limited,TTSPL7040,5CG14661KN,HP Elitebook 830 G8,2026-08,2026-08-01,2026-08-31,3174,3174,NO
INV-0240,48,Pibit Technologies Private Limited,TTSPL6015,JGVQ7DXRHK,Apple Macbook Air,2026-08,2026-08-01,2026-08-31,6474,6474,NO
INV-0240,48,Pibit Technologies Private Limited,TTSPL7033,5CG1417NKF,HP Elitebook 830 G8,2026-08,2026-08-01,2026-08-31,3474,3474,NO
INV-0240,48,Pibit Technologies Private Limited,TTSPL7023,5CG1417NKL,HP Elitebook 830 G8,2026-08,2026-08-01,2026-08-31,3474,3474,NO
INV-0240,48,Pibit Technologies Private Limited,TTSPL4887,C6T52QKWYQ,Apple Macbook Air,2026-08,2026-08-01,2026-08-31,6474,6474,NO
INV-0240,48,Pibit Technologies Private Limited,TTSPL3471,4CPZ2J3,Dell Latitude 5420,2026-08,2026-08-01,2026-08-31,3474,3474,NO
INV-0240,48,Pibit Technologies Private Limited,TTSPL4610,4BY24M3,Dell Latitude 5420 (Touch Screen),2026-08,2026-08-01,2026-08-31,3474,3474,NO
INV-0240,48,Pibit Technologies Private Limited,TTSPL6892,F3Z31F3,Dell Latitude 5420,2026-08,2026-08-01,2026-08-31,3474,3474,NO
INV-0240,48,Pibit Technologies Private Limited,TTSPL4214,27TD1F3,Dell Latitude 7310,2026-08,2026-08-01,2026-08-31,3174,3174,NO
INV-0240,48,Pibit Technologies Private Limited,TTSPL4328,PF2R1Q7H,Lenovo Thinkpad T14,2026-08,2026-08-01,2026-08-31,3174,3174,NO
INV-0240,48,Pibit Technologies Private Limited,TTSPL4510,DTXG6J3,Dell Latitude 5420 (Touch Screen),2026-08,2026-08-01,2026-08-31,3174,3174,NO
INV-0240,48,Pibit Technologies Private Limited,TTSPL5374,HKH3CG92VH,Apple Macbook Pro,2026-08,2026-08-01,2026-08-31,9474,9474,NO
INV-0240,48,Pibit Technologies Private Limited,TTSPL4888,K60W9439G6,Apple Macbook Pro,2026-08,2026-08-01,2026-08-31,9474,9474,NO
INV-0240,48,Pibit Technologies Private Limited,TTSPL3319,G7134WFH4P,Apple Macbook Pro,2026-08,2026-08-01,2026-08-31,6474,6474,NO
INV-0240,48,Pibit Technologies Private Limited,TTSPL5450,FQ43VCQN7X,Apple Macbook Pro,2026-08,2026-08-01,2026-08-31,9474,9474,NO
INV-0240,48,Pibit Technologies Private Limited,TTSPL6995,5CG14057NN,HP Elitebook 840 G8,2026-08,2026-08-01,2026-08-31,3174,3174,NO
INV-0240,48,Pibit Technologies Private Limited,TTSPL7285,2TK2440GRF,HP ELITEBOOK 640 G9,2026-08,2026-08-01,2026-08-31,3175,3175,NO
INV-0240,48,Pibit Technologies Private Limited,TTSPL7346,2TK2460D40,HP ELITEBOOK 640 G9,2026-08,2026-08-01,2026-08-31,3175,3175,NO
INV-0240,48,Pibit Technologies Private Limited,TTSPL6554,G79GY67J60,Apple Macbook Air,2026-08,2026-08-01,2026-08-31,6474,6474,NO
INV-0240,48,Pibit Technologies Private Limited,TTSPL4425,K7593PK7C7,Apple Macbook Air,2026-08,2026-08-01,2026-08-31,6474,6474,NO
INV-0240,48,Pibit Technologies Private Limited,TTSPL7358,2TK2500BRH,HP ELITEBOOK 640 G9,2026-08,2026-08-01,2026-08-31,3999,3999,NO
INV-0240,48,Pibit Technologies Private Limited,TTSPL7365,2TK2450FMX,HP ELITEBOOK 640 G9,2026-08,2026-08-01,2026-08-31,3999,3999,NO
INV-0240,48,Pibit Technologies Private Limited,TTSPL7340,2TK2450398,HP ELITEBOOK 640 G9,2026-08,2026-08-01,2026-08-31,2999,2999,NO
INV-0240,48,Pibit Technologies Private Limited,TTSPL7352,2TK249072K,HP ELITEBOOK 640 G9,2026-08,2026-08-01,2026-08-31,2999,2999,NO
INV-0240,48,Pibit Technologies Private Limited,TTSPL7344,2TK2450DVX,HP ELITEBOOK 640 G9,2026-08,2026-08-01,2026-08-31,3174,3174,NO
INV-0240,48,Pibit Technologies Private Limited,TTSPL2371,J59NMW3Q65,Apple Macbook Pro,2026-08,2026-08-01,2026-08-31,8565,8565,NO
INV-0240,48,Pibit Technologies Private Limited,TTSPL2263,FVFGW7S1Q05D,Apple Macbook Pro,2026-08,2026-08-01,2026-08-31,6365,6365,NO
INV-0240,48,Pibit Technologies Private Limited,TTSPL7463,83TX8Y3,Latitude 7440,2026-08,2026-08-01,2026-08-31,3900,3900,NO
INV-0240,48,Pibit Technologies Private Limited,TTSPL7492,4T4WVW3,Latitude 7440,2026-08,2026-08-01,2026-08-31,3900,3900,NO
INV-0240,48,Pibit Technologies Private Limited,TTSPL7461,FM4PSV3,Latitude 7440,2026-08,2026-08-01,2026-08-31,3900,3900,NO
INV-0240,48,Pibit Technologies Private Limited,TTSPL7542,2TK4420RW3,HP EliteBook 640 14 inch G11 Notebook PC,2026-07,2026-07-28,2026-07-31,4200,541.94,YES
INV-0240,48,Pibit Technologies Private Limited,TTSPL7542,2TK4420RW3,HP EliteBook 640 14 inch G11 Notebook PC,2026-08,2026-08-01,2026-08-31,4200,4200,NO
INV-0240,48,Pibit Technologies Private Limited,TTSPL2617,FVFGW75EQ05D,Apple Macbook Pro,2026-07,2026-07-13,2026-07-31,5074,3109.87,YES
INV-0240,48,Pibit Technologies Private Limited,TTSPL2617,FVFGW75EQ05D,Apple Macbook Pro,2026-08,2026-08-01,2026-08-31,5074,5074,NO
INV-0240,48,Pibit Technologies Private Limited,TTSPL7550,2MQ44913Q2,HP EliteBook 640 14 inch G11 Notebook PC,2026-07,2026-07-28,2026-07-31,4200,541.94,YES
INV-0240,48,Pibit Technologies Private Limited,TTSPL7550,2MQ44913Q2,HP EliteBook 640 14 inch G11 Notebook PC,2026-08,2026-08-01,2026-08-31,4200,4200,NO
INV-0240,48,Pibit Technologies Private Limited,TTSPL7541,2MQ4480ZW8,HP EliteBook 640 14 inch G11 Notebook PC,2026-07,2026-07-28,2026-07-31,4200,541.94,YES
INV-0240,48,Pibit Technologies Private Limited,TTSPL7541,2MQ4480ZW8,HP EliteBook 640 14 inch G11 Notebook PC,2026-08,2026-08-01,2026-08-31,4200,4200,NO
INV-0240,48,Pibit Technologies Private Limited,TTSPL7493,2MQ44913LS,HP EliteBook 640 14 inch G11 Notebook PC,2026-07,2026-07-21,2026-07-31,4200,1490.32,YES
INV-0240,48,Pibit Technologies Private Limited,TTSPL7493,2MQ44913LS,HP EliteBook 640 14 inch G11 Notebook PC,2026-08,2026-08-01,2026-08-31,4200,4200,NO
INV-0240,48,Pibit Technologies Private Limited,TTSPL5849,M3PQNV4DJX,Apple Macbook Air,2026-07,2026-07-31,2026-07-31,6474,208.84,YES
INV-0240,48,Pibit Technologies Private Limited,TTSPL5849,M3PQNV4DJX,Apple Macbook Air,2026-08,2026-08-01,2026-08-31,6474,6474,NO
INV-0240,48,Pibit Technologies Private Limited,TTSPL4886,C643615C6Y,Apple Macbook Air,2026-08,2026-08-01,2026-08-31,6474,6474,NO
INV-0240,48,Pibit Technologies Private Limited,TTSPL4765,DTZ50J3,Dell Latitude 5420,2026-08,2026-08-01,2026-08-31,3174,3174,NO
INV-0240,48,Pibit Technologies Private Limited,TTSPL4575,D6RXD4RG4X,Apple Macbook Air,2026-08,2026-08-01,2026-08-31,6474,6474,NO
INV-0240,48,Pibit Technologies Private Limited,TTSPL5226,GPKTWCXXFK,Apple Macbook Air,2026-08,2026-08-01,2026-08-31,6474,6474,NO
INV-0240,48,Pibit Technologies Private Limited,TTSPL5516,5CD44060W4,HP Probook 440 G10,2026-08,2026-08-01,2026-08-31,3174,3174,NO
INV-0240,48,Pibit Technologies Private Limited,TTSPL5847,M09KXR7Y0D,Apple Macbook Air,2026-08,2026-08-01,2026-08-31,6474,6474,NO
INV-0240,48,Pibit Technologies Private Limited,TTSPL5131,5CD211D3LT,HP Probook 440 G8,2026-08,2026-08-01,2026-08-31,3174,3174,NO
INV-0240,48,Pibit Technologies Private Limited,TTSPL4451,PF2ALD5R,Lenovo Thinkpad L14,2026-08,2026-08-01,2026-08-31,1975,1975,NO
INV-0240,48,Pibit Technologies Private Limited,TTSPL1934,FVFHW1P9Q05D,Apple Macbook Pro,2026-08,2026-08-01,2026-08-31,5174,5174,NO
INV-0240,48,Pibit Technologies Private Limited,TTSPL5305,C02FCRX8Q6L4,Apple Macbook Air,2026-08,2026-08-01,2026-08-31,4475,4475,NO
INV-0240,48,Pibit Technologies Private Limited,TTSPL5850,J70DP2FXLP,Apple Macbook Air,2026-08,2026-08-01,2026-08-31,6474,6474,NO
INV-0240,48,Pibit Technologies Private Limited,TTSPL7348,2TK2500D80,HP ELITEBOOK 640 G9,2026-08,2026-08-01,2026-08-31,3175,3175,NO
INV-0240,48,Pibit Technologies Private Limited,TTSPL3257,FVFDT95RQ05D,Apple Macbook Pro,2026-08,2026-08-01,2026-08-31,5474,5474,NO
INV-0240,48,Pibit Technologies Private Limited,TTSPL5222,H54NK2CTW1,Apple Macbook Air,2026-08,2026-08-01,2026-08-31,5474,5474,NO
INV-0240,48,Pibit Technologies Private Limited,TTSPL7052,HD7MX55VVV,Apple MACBOOK AIR,2026-08,2026-08-01,2026-08-31,6474,6474,NO
INV-0240,48,Pibit Technologies Private Limited,TTSPL5368,5CD1315YBW,HP Probook 440 G8,2026-08,2026-08-01,2026-08-31,2374,2374,NO
INV-0240,48,Pibit Technologies Private Limited,TTSPL5525,CFYWK2VN65,Apple Macbook Air,2026-08,2026-08-01,2026-08-31,6474,6474,NO
INV-0240,48,Pibit Technologies Private Limited,TTSPL7366,2TK24903TT,HP ELITEBOOK 640 G9,2026-08,2026-08-01,2026-08-31,4999,4999,NO
INV-0240,48,Pibit Technologies Private Limited,TTSPL2738,GQXQ90NYH3,Apple Macbook Pro,2026-08,2026-08-01,2026-08-31,7974,7974,NO
INV-0240,48,Pibit Technologies Private Limited,TTSPL3287,877H5Y2,Dell Latitude 7400,2026-08,2026-08-01,2026-08-31,2674,2674,NO
INV-0240,48,Pibit Technologies Private Limited,TTSPL3541,PC1NVAXN,Lenovo Thinkpad X-13,2026-08,2026-08-01,2026-08-31,2374,2374,NO
INV-0240,48,Pibit Technologies Private Limited,TTSPL2301,C02H32HWQ6L4,Apple Macbook Air,2026-08,2026-08-01,2026-08-31,4974,4974,NO
INV-0240,48,Pibit Technologies Private Limited,TTSPL4194,CND12403P9,HP Elitebook X360 1040 G8,2026-08,2026-08-01,2026-08-31,3174,3174,NO
INV-0240,48,Pibit Technologies Private Limited,TTSPL3985,PF2WXR0E,Lenovo Thinkpad E14,2026-08,2026-08-01,2026-08-31,2374,2374,NO
INV-0240,48,Pibit Technologies Private Limited,TTSPL4104,FVFGV5WGQ05F,Apple Macbook Pro,2026-08,2026-08-01,2026-08-31,5174,5174,NO
INV-0240,48,Pibit Technologies Private Limited,TTSPL4321,FVFHJ495Q05D,Apple Macbook Pro,2026-08,2026-08-01,2026-08-31,5174,5174,NO
INV-0240,48,Pibit Technologies Private Limited,TTSPL4574,JDY7J6YHQK,Apple Macbook Air,2026-08,2026-08-01,2026-08-31,6474,6474,NO
INV-0240,48,Pibit Technologies Private Limited,TTSPL4590,G7T7PQ3,Dell Latitude 5420 (Touch Screen),2026-08,2026-08-01,2026-08-31,3174,3174,NO
INV-0240,48,Pibit Technologies Private Limited,TTSPL5856,MN4XX6TGD2,Apple Macbook Pro,2026-08,2026-08-01,2026-08-31,6474,6474,NO
INV-0240,48,Pibit Technologies Private Limited,TTSPL5300,5CD13220M7,HP Probook 440 G8,2026-08,2026-08-01,2026-08-31,1975,1975,NO
INV-0240,48,Pibit Technologies Private Limited,TTSPL5846,J3NW9NM7H9,Apple Macbook Air,2026-08,2026-08-01,2026-08-31,6474,6474,NO
INV-0240,48,Pibit Technologies Private Limited,TTSPL5848,L176MV97LJ,Apple Macbook Air,2026-08,2026-08-01,2026-08-31,6474,6474,NO
INV-0240,48,Pibit Technologies Private Limited,TTSPL4355,PC261P3P,Lenovo Thinkpad X-13,2026-08,2026-08-01,2026-08-31,2374,2374,NO
INV-0240,48,Pibit Technologies Private Limited,TTSPL6043,D3HGK2JFTQ,Apple Macbook Air,2026-08,2026-08-01,2026-08-31,6474,6474,NO
INV-0240,48,Pibit Technologies Private Limited,TTSPL6880,5CG2421P5J,HP Elitebook 840 G8,2026-08,2026-08-01,2026-08-31,3474,3474,NO
INV-0240,48,Pibit Technologies Private Limited,TTSPL6557,L2J93XMJWY,Apple Macbook Air,2026-08,2026-08-01,2026-08-31,6474,6474,NO
INV-0240,48,Pibit Technologies Private Limited,TTSPL7053,K57Q17H0X1,Apple MACBOOK AIR,2026-08,2026-08-01,2026-08-31,6474,6474,NO
INV-0240,48,Pibit Technologies Private Limited,TTSPL7051,D7QFMQX4YK,Apple MACBOOK AIR,2026-08,2026-08-01,2026-08-31,6474,6474,NO
INV-0240,48,Pibit Technologies Private Limited,TTSPL4295,FVHFW1FJQ05D,Apple Macbook Pro,2026-08,2026-08-01,2026-08-31,5174,5174,NO
INV-0240,48,Pibit Technologies Private Limited,TTSPL4197,CND1361TVJ,HP Elitebook X360 1040 G8,2026-08,2026-08-01,2026-08-31,3174,3174,NO
INV-0240,48,Pibit Technologies Private Limited,TTSPL7057,5CG1417LTT,HP Elitebook 830 G8,2026-08,2026-08-01,2026-08-31,3174,3174,NO
INV-0240,48,Pibit Technologies Private Limited,TTSPL4353,HXJN4B9P1WFV,Apple Macbook Air,2026-08,2026-08-01,2026-08-31,4474,4474,NO
INV-0240,48,Pibit Technologies Private Limited,TTSPL6807,19YFZH3,Dell Latitude 5420,2026-08,2026-08-01,2026-08-31,3474,3474,NO
INV-0240,48,Pibit Technologies Private Limited,TTSPL6527,1N1146026M,HP Probook 440 G8,2026-08,2026-08-01,2026-08-31,3474,3474,NO
INV-0240,48,Pibit Technologies Private Limited,TTSPL4077,JJDRC63,Dell Latitude 5310,2026-08,2026-08-01,2026-08-31,3174,3174,NO
INV-0240,48,Pibit Technologies Private Limited,TTSPL5609,PG02S22Q,Lenovo Thinkpad E14,2026-08,2026-08-01,2026-08-31,2374,2374,NO
INV-0240,48,Pibit Technologies Private Limited,TTSPL4795,BWTXZH3,Dell Latitude 5420,2026-08,2026-08-01,2026-08-31,3174,3174,NO
INV-0240,48,Pibit Technologies Private Limited,TTSPL4891,L935H26Q41,Apple Macbook Pro,2026-08,2026-08-01,2026-08-31,9474,9474,NO
INV-0240,48,Pibit Technologies Private Limited,TTSPL6203,FVFHCN52Q05D,Apple Macbook Pro,2026-08,2026-08-01,2026-08-31,5074,5074,NO
INV-0240,48,Pibit Technologies Private Limited,TTSPL5928,PG0343FX,Lenovo Thinkpad E14,2026-08,2026-08-01,2026-08-31,2374,2374,NO
INV-0240,48,Pibit Technologies Private Limited,TTSPL4628,4JSC2F3,Dell Latitude 5420 (Touch Screen),2026-08,2026-08-01,2026-08-31,3674,3674,NO
INV-0240,48,Pibit Technologies Private Limited,TTSPL6998,5CG31320GQ,HP Elitebook 840 G8,2026-08,2026-08-01,2026-08-31,3174,3174,NO
INV-0240,48,Pibit Technologies Private Limited,TTSPL6931,5CG1404S0C,HP Elitebook 840 G8,2026-08,2026-08-01,2026-08-31,3174,3174,NO
INV-0240,48,Pibit Technologies Private Limited,TTSPL4734,D6C60J3,Dell Latitude 5420,2026-08,2026-08-01,2026-08-31,3174,3174,NO
INV-0240,48,Pibit Technologies Private Limited,TTSPL3854,FVFHN083Q05F,Apple Macbook Pro,2026-08,2026-08-01,2026-08-31,4500,4500,NO
INV-0240,48,Pibit Technologies Private Limited,TTSPL5998,HYQF67HQMY,Apple Macbook Air,2026-08,2026-08-01,2026-08-31,6474,6474,NO
INV-0240,48,Pibit Technologies Private Limited,TTSPL7289,2TK250094X,HP ELITEBOOK 640 G9,2026-08,2026-08-01,2026-08-31,3175,3175,NO
INV-0240,48,Pibit Technologies Private Limited,TTSPL7337,FQKDF3VV9D,Apple Macbook Pro,2026-08,2026-08-01,2026-08-31,11475,11475,NO
INV-0240,48,Pibit Technologies Private Limited,TTSPL3498,34VW3F3,Dell Latitude 7310,2026-08,2026-08-01,2026-08-31,2075,2075,NO
INV-0240,48,Pibit Technologies Private Limited,TTSPL7345,2TK24906DK,HP ELITEBOOK 640 G9,2026-08,2026-08-01,2026-08-31,3175,3175,NO
INV-0240,48,Pibit Technologies Private Limited,TTSPL7351,2TK25003C9,HP ELITEBOOK 640 G9,2026-08,2026-08-01,2026-08-31,2999,2999,NO
INV-0240,48,Pibit Technologies Private Limited,TTSPL7367,2TK2470DSZ,HP ELITEBOOK 640 G9,2026-08,2026-08-01,2026-08-31,4999,4999,NO
INV-0240,48,Pibit Technologies Private Limited,TTSPL7342,2TK25008HH,HP ELITEBOOK 640 G9,2026-08,2026-08-01,2026-08-31,3174,3174,NO
INV-0187,970, CoreOps.AI,TTSPL7565,M39MR49J0L,MACBOOK AIR,2026-07,2026-07-30,2026-07-31,8499,548.32,YES
INV-0187,970, CoreOps.AI,TTSPL7565,M39MR49J0L,MACBOOK AIR,2026-08,2026-08-01,2026-08-31,8499,8499,NO
INV-0187,970, CoreOps.AI,TTSPL7512,G9YY6YCQHP,Macbook Pro,2026-07,2026-07-29,2026-07-31,12999,1257.97,YES
INV-0187,970, CoreOps.AI,TTSPL7512,G9YY6YCQHP,Macbook Pro,2026-08,2026-08-01,2026-08-31,12999,12999,NO
INV-0356,969,Khelo Tech and Strategy Pvt Ltd,TTSPL7545,2TK2460BXR,HP EliteBook 640 14 inch G9 Notebook PC,2026-07,2026-07-25,2026-07-31,2599,586.87,YES
INV-0356,969,Khelo Tech and Strategy Pvt Ltd,TTSPL7545,2TK2460BXR,HP EliteBook 640 14 inch G9 Notebook PC,2026-08,2026-08-01,2026-08-31,2599,2599,NO
INV-0356,969,Khelo Tech and Strategy Pvt Ltd,TTSPL7546,2TK2500DB6,HP EliteBook 640 14 inch G9 Notebook PC,2026-07,2026-07-25,2026-07-31,2599,586.87,YES
INV-0356,969,Khelo Tech and Strategy Pvt Ltd,TTSPL7546,2TK2500DB6,HP EliteBook 640 14 inch G9 Notebook PC,2026-08,2026-08-01,2026-08-31,2599,2599,NO
INV-0356,969,Khelo Tech and Strategy Pvt Ltd,TTSPL7523,3TT22F3,Latitude 5420,2026-07,2026-07-28,2026-07-31,1799,232.13,YES
INV-0356,969,Khelo Tech and Strategy Pvt Ltd,TTSPL7523,3TT22F3,Latitude 5420,2026-08,2026-08-01,2026-08-31,1799,1799,NO
INV-0356,969,Khelo Tech and Strategy Pvt Ltd,TTSPL7547,2TK250084V,HP EliteBook 640 14 inch G9 Notebook PC,2026-07,2026-07-25,2026-07-31,2599,586.87,YES
INV-0356,969,Khelo Tech and Strategy Pvt Ltd,TTSPL7547,2TK250084V,HP EliteBook 640 14 inch G9 Notebook PC,2026-08,2026-08-01,2026-08-31,2599,2599,NO
INV-0356,969,Khelo Tech and Strategy Pvt Ltd,TTSPL7548,2TK24908FZ,HP EliteBook 640 14 inch G9 Notebook PC,2026-07,2026-07-28,2026-07-31,2599,335.35,YES
INV-0356,969,Khelo Tech and Strategy Pvt Ltd,TTSPL7548,2TK24908FZ,HP EliteBook 640 14 inch G9 Notebook PC,2026-08,2026-08-01,2026-08-31,2599,2599,NO
INV-0356,969,Khelo Tech and Strategy Pvt Ltd,TTSPL7533,FXKM5M3,Latitude 5420,2026-07,2026-07-28,2026-07-31,1799,232.13,YES
INV-0356,969,Khelo Tech and Strategy Pvt Ltd,TTSPL7533,FXKM5M3,Latitude 5420,2026-08,2026-08-01,2026-08-31,1799,1799,NO
INV-0356,969,Khelo Tech and Strategy Pvt Ltd,TTSPL7495,2TK2460C36,ELITEBOOK 640 G9,2026-07,2026-07-28,2026-07-31,2599,335.35,YES
INV-0356,969,Khelo Tech and Strategy Pvt Ltd,TTSPL7495,2TK2460C36,ELITEBOOK 640 G9,2026-08,2026-08-01,2026-08-31,2599,2599,NO
INV-0356,969,Khelo Tech and Strategy Pvt Ltd,TTSPL7378,2TK2460D19,ELITEBOOK 640 G9,2026-07,2026-07-28,2026-07-31,2599,335.35,YES
INV-0356,969,Khelo Tech and Strategy Pvt Ltd,TTSPL7378,2TK2460D19,ELITEBOOK 640 G9,2026-08,2026-08-01,2026-08-31,2599,2599,NO
INV-0226,119,EPIC (INDIA) TOURS AND EVENTS PRIVATE LIMITED,TTSPL6314,7VT4HK3,Dell Latitude 5420,2026-08,2026-08-01,2026-08-31,2499,2499,NO
INV-0226,119,EPIC (INDIA) TOURS AND EVENTS PRIVATE LIMITED,TTSPL6036,PG02XHTD,Lenovo Thinkpad E14,2026-08,2026-08-01,2026-08-31,1999,1999,NO
INV-0226,119,EPIC (INDIA) TOURS AND EVENTS PRIVATE LIMITED,TTSPL5343,48TVXT3,Dell Latitude 5430,2026-08,2026-08-01,2026-08-31,2400,2400,NO
INV-0226,119,EPIC (INDIA) TOURS AND EVENTS PRIVATE LIMITED,TTSPL7341,2TK25008F8,HP ELITEBOOK 640 G9,2026-08,2026-08-01,2026-08-31,2750,2750,NO
INV-0226,119,EPIC (INDIA) TOURS AND EVENTS PRIVATE LIMITED,TTSPL4981,PF54PYK5,Lenovo V14 (Gen 3),2026-08,2026-08-01,2026-08-31,2400,2400,NO
INV-0226,119,EPIC (INDIA) TOURS AND EVENTS PRIVATE LIMITED,TTSPL5104,PG04FAML,Lenovo V14 (Gen 3),2026-08,2026-08-01,2026-08-31,2400,2400,NO
INV-0226,119,EPIC (INDIA) TOURS AND EVENTS PRIVATE LIMITED,TTSPL5841,WK25026-10417,Rentfoxxy E2BT1N2,2026-07,2026-07-30,2026-07-31,2599,167.68,YES
INV-0226,119,EPIC (INDIA) TOURS AND EVENTS PRIVATE LIMITED,TTSPL5841,WK25026-10417,Rentfoxxy E2BT1N2,2026-08,2026-08-01,2026-08-31,2599,2599,NO
INV-0226,119,EPIC (INDIA) TOURS AND EVENTS PRIVATE LIMITED,TTSPL5341,H4YWMS3,Dell Latitude 5430,2026-08,2026-08-01,2026-08-31,2400,2400,NO
INV-0226,119,EPIC (INDIA) TOURS AND EVENTS PRIVATE LIMITED,TTSPL5336,18TVXT3,Dell Latitude 5430,2026-08,2026-08-01,2026-08-31,2550,2550,NO
INV-0226,119,EPIC (INDIA) TOURS AND EVENTS PRIVATE LIMITED,TTSPL5855,T7NRCX07V42631A,Asus TUF Gaming A15,2026-08,2026-08-01,2026-08-31,5499,5499,NO
INV-0226,119,EPIC (INDIA) TOURS AND EVENTS PRIVATE LIMITED,TTSPL4840,D4Y60J3,Dell Latitude 5420,2026-08,2026-08-01,2026-08-31,2499,2499,NO
INV-0226,119,EPIC (INDIA) TOURS AND EVENTS PRIVATE LIMITED,TTSPL5125,PG04GTJC,Lenovo V14 (Gen 3),2026-08,2026-08-01,2026-08-31,2400,2400,NO
INV-0299,231,BM Computers,TTSPL3246,BGP6YY2,Dell Latitude 7400,2026-08,2026-08-01,2026-08-31,984.13,984.13,NO
INV-0254,17,VIRALCURRY DIGITAL PRIVATE LIMITED,TTSPL3626,BWXFPQ2,Dell Latitude 7490,2026-08,2026-08-01,2026-08-31,1540,1540,NO
INV-0254,17,VIRALCURRY DIGITAL PRIVATE LIMITED,TTSPL1769,8GKJ882,Dell Latitude E5450,2026-08,2026-08-01,2026-08-31,1340,1340,NO
INV-0254,17,VIRALCURRY DIGITAL PRIVATE LIMITED,TTSPL1476,5CG6415VHQ,HP Elitebook 820 G3,2026-08,2026-08-01,2026-08-31,1340,1340,NO
INV-0254,17,VIRALCURRY DIGITAL PRIVATE LIMITED,TTSPL2347,16FRX52,Dell Latitude E7250,2026-08,2026-08-01,2026-08-31,1340,1340,NO
INV-0254,17,VIRALCURRY DIGITAL PRIVATE LIMITED,TTSPL2869,5BNYQF2,Dell Latitude E7470,2026-08,2026-08-01,2026-08-31,1540,1540,NO
INV-0254,17,VIRALCURRY DIGITAL PRIVATE LIMITED,TTSPL4137,4TWM622,Dell Latitude E7240,2026-08,2026-08-01,2026-08-31,1340,1340,NO
INV-0254,17,VIRALCURRY DIGITAL PRIVATE LIMITED,TTSPL2867,DS9Y4H2,Dell Latitude E7470,2026-08,2026-08-01,2026-08-31,1340,1340,NO
INV-0254,17,VIRALCURRY DIGITAL PRIVATE LIMITED,TTSPL7488,5CG0278L04,HP ProBook 640 G5,2026-07,2026-07-30,2026-07-31,1340,86.45,YES
INV-0254,17,VIRALCURRY DIGITAL PRIVATE LIMITED,TTSPL7488,5CG0278L04,HP ProBook 640 G5,2026-08,2026-08-01,2026-08-31,1340,1340,NO
INV-0218,11,Digital Eco Innovision Private Limited,TTSPL3379,43QNGH2,Dell Latitude E5480,2026-08,2026-08-01,2026-08-31,1799,1799,NO
INV-0218,11,Digital Eco Innovision Private Limited,TTSPL3847,1VFRW33,Dell Latitude 7400,2026-08,2026-08-01,2026-08-31,3190,3190,NO
INV-0218,11,Digital Eco Innovision Private Limited,TTSPL5414,5CD1321WJH,Probook 440 G8,2026-07,2026-07-28,2026-07-31,2499,322.45,YES
INV-0218,11,Digital Eco Innovision Private Limited,TTSPL5414,5CD1321WJH,Probook 440 G8,2026-08,2026-08-01,2026-08-31,2499,2499,NO
INV-0218,11,Digital Eco Innovision Private Limited,TTSPL2187,HG50NF2,Dell Latitude 5490,2026-08,2026-08-01,2026-08-31,1690,1690,NO
INV-0218,11,Digital Eco Innovision Private Limited,TTSPL5349,5NWVZQ2,Dell Latitude 5490,2026-08,2026-08-01,2026-08-31,1690,1690,NO
INV-0218,11,Digital Eco Innovision Private Limited,TTSPL5246,PF26ZWPZ,Lenovo Thinkpad T490,2026-08,2026-08-01,2026-08-31,1800,1800,NO
INV-0218,11,Digital Eco Innovision Private Limited,TTSPL6917,PF254NV8,Lenovo Thinkpad T14,2026-08,2026-08-01,2026-08-31,2499,2499,NO
INV-0218,11,Digital Eco Innovision Private Limited,TTSPL4954,PC164BHY,Lenovo Thinkpad T480s,2026-08,2026-08-01,2026-08-31,2890,2890,NO
INV-0218,11,Digital Eco Innovision Private Limited,TTSPL6296,HDK5HK3,Dell Latitude 5420,2026-08,2026-08-01,2026-08-31,3149,3149,NO
INV-0218,11,Digital Eco Innovision Private Limited,TTSPL5784,BBF92J3,Dell Latitude 5420,2026-08,2026-08-01,2026-08-31,3149,3149,NO
INV-0218,11,Digital Eco Innovision Private Limited,TTSPL4488,C46X8D3,Dell Latitude 5420,2026-08,2026-08-01,2026-08-31,2999,2999,NO
INV-0218,11,Digital Eco Innovision Private Limited,TTSPL1189,PC0C77DB,Lenovo Laptop Thinkpad T450,2026-08,2026-08-01,2026-08-31,1690,1690,NO
INV-0218,11,Digital Eco Innovision Private Limited,TTSPL2324,JL32ZW2,Dell Latitude 7490,2026-08,2026-08-01,2026-08-31,3190,3190,NO
INV-0218,11,Digital Eco Innovision Private Limited,TTSPL2282,B21L4H2,Dell Latitude E5470,2026-08,2026-08-01,2026-08-31,2490,2490,NO
INV-0218,11,Digital Eco Innovision Private Limited,TTSPL3100,HT19ZY2,Dell Latitude 7400,2026-08,2026-08-01,2026-08-31,3190,3190,NO
INV-0218,11,Digital Eco Innovision Private Limited,TTSPL2903,CK8DHM2,Dell Latitude 7480,2026-08,2026-08-01,2026-08-31,1890,1890,NO
INV-0218,11,Digital Eco Innovision Private Limited,TTSPL3671,9M1FVP2,Dell Latitude 7490,2026-08,2026-08-01,2026-08-31,2490,2490,NO
INV-0218,11,Digital Eco Innovision Private Limited,TTSPL3893,8VH4PQ2,Dell Latitude 7490,2026-08,2026-08-01,2026-08-31,2490,2490,NO
INV-0218,11,Digital Eco Innovision Private Limited,TTSPL3760,594V1F3,Dell Latitude 5420,2026-08,2026-08-01,2026-08-31,3999,3999,NO
INV-0218,11,Digital Eco Innovision Private Limited,TTSPL3436,F5DF0B3,Dell Latitude 5310 (TOUCH SCREEN),2026-08,2026-08-01,2026-08-31,2499,2499,NO
INV-0218,11,Digital Eco Innovision Private Limited,TTSPL4608,G45G8G3,Dell Latitude 5420 (Touch Screen),2026-08,2026-08-01,2026-08-31,2999,2999,NO
INV-0218,11,Digital Eco Innovision Private Limited,TTSPL5166,PG02SKB5,Lenovo Thinkpad E14 (Gen 2),2026-08,2026-08-01,2026-08-31,2490,2490,NO
INV-0218,11,Digital Eco Innovision Private Limited,TTSPL5266,PF1CUJGA,Lenovo Thinkpad T490,2026-08,2026-08-01,2026-08-31,1999,1999,NO
INV-0218,11,Digital Eco Innovision Private Limited,TTSPL4511,2BW44J3,Dell Latitude 5420 (Touch Screen),2026-08,2026-08-01,2026-08-31,3999,3999,NO
INV-0218,11,Digital Eco Innovision Private Limited,TTSPL5038,PC1GXG2P,Lenovo Thinkpad T490s,2026-08,2026-08-01,2026-08-31,1690,1690,NO
INV-0218,11,Digital Eco Innovision Private Limited,TTSPL2766,JRWPQF2,Dell Latitude E5470,2026-08,2026-08-01,2026-08-31,1690,1690,NO
INV-0218,11,Digital Eco Innovision Private Limited,TTSPL6595,36SZP13,Dell Latitude 5400,2026-08,2026-08-01,2026-08-31,1690,1690,NO
INV-0218,11,Digital Eco Innovision Private Limited,TTSPL1621,JT49CG2,Dell Latitude E5470,2026-08,2026-08-01,2026-08-31,2190,2190,NO
INV-0218,11,Digital Eco Innovision Private Limited,TTSPL2343,G5VG8H2,Dell Latitude E5480,2026-08,2026-08-01,2026-08-31,1799,1799,NO
INV-0306,2,V6 SKIN CLINIC PRIVATE LIMITED,TTSPL4267,2T3HQ93,Dell Latitude 5320,2026-08,2026-08-01,2026-08-31,2899,2899,NO
INV-0306,2,V6 SKIN CLINIC PRIVATE LIMITED,TTSPL3645,6H9Y7S2,Dell Latitude 7490,2026-08,2026-08-01,2026-08-31,1599,1599,NO
INV-0306,2,V6 SKIN CLINIC PRIVATE LIMITED,TTSPL6452,HF0BW93,Dell Latitude 3410,2026-08,2026-08-01,2026-08-31,1599,1599,NO
INV-0306,2,V6 SKIN CLINIC PRIVATE LIMITED,TTSPL2638,5CD9338BKT,HP Elitebook X360 1030 G3,2026-08,2026-08-01,2026-08-31,2799,2799,NO
INV-0306,2,V6 SKIN CLINIC PRIVATE LIMITED,TTSPL2872,5CD9467943,HP Elitebook X360 1030 G4,2026-08,2026-08-01,2026-08-31,2999,2999,NO
INV-0269,4,ICHELON CONSULTING GROUP,595,JPH622PHW,HP Desktop Elitedesk 800 G2,2026-08,2026-08-01,2026-08-31,5990,5990,NO
INV-0269,4,ICHELON CONSULTING GROUP,TTSPL1405,4N1Z5BS,Dell Desktop T-3500,2026-08,2026-08-01,2026-08-31,5990,5990,NO
INV-0282,6,MOEVING URBAN TECHNOLOGIES PRIVATE LIMITED,TTSPL3544,PC1NVAXX,Lenovo Thinkpad X-13,2026-08,2026-08-01,2026-08-31,2300,2300,NO
INV-0282,6,MOEVING URBAN TECHNOLOGIES PRIVATE LIMITED,TTSPL3500,9HXV3F3,Dell Latitude 7310,2026-08,2026-08-01,2026-08-31,2300,2300,NO
INV-0282,6,MOEVING URBAN TECHNOLOGIES PRIVATE LIMITED,TTSPL3311,4N6N1Z2,Dell Latitude 7400 (Touch Screen),2026-08,2026-08-01,2026-08-31,1800,1800,NO
INV-0282,6,MOEVING URBAN TECHNOLOGIES PRIVATE LIMITED,TTSPL5177,PG02Y0DK,Lenovo Thinkpad E14 (Gen 2),2026-08,2026-08-01,2026-08-31,2300,2300,NO
INV-0282,6,MOEVING URBAN TECHNOLOGIES PRIVATE LIMITED,TTSPL3655,5DMV7S2,Dell Latitude 7490,2026-08,2026-08-01,2026-08-31,1800,1800,NO
INV-0282,6,MOEVING URBAN TECHNOLOGIES PRIVATE LIMITED,TTSPL4786,J1KWZH3,Dell Latitude 5420,2026-08,2026-08-01,2026-08-31,2300,2300,NO
INV-0282,6,MOEVING URBAN TECHNOLOGIES PRIVATE LIMITED,TTSPL4117,C1DRC63,Dell Latitude 5310,2026-08,2026-08-01,2026-08-31,2300,2300,NO
INV-0282,6,MOEVING URBAN TECHNOLOGIES PRIVATE LIMITED,TTSPL1056,DMDCQH2,Dell Latitude E7480,2026-08,2026-08-01,2026-08-31,1800,1800,NO
INV-0282,6,MOEVING URBAN TECHNOLOGIES PRIVATE LIMITED,TTSPL3332,83B6KR2,Dell Latitude 7390,2026-08,2026-08-01,2026-08-31,1800,1800,NO
INV-0282,6,MOEVING URBAN TECHNOLOGIES PRIVATE LIMITED,TTSPL3452,9BT1F63,Dell Latitude 5310 (TOUCH SCREEN),2026-08,2026-08-01,2026-08-31,2300,2300,NO
INV-0282,6,MOEVING URBAN TECHNOLOGIES PRIVATE LIMITED,TTSPL3708,PF2E4LS2,Lenovo Thinkpad L14,2026-08,2026-08-01,2026-08-31,2300,2300,NO
INV-0282,6,MOEVING URBAN TECHNOLOGIES PRIVATE LIMITED,TTSPL5767,8C14JL3,Dell Latitude 3420,2026-08,2026-08-01,2026-08-31,1899,1899,NO
INV-0282,6,MOEVING URBAN TECHNOLOGIES PRIVATE LIMITED,TTSPL3572,PC1M8P2Q,Lenovo Thinkpad X-13,2026-08,2026-08-01,2026-08-31,1800,1800,NO
INV-0282,6,MOEVING URBAN TECHNOLOGIES PRIVATE LIMITED,TTSPL2964,72J4JR2,Dell Latitude 7490,2026-08,2026-08-01,2026-08-31,1800,1800,NO
INV-0282,6,MOEVING URBAN TECHNOLOGIES PRIVATE LIMITED,TTSPL3766,9KLYRQ2,Dell Latitude 5490,2026-08,2026-08-01,2026-08-31,1800,1800,NO
INV-0282,6,MOEVING URBAN TECHNOLOGIES PRIVATE LIMITED,TTSPL3508,D0WR6Y2,Dell Latitude 7490,2026-08,2026-08-01,2026-08-31,1800,1800,NO
INV-0282,6,MOEVING URBAN TECHNOLOGIES PRIVATE LIMITED,TTSPL6851,PG02S53H,Lenovo Thinkpad L14,2026-08,2026-08-01,2026-08-31,2300,2300,NO
INV-0282,6,MOEVING URBAN TECHNOLOGIES PRIVATE LIMITED,TTSPL6357,DQX5HK3,Dell Latitude 5420,2026-08,2026-08-01,2026-08-31,2300,2300,NO
INV-0282,6,MOEVING URBAN TECHNOLOGIES PRIVATE LIMITED,TTSPL3453,JMT1F63,Latitude 5310 (TOUCH SCREEN),2026-08,2026-08-01,2026-08-31,2300,2300,NO
INV-0282,6,MOEVING URBAN TECHNOLOGIES PRIVATE LIMITED,TTSPL3654,9Q0TTP2,Dell Latitude 7490,2026-08,2026-08-01,2026-08-31,1800,1800,NO
INV-0282,6,MOEVING URBAN TECHNOLOGIES PRIVATE LIMITED,TTSPL4496,3TN82J3,Dell Latitude 5420,2026-08,2026-08-01,2026-08-31,2300,2300,NO
INV-0282,6,MOEVING URBAN TECHNOLOGIES PRIVATE LIMITED,TTSPL4322,PF2R3THQ,Lenovo Thinkpad T14,2026-08,2026-08-01,2026-08-31,3099,3099,NO
INV-0282,6,MOEVING URBAN TECHNOLOGIES PRIVATE LIMITED,TTSPL3438,BJT1F63,Latitude 5310 (TOUCH SCREEN),2026-08,2026-08-01,2026-08-31,2300,2300,NO
INV-0282,6,MOEVING URBAN TECHNOLOGIES PRIVATE LIMITED,TTSPL3451,BSGF0B3,Latitude 5310 (TOUCH SCREEN),2026-08,2026-08-01,2026-08-31,2300,2300,NO
INV-0282,6,MOEVING URBAN TECHNOLOGIES PRIVATE LIMITED,TTSPL4081,8Y0Q963,Dell Latitude 5310,2026-08,2026-08-01,2026-08-31,2300,2300,NO
INV-0282,6,MOEVING URBAN TECHNOLOGIES PRIVATE LIMITED,TTSPL4116,51VP963,Dell Latitude 5310,2026-08,2026-08-01,2026-08-31,2300,2300,NO
INV-0282,6,MOEVING URBAN TECHNOLOGIES PRIVATE LIMITED,TTSPL3543,PC1NVAXD,Lenovo Thinkpad X-13,2026-08,2026-08-01,2026-08-31,2300,2300,NO
INV-0282,6,MOEVING URBAN TECHNOLOGIES PRIVATE LIMITED,TTSPL5022,17T5043,Dell Latitude 7420,2026-08,2026-08-01,2026-08-31,2300,2300,NO
INV-0282,6,MOEVING URBAN TECHNOLOGIES PRIVATE LIMITED,TTSPL3418,8QDF0B3,Dell Latitude 5310 (TOUCH SCREEN),2026-08,2026-08-01,2026-08-31,2300,2300,NO
INV-0282,6,MOEVING URBAN TECHNOLOGIES PRIVATE LIMITED,TTSPL4777,GZ6F1J3,Dell Latitude 5420,2026-08,2026-08-01,2026-08-31,2300,2300,NO
INV-0298,14,Saajha,TTSPL4506,2SR7RC2,Dell Latitude E5470,2026-08,2026-08-01,2026-08-31,1990,1990,NO
INV-0298,14,Saajha,TTSPL4067,402Y4Q2,Dell Latitude 7490,2026-08,2026-08-01,2026-08-31,2490,2490,NO
INV-0298,14,Saajha,TTSPL5486,5TGYVZ2,Dell Latitude 3400,2026-08,2026-08-01,2026-08-31,1599,1599,NO
INV-0298,14,Saajha,TTSPL2924,2DT2NH2,DELL Latitude 7480,2026-08,2026-08-01,2026-08-31,1990,1990,NO
INV-0298,14,Saajha,TTSPL3678,5CG942B4B6,HP Elitebook 840 G6,2026-08,2026-08-01,2026-08-31,1599,1599,NO
INV-0298,14,Saajha,TTSPL1010,FVTBQH2,Dell Latitude E7480,2026-08,2026-08-01,2026-08-31,1990,1990,NO
INV-0308,16,VALENTA KPO PRIVATE LIMITED,TTSPL3099,7M1VZY2,Dell Latitude 7400,2026-08,2026-08-01,2026-08-31,2499,2499,NO
INV-0308,16,VALENTA KPO PRIVATE LIMITED,TTSPL2929,7YML4Y2,Dell Latitude 5400,2026-08,2026-08-01,2026-08-31,2499,2499,NO
INV-0308,16,VALENTA KPO PRIVATE LIMITED,TTSPL2152,G9JRHR2,Dell Latitude 7490,2026-08,2026-08-01,2026-08-31,2499,2499,NO
INV-0308,16,VALENTA KPO PRIVATE LIMITED,TTSPL3584,PC112ME3,Lenovo Thinkpad T480s,2026-08,2026-08-01,2026-08-31,2499,2499,NO
INV-0308,16,VALENTA KPO PRIVATE LIMITED,TTSPL3513,GLP4TQ2,Dell Latitude 7490,2026-08,2026-08-01,2026-08-31,2499,2499,NO
INV-0308,16,VALENTA KPO PRIVATE LIMITED,TTSPL2938,38TV5Q2,Dell Latitude 7490,2026-08,2026-08-01,2026-08-31,1699,1699,NO
INV-0308,16,VALENTA KPO PRIVATE LIMITED,TTSPL3124,PF1XA93S,Lenovo Thinkpad T490 (Touchscreen),2026-08,2026-08-01,2026-08-31,1699,1699,NO
INV-0340,25,Synergie Network Engineering India Pvt Ltd,TTSPL4826,C1T50J3,Dell Latitude 5420,2026-08,2026-08-01,2026-08-31,2499,2499,NO
INV-0340,25,Synergie Network Engineering India Pvt Ltd,TTSPL3104,82SL6S2,Dell Latitude 7480,2026-08,2026-08-01,2026-08-31,999,999,NO
INV-0340,25,Synergie Network Engineering India Pvt Ltd,TTSPL3685,5CG8528NVX,HP Elitebook 840 G5,2026-08,2026-08-01,2026-08-31,1349,1349,NO
INV-0340,25,Synergie Network Engineering India Pvt Ltd,TTSPL3771,DM0W693,Dell Latitude 5410,2026-08,2026-08-01,2026-08-31,1999,1999,NO
INV-0340,25,Synergie Network Engineering India Pvt Ltd,TTSPL4964,PC1GXFL7,Lenovo Thinkpad T490s,2026-08,2026-08-01,2026-08-31,1349,1349,NO
INV-0340,25,Synergie Network Engineering India Pvt Ltd,TTSPL4803,HV370J3,Dell Latitude 5420,2026-08,2026-08-01,2026-08-31,2499,2499,NO
INV-0340,25,Synergie Network Engineering India Pvt Ltd,TTSPL4634,62JMNQ3,Dell Latitude 5420 (Touch Screen),2026-08,2026-08-01,2026-08-31,2499,2499,NO
INV-0340,25,Synergie Network Engineering India Pvt Ltd,TTSPL6817,8G87ZD3,Dell Latitude 5420,2026-08,2026-08-01,2026-08-31,2499,2499,NO
INV-0340,25,Synergie Network Engineering India Pvt Ltd,TTSPL6323,8XN02J3,Dell Latitude 5420,2026-08,2026-08-01,2026-08-31,2499,2499,NO
INV-0340,25,Synergie Network Engineering India Pvt Ltd,TTSPL4258,5CG94130CR,HP Elitebook 840 G6,2026-08,2026-08-01,2026-08-31,1999,1999,NO
INV-0340,25,Synergie Network Engineering India Pvt Ltd,TTSPL4669,C6WP2F3,Dell Latitude 5420 (Touch Screen),2026-08,2026-08-01,2026-08-31,2499,2499,NO
INV-0340,25,Synergie Network Engineering India Pvt Ltd,TTSPLGR0116,PF0UZ01T,Lenovo Thinkpad T470 (Touch Screen),2026-08,2026-08-01,2026-08-31,999,999,NO
INV-0340,25,Synergie Network Engineering India Pvt Ltd,TTSPL3505,PC0LMXCJ,Lenovo Thinkpad T460 (Touch Screen),2026-08,2026-08-01,2026-08-31,999,999,NO
INV-0340,25,Synergie Network Engineering India Pvt Ltd,TTSPL3559,2TK95006Q8,HP PROBOOK 640 G5,2026-08,2026-08-01,2026-08-31,1349,1349,NO
INV-0340,25,Synergie Network Engineering India Pvt Ltd,TTSPL6799,D7NH3F3,Dell Latitude 5420,2026-08,2026-08-01,2026-08-31,2499,2499,NO
INV-0340,25,Synergie Network Engineering India Pvt Ltd,TTSPL4817,H9XWZH3,Dell Latitude 5420,2026-08,2026-08-01,2026-08-31,2499,2499,NO
INV-0340,25,Synergie Network Engineering India Pvt Ltd,TTSPL4589,16JK8C3,Dell Latitude 5420 (Touch Screen),2026-08,2026-08-01,2026-08-31,2499,2499,NO
INV-0340,25,Synergie Network Engineering India Pvt Ltd,TTSPLGR0006,PF11JVBC,Lenovo Thinkpad T470P,2026-08,2026-08-01,2026-08-31,1999,1999,NO
INV-0340,25,Synergie Network Engineering India Pvt Ltd,TTSPL5490,6NJYVZ2,Dell Latitude 3400,2026-08,2026-08-01,2026-08-31,1349,1349,NO
INV-0340,25,Synergie Network Engineering India Pvt Ltd,TTSPL4604,91RH2F3,Dell Latitude 5420,2026-07,2026-07-10,2026-07-31,2499,1773.48,YES
INV-0340,25,Synergie Network Engineering India Pvt Ltd,TTSPL4604,91RH2F3,Dell Latitude 5420,2026-08,2026-08-01,2026-08-31,2499,2499,NO
INV-0340,25,Synergie Network Engineering India Pvt Ltd,TTSPL2568,HWSMGJ3,Dell Vostro 3500,2026-08,2026-08-01,2026-08-31,2499,2499,NO
INV-0340,25,Synergie Network Engineering India Pvt Ltd,TTSPL3478,5S2M2J3,Dell Latitude 5420,2026-08,2026-08-01,2026-08-31,2499,2499,NO
INV-0340,25,Synergie Network Engineering India Pvt Ltd,TTSPL6812,JF5N8C3,Dell Latitude 5420,2026-08,2026-08-01,2026-08-31,2499,2499,NO
INV-0340,25,Synergie Network Engineering India Pvt Ltd,TTSPL3486,2M8M2J3,Dell Latitude 5420,2026-08,2026-08-01,2026-08-31,2499,2499,NO
INV-0340,25,Synergie Network Engineering India Pvt Ltd,TTSPL2688,DL6ZMF2,Dell Latitude 5490,2026-08,2026-08-01,2026-08-31,1349,1349,NO
INV-0340,25,Synergie Network Engineering India Pvt Ltd,TTSPL4859,6P2X0J3,Dell Latitude 5420,2026-08,2026-08-01,2026-08-31,2499,2499,NO
INV-0340,25,Synergie Network Engineering India Pvt Ltd,TTSPL3751,9R53ZW2,Dell Latitude 5490,2026-08,2026-08-01,2026-08-31,1999,1999,NO
INV-0340,25,Synergie Network Engineering India Pvt Ltd,TTSPL4672,9N4GLN3,Dell Latitude 5420 (Touch Screen),2026-08,2026-08-01,2026-08-31,2499,2499,NO
INV-0340,25,Synergie Network Engineering India Pvt Ltd,TTSPL3581,5CG9293ZL5,HP Elitebook 840 G5,2026-08,2026-08-01,2026-08-31,1999,1999,NO
INV-0340,25,Synergie Network Engineering India Pvt Ltd,TTSPL3937,6N32MQ2,Dell Latitude 7490,2026-08,2026-08-01,2026-08-31,1349,1349,NO
INV-0340,25,Synergie Network Engineering India Pvt Ltd,TTSPL6250,D4PXVM3,Dell Latitude 5420,2026-08,2026-08-01,2026-08-31,2499,2499,NO
INV-0340,25,Synergie Network Engineering India Pvt Ltd,TTSPL2360,5CG9190WPC,HP Elitebook 840 G5,2026-08,2026-08-01,2026-08-31,1999,1999,NO
INV-0340,25,Synergie Network Engineering India Pvt Ltd,TTSPL4789,5B3XZH3,Dell Latitude 5420,2026-08,2026-08-01,2026-08-31,2499,2499,NO
INV-0340,25,Synergie Network Engineering India Pvt Ltd,TTSPL3748,H5Y6RV2,Dell Latitude 5490,2026-08,2026-08-01,2026-08-31,1999,1999,NO
INV-0340,25,Synergie Network Engineering India Pvt Ltd,TTSPL5655,7JSZP13,Dell Latitude 5400,2026-08,2026-08-01,2026-08-31,999,999,NO
INV-0340,25,Synergie Network Engineering India Pvt Ltd,TTSPL3745,4CDWST2,Dell Latitude 5490,2026-08,2026-08-01,2026-08-31,1999,1999,NO
INV-0239,26,Mercury Solutions Limited,TTSPL6285,939Q463,Dell Latitude 3410,2026-08,2026-08-01,2026-08-31,1699,1699,NO
INV-0239,26,Mercury Solutions Limited,TTSPL3440,FYS1F63,Dell Latitude 5310 (TOUCH SCREEN),2026-08,2026-08-01,2026-08-31,1699,1699,NO
INV-0239,26,Mercury Solutions Limited,TTSPL3552,PC1M8P3J,Lenovo Thinkpad X-13,2026-08,2026-08-01,2026-08-31,1699,1699,NO
INV-0239,26,Mercury Solutions Limited,TTSPL7266,R913EBVJ,Lenovo Thinkpad L13,2026-08,2026-08-01,2026-08-31,1899,1899,NO
INV-0239,26,Mercury Solutions Limited,TTSPL4200,DB7Y2X2,Dell Latitude 5400,2026-08,2026-08-01,2026-08-31,1899,1899,NO
INV-0239,26,Mercury Solutions Limited,TTSPL5661,2TP1T93,Dell Latitude 3410,2026-08,2026-08-01,2026-08-31,1699,1699,NO
INV-0239,26,Mercury Solutions Limited,TTSPL6542,95Q5V93,Dell Latitude 3410,2026-08,2026-08-01,2026-08-31,1699,1699,NO
INV-0239,26,Mercury Solutions Limited,TTSPL6916,PF254K19,Lenovo Thinkpad T14,2026-08,2026-08-01,2026-08-31,1699,1699,NO
INV-0239,26,Mercury Solutions Limited,TTSPL7218,R913GZ7Y,Lenovo Thinkpad L13,2026-08,2026-08-01,2026-08-31,1899,1899,NO
INV-0239,26,Mercury Solutions Limited,TTSPL3299,PC0C8DMZ,Lenovo Thinkpad T450,2026-08,2026-08-01,2026-08-31,899,899,NO
INV-0239,26,Mercury Solutions Limited,TTSPL6335,6173C63,Dell Latitude 3410,2026-08,2026-08-01,2026-08-31,1699,1699,NO
INV-0239,26,Mercury Solutions Limited,TTSPL6902,PF2446ZP,Lenovo Thinkpad T14,2026-08,2026-08-01,2026-08-31,1699,1699,NO
INV-0239,26,Mercury Solutions Limited,TTSPL6278,12J0503,Dell Latitude 3410,2026-08,2026-08-01,2026-08-31,1699,1699,NO
INV-0239,26,Mercury Solutions Limited,TTSPL5715,69C2QG3,Dell Latitude 3420,2026-08,2026-08-01,2026-08-31,1699,1699,NO
INV-0239,26,Mercury Solutions Limited,TTSPL6788,84SM763,Dell Latitude 3410,2026-08,2026-08-01,2026-08-31,1699,1699,NO
INV-0239,26,Mercury Solutions Limited,TTSPL7287,PC1S0L6S,Lenovo Thinkpad X-13,2026-08,2026-08-01,2026-08-31,1699,1699,NO
INV-0239,26,Mercury Solutions Limited,TTSPL4453,PF2AM39T,Lenovo Thinkpad L14,2026-07,2026-07-14,2026-07-31,1699,986.52,YES
INV-0239,26,Mercury Solutions Limited,TTSPL4453,PF2AM39T,Lenovo Thinkpad L14,2026-08,2026-08-01,2026-08-31,1699,1699,NO
INV-0239,26,Mercury Solutions Limited,TTSPL6664,HY23C63,Dell Latitude 3410,2026-07,2026-07-10,2026-07-31,1699,1205.74,YES
INV-0239,26,Mercury Solutions Limited,TTSPL6664,HY23C63,Dell Latitude 3410,2026-08,2026-08-01,2026-08-31,1699,1699,NO
INV-0239,26,Mercury Solutions Limited,TTSPL6834,5CG212DZKC,Dell HP Elitebook 840 G8,2026-07,2026-07-23,2026-07-31,1899,551.32,YES
INV-0239,26,Mercury Solutions Limited,TTSPL6834,5CG212DZKC,Dell HP Elitebook 840 G8,2026-08,2026-08-01,2026-08-31,1899,1899,NO
INV-0239,26,Mercury Solutions Limited,TTSPLGR0165,1SCY0B3,Dell Latitude 5310,2026-07,2026-07-03,2026-07-31,1699,1589.39,YES
INV-0239,26,Mercury Solutions Limited,TTSPLGR0165,1SCY0B3,Dell Latitude 5310,2026-08,2026-08-01,2026-08-31,1699,1699,NO
INV-0239,26,Mercury Solutions Limited,TTSPL6643,DDPYCL3,Dell Latitude 3420,2026-08,2026-08-01,2026-08-31,1699,1699,NO
INV-0239,26,Mercury Solutions Limited,TTSPL2149,3NWYMF2,Dell Latitude 5490,2026-08,2026-08-01,2026-08-31,1899,1899,NO
INV-0239,26,Mercury Solutions Limited,TTSPL5659,F19Q463,Dell Latitude 3410,2026-08,2026-08-01,2026-08-31,1699,1699,NO
INV-0239,26,Mercury Solutions Limited,TTSPL5710,4BC2QG3,Dell Latitude 3420,2026-08,2026-08-01,2026-08-31,1699,1699,NO
INV-0239,26,Mercury Solutions Limited,TTSPL6531,J673C63,Dell Latitude 3410,2026-08,2026-08-01,2026-08-31,1699,1699,NO
INV-0239,26,Mercury Solutions Limited,TTSPL5770,G8C2QG3,Dell Latitude 3420,2026-08,2026-08-01,2026-08-31,1699,1699,NO
INV-0239,26,Mercury Solutions Limited,TTSPL2913,JM1NHM2,Dell Latitude 7480,2026-08,2026-08-01,2026-08-31,999,999,NO
INV-0239,26,Mercury Solutions Limited,TTSPL7198,R913GZ5L,Lenovo Thinkpad L13,2026-08,2026-08-01,2026-08-31,1899,1899,NO
INV-0239,26,Mercury Solutions Limited,TTSPL5651,2R0DN73,Dell Latitude 5400,2026-08,2026-08-01,2026-08-31,1499,1499,NO
INV-0239,26,Mercury Solutions Limited,TTSPL1585,5CG6472PXW,HP Elitebook 820 G3,2026-08,2026-08-01,2026-08-31,899,899,NO
INV-0239,26,Mercury Solutions Limited,TTSPL4127,5N3K163,Dell Latitude 5410,2026-08,2026-08-01,2026-08-31,1699,1699,NO
INV-0239,26,Mercury Solutions Limited,TTSPL5836,70SD2B3,Dell Latitude 3420,2026-08,2026-08-01,2026-08-31,1699,1699,NO
INV-0239,26,Mercury Solutions Limited,TTSPL3790,9XFD693,Dell Latitude 5410,2026-08,2026-08-01,2026-08-31,1699,1699,NO
INV-0255,28,Upila Digital,TTSPL5647,7YR1T93,Dell Latitude 3410,2026-08,2026-08-01,2026-08-31,1599,1599,NO
INV-0255,28,Upila Digital,TTSPL6205,T7NRCX06257130C,Asus TUF Gaming A15,2026-08,2026-08-01,2026-08-31,5500,5500,NO
INV-0255,28,Upila Digital,TTSPL5114,PF54RHP6,Lenovo V14 (Gen 3),2026-08,2026-08-01,2026-08-31,2499,2499,NO
INV-0255,28,Upila Digital,TTSPL7179,R913GZ74,Lenovo Thinkpad L13,2026-08,2026-08-01,2026-08-31,2499,2499,NO
INV-0255,28,Upila Digital,TTSPL4984,PG04FH24,Lenovo V14 (Gen 3),2026-08,2026-08-01,2026-08-31,2499,2499,NO
INV-0255,28,Upila Digital,TTSPL4141,7QXJ9Y2,Dell Latitude 5501,2026-08,2026-08-01,2026-08-31,3000,3000,NO
INV-0255,28,Upila Digital,TTSPL2358,5CG9164RKD,HP Elitebook 840 G5,2026-08,2026-08-01,2026-08-31,1399,1399,NO
INV-0255,28,Upila Digital,TTSPL5011,PG04FBAG,Lenovo V14 (Gen 3),2026-08,2026-08-01,2026-08-31,2499,2499,NO
INV-0255,28,Upila Digital,TTSPL4971,PG04FH20,Lenovo V14 (Gen 3),2026-08,2026-08-01,2026-08-31,2499,2499,NO
INV-0255,28,Upila Digital,TTSPL4967,PF54Q5CF,Lenovo V14 (Gen 3),2026-08,2026-08-01,2026-08-31,2499,2499,NO
INV-0255,28,Upila Digital,TTSPL6365,24QBKR3,Dell Latitude 7430,2026-07,2026-07-04,2026-07-31,2499,2257.16,YES
INV-0255,28,Upila Digital,TTSPL6365,24QBKR3,Dell Latitude 7430,2026-08,2026-08-01,2026-08-31,2499,2499,NO
INV-0268,29,Optimizing Resources Private Limited,TTSPL3358,B1WBZY2,Dell Latitude 7400 (Touch Screen),2026-08,2026-08-01,2026-08-31,1450,1450,NO
INV-0268,29,Optimizing Resources Private Limited,TTSPL5143,PF2QZYSL,Lenovo Thinkpad T14,2026-08,2026-08-01,2026-08-31,1450,1450,NO
INV-0268,29,Optimizing Resources Private Limited,TTSPL5270,PG02Y0DV,Lenovo Thinkpad E14 (Gen 2),2026-08,2026-08-01,2026-08-31,1450,1450,NO
INV-0268,29,Optimizing Resources Private Limited,TTSPL5479,3NQHWZ2,Dell Latitude 3400,2026-08,2026-08-01,2026-08-31,1450,1450,NO
INV-0268,29,Optimizing Resources Private Limited,TTSPL5178,PG02Y0FW,Lenovo Thinkpad E14 (Gen 2),2026-08,2026-08-01,2026-08-31,1699,1699,NO
INV-0268,29,Optimizing Resources Private Limited,TTSPL5173,PG02Y0BM,Lenovo Thinkpad E14 (Gen 2),2026-08,2026-08-01,2026-08-31,1699,1699,NO
INV-0268,29,Optimizing Resources Private Limited,TTSPL3198,G0M0P13,Dell Latitude 7400 (Touch Screen),2026-08,2026-08-01,2026-08-31,1450,1450,NO
INV-0268,29,Optimizing Resources Private Limited,TTSPL5172,PG02Y0FY,Lenovo Thinkpad E14 (Gen 2),2026-08,2026-08-01,2026-08-31,1699,1699,NO
INV-0268,29,Optimizing Resources Private Limited,TTSPL5303,5CD1394XWW,HP Probook 440 G8,2026-08,2026-08-01,2026-08-31,1699,1699,NO
INV-0268,29,Optimizing Resources Private Limited,TTSPL5492,6WP70J3,Dell Latitude 5420 (Touch Screen),2026-08,2026-08-01,2026-08-31,2899,2899,NO
INV-0268,29,Optimizing Resources Private Limited,TTSPL5407,5CD1411HG1,HP Probook 440 G8,2026-08,2026-08-01,2026-08-31,1699,1699,NO
INV-0268,29,Optimizing Resources Private Limited,TTSPL5457,PF32GEYD,Lenovo Thinkpad T14 (Touchscreen),2026-08,2026-08-01,2026-08-31,1699,1699,NO
INV-0268,29,Optimizing Resources Private Limited,TTSPL3376,PC0CF986,Lenovo Thinkpad T450,2026-08,2026-08-01,2026-08-31,1450,1450,NO
INV-0268,29,Optimizing Resources Private Limited,TTSPL2458,PC0GJ0EY,Lenovo Thinkpad T460 (Touch Screen),2026-08,2026-08-01,2026-08-31,1450,1450,NO
INV-0268,29,Optimizing Resources Private Limited,TTSPL1553,6F6XNC2,Dell Latitude E5470,2026-08,2026-08-01,2026-08-31,1450,1450,NO
INV-0268,29,Optimizing Resources Private Limited,TTSPL1448,JX1GQ12,Dell Latitude E7240,2026-08,2026-08-01,2026-08-31,1450,1450,NO
INV-0268,29,Optimizing Resources Private Limited,TTSPL5164,PF3DSYE6,Lenovo Thinkpad E14 (Gen 2),2026-08,2026-08-01,2026-08-31,1699,1699,NO
INV-0268,29,Optimizing Resources Private Limited,TTSPL5398,4KQPZD3,Dell Latitude 5420,2026-08,2026-08-01,2026-08-31,1699,1699,NO
INV-0268,29,Optimizing Resources Private Limited,TTSPL5163,PG02Y0BB,Lenovo Thinkpad E14 (Gen 2),2026-08,2026-08-01,2026-08-31,1699,1699,NO
INV-0268,29,Optimizing Resources Private Limited,TTSPL5069,80J80F3,Dell Latitude 5420,2026-08,2026-08-01,2026-08-31,1450,1450,NO
INV-0268,29,Optimizing Resources Private Limited,TTSPL5168,PG02Y0F8,Lenovo Thinkpad E14 (Gen 2),2026-08,2026-08-01,2026-08-31,1699,1699,NO
INV-0268,29,Optimizing Resources Private Limited,TTSPL5182,PG02Y0E3,Lenovo Thinkpad E14 (Gen 2),2026-08,2026-08-01,2026-08-31,1699,1699,NO
INV-0268,29,Optimizing Resources Private Limited,TTSPL5464,PG02SK9J,Lenovo Thinkpad E14,2026-08,2026-08-01,2026-08-31,1699,1699,NO
INV-0268,29,Optimizing Resources Private Limited,TTSPL5491,2C4CGK3,Dell Latitude 5420,2026-08,2026-08-01,2026-08-31,2899,2899,NO
INV-0268,29,Optimizing Resources Private Limited,TTSPL3223,3HB2N13,Dell Latitude 7400 (Touch Screen),2026-08,2026-08-01,2026-08-31,1450,1450,NO
INV-0268,29,Optimizing Resources Private Limited,TTSPLGR0038,19G9VN2,Dell Latitude E5290,2026-08,2026-08-01,2026-08-31,1450,1450,NO
INV-0268,29,Optimizing Resources Private Limited,TTSPL1014,CNU416DB7G,HP Elitebook 840 G1,2026-08,2026-08-01,2026-08-31,1450,1450,NO
INV-0268,29,Optimizing Resources Private Limited,TTSPL1197,5CG515112R,HP Elitebook 840 G1,2026-08,2026-08-01,2026-08-31,1450,1450,NO
INV-0268,29,Optimizing Resources Private Limited,TTSPL5150,PF1BW4M2,Lenovo Thinkpad T14,2026-08,2026-08-01,2026-08-31,1450,1450,NO
INV-0268,29,Optimizing Resources Private Limited,TTSPL5466,PF3DNPRY,Lenovo Thinkpad E14,2026-08,2026-08-01,2026-08-31,1699,1699,NO
INV-0268,29,Optimizing Resources Private Limited,TTSPL5468,PG02SKDB,Lenovo Thinkpad E14,2026-08,2026-08-01,2026-08-31,1699,1699,NO
INV-0268,29,Optimizing Resources Private Limited,TTSPL5400,JV544M3,Dell Latitude 5420,2026-08,2026-08-01,2026-08-31,1699,1699,NO
INV-0268,29,Optimizing Resources Private Limited,TTSPL2409,PC0KKL39,Lenovo Thinkpad T460 (Touch Screen),2026-08,2026-08-01,2026-08-31,1450,1450,NO
INV-0268,29,Optimizing Resources Private Limited,TTSPL1490,5CG6472R2B,HP Elitebook 820 G3,2026-08,2026-08-01,2026-08-31,1450,1450,NO
INV-0268,29,Optimizing Resources Private Limited,TTSPL2800,FC9Y4H2,Dell Latitude E7470,2026-08,2026-08-01,2026-08-31,1450,1450,NO
INV-0268,29,Optimizing Resources Private Limited,TTSPL5418,5CD0485V9R,HP Probook 440 G8,2026-08,2026-08-01,2026-08-31,1699,1699,NO
INV-0268,29,Optimizing Resources Private Limited,TTSPL1151,CNU4269X8S,HP Elitebook 820 G1,2026-08,2026-08-01,2026-08-31,1450,1450,NO
INV-0268,29,Optimizing Resources Private Limited,TTSPL2912,40V36M2,Dell Latitude 7480,2026-08,2026-08-01,2026-08-31,1450,1450,NO
INV-0268,29,Optimizing Resources Private Limited,TTSPL6853,PG02WBHK,Lenovo Thinkpad L14,2026-08,2026-08-01,2026-08-31,1450,1450,NO
INV-0268,29,Optimizing Resources Private Limited,TTSPLGR0121,9GTNMV2,Dell Latitude 7390,2026-08,2026-08-01,2026-08-31,1450,1450,NO
INV-0268,29,Optimizing Resources Private Limited,TTSPL2302,5CG4501JPW,HP Elitebook 840 G1,2026-08,2026-08-01,2026-08-31,1450,1450,NO
INV-0268,29,Optimizing Resources Private Limited,TTSPL5230,PG02Y0B9,Lenovo Thinkpad E14 (Gen 2),2026-08,2026-08-01,2026-08-31,1450,1450,NO
INV-0268,29,Optimizing Resources Private Limited,TTSPL3588,PC10YH71,Lenovo Thinkpad T480s,2026-08,2026-08-01,2026-08-31,1450,1450,NO
INV-0268,29,Optimizing Resources Private Limited,TTSPL2920,2527BH2,Dell Latitude 7480,2026-08,2026-08-01,2026-08-31,1450,1450,NO
INV-0268,29,Optimizing Resources Private Limited,TTSPL3628,11PY7S2,Dell Latitude 7490,2026-08,2026-08-01,2026-08-31,1450,1450,NO
INV-0268,29,Optimizing Resources Private Limited,TTSPL3406,5CG90949DD,HP Elitebook 840 G5,2026-08,2026-08-01,2026-08-31,1450,1450,NO
INV-0268,29,Optimizing Resources Private Limited,TTSPL2116,5CG524076V,HP Elitebook 840 G2,2026-08,2026-08-01,2026-08-31,1450,1450,NO
INV-0268,29,Optimizing Resources Private Limited,TTSPL3202,DRJTL13,Dell Latitude 7400 (Touch Screen),2026-08,2026-08-01,2026-08-31,1450,1450,NO
INV-0268,29,Optimizing Resources Private Limited,TTSPL6333,J2QM763,Dell Latitude 3410,2026-08,2026-08-01,2026-08-31,1450,1450,NO
INV-0268,29,Optimizing Resources Private Limited,TTSPL5409,5CD147H28P,HP Probook 440 G8,2026-08,2026-08-01,2026-08-31,1699,1699,NO
INV-0268,29,Optimizing Resources Private Limited,TTSPL3134,CW48N13,Dell Latitude 7400 (Touch Screen),2026-08,2026-08-01,2026-08-31,1450,1450,NO
INV-0268,29,Optimizing Resources Private Limited,TTSPL5183,PG02Y0BZ,Lenovo Thinkpad E14 (Gen 2),2026-08,2026-08-01,2026-08-31,1699,1699,NO
INV-0268,29,Optimizing Resources Private Limited,TTSPL2955,FDBCQ92,Dell Latitude E7470,2026-08,2026-08-01,2026-08-31,1450,1450,NO
INV-0268,29,Optimizing Resources Private Limited,TTSPL3918,9TK2723,Dell Vostro 3480,2026-08,2026-08-01,2026-08-31,1450,1450,NO
INV-0268,29,Optimizing Resources Private Limited,TTSPL5181,PG02Y0BY,Lenovo Thinkpad E14 (Gen 2),2026-08,2026-08-01,2026-08-31,1699,1699,NO
INV-0268,29,Optimizing Resources Private Limited,TTSPL5180,PG02XZ22,Lenovo Thinkpad E14 (Gen 2),2026-08,2026-08-01,2026-08-31,1699,1699,NO
INV-0268,29,Optimizing Resources Private Limited,TTSPL4501,28N63F3,Dell Latitude 5420,2026-08,2026-08-01,2026-08-31,1450,1450,NO
INV-0268,29,Optimizing Resources Private Limited,TTSPL6394,PG02YB1E,Lenovo Thinkpad E-14 Gen 2,2026-08,2026-08-01,2026-08-31,1450,1450,NO
INV-0268,29,Optimizing Resources Private Limited,TTSPL3039,1Z80S72,Dell Latitude E7470,2026-08,2026-08-01,2026-08-31,1450,1450,NO
INV-0268,29,Optimizing Resources Private Limited,TTSPL5936,PG034350,Lenovo Thinkpad E14,2026-07,2026-07-07,2026-07-31,1700,1370.97,YES
INV-0268,29,Optimizing Resources Private Limited,TTSPL5936,PG034350,Lenovo Thinkpad E14,2026-08,2026-08-01,2026-08-31,1700,1700,NO
INV-0268,29,Optimizing Resources Private Limited,TTSPL7216,R914RLQH,Lenovo Thinkpad L13,2026-07,2026-07-07,2026-07-31,1700,1370.97,YES
INV-0268,29,Optimizing Resources Private Limited,TTSPL7216,R914RLQH,Lenovo Thinkpad L13,2026-08,2026-08-01,2026-08-31,1700,1700,NO
INV-0268,29,Optimizing Resources Private Limited,TTSPL7441,DMV76D3,Latitude 5420,2026-07,2026-07-07,2026-07-31,1600,1290.32,YES
INV-0268,29,Optimizing Resources Private Limited,TTSPL7441,DMV76D3,Latitude 5420,2026-08,2026-08-01,2026-08-31,1600,1600,NO
INV-0268,29,Optimizing Resources Private Limited,TTSPL7159,R914RLS1,Lenovo Thinkpad L13,2026-07,2026-07-07,2026-07-31,1600,1290.32,YES
INV-0268,29,Optimizing Resources Private Limited,TTSPL7159,R914RLS1,Lenovo Thinkpad L13,2026-08,2026-08-01,2026-08-31,1600,1600,NO
INV-0268,29,Optimizing Resources Private Limited,TTSPL6974,FKQN3F3,Dell Latitude 7420,2026-07,2026-07-25,2026-07-31,2999,677.19,YES
INV-0268,29,Optimizing Resources Private Limited,TTSPL6974,FKQN3F3,Dell Latitude 7420,2026-08,2026-08-01,2026-08-31,2999,2999,NO
INV-0268,29,Optimizing Resources Private Limited,TTSPL7433,4LC98G3,Latitude 5420,2026-07,2026-07-07,2026-07-31,1600,1290.32,YES
INV-0268,29,Optimizing Resources Private Limited,TTSPL7433,4LC98G3,Latitude 5420,2026-08,2026-08-01,2026-08-31,1600,1600,NO
INV-0268,29,Optimizing Resources Private Limited,TTSPL7437,DMK98G3,Latitude 5420,2026-07,2026-07-07,2026-07-31,1600,1290.32,YES
INV-0268,29,Optimizing Resources Private Limited,TTSPL7437,DMK98G3,Latitude 5420,2026-08,2026-08-01,2026-08-31,1600,1600,NO
INV-0268,29,Optimizing Resources Private Limited,TTSPL7430,HY63TQ3,Latitude 5420,2026-07,2026-07-09,2026-07-31,1600,1187.1,YES
INV-0268,29,Optimizing Resources Private Limited,TTSPL7430,HY63TQ3,Latitude 5420,2026-08,2026-08-01,2026-08-31,1600,1600,NO
INV-0268,29,Optimizing Resources Private Limited,TTSPL4431,PF2ALNQW,Lenovo Thinkpad L14,2026-08,2026-08-01,2026-08-31,1450,1450,NO
INV-0268,29,Optimizing Resources Private Limited,TTSPL5162,PF2559PN,Lenovo Thinkpad T14,2026-08,2026-08-01,2026-08-31,1450,1450,NO
INV-0268,29,Optimizing Resources Private Limited,TTSPL5413,5CD1411J5H,HP Probook 440 G8,2026-08,2026-08-01,2026-08-31,1699,1699,NO
INV-0268,29,Optimizing Resources Private Limited,TTSPL5412,5CD1322053,HP Probook 440 G8,2026-08,2026-08-01,2026-08-31,1699,1699,NO
INV-0268,29,Optimizing Resources Private Limited,TTSPL5171,PG02Y0DW,Lenovo Thinkpad E14 (Gen 2),2026-08,2026-08-01,2026-08-31,1699,1699,NO
INV-0268,29,Optimizing Resources Private Limited,TTSPL5189,PG02SKB2,Lenovo Thinkpad E14 (Gen 2),2026-08,2026-08-01,2026-08-31,1699,1699,NO
INV-0268,29,Optimizing Resources Private Limited,TTSPL5187,PG02SKCP,Lenovo Thinkpad E14 (Gen 2),2026-08,2026-08-01,2026-08-31,1699,1699,NO
INV-0268,29,Optimizing Resources Private Limited,TTSPL5283,PC0R7B0N,Lenovo Thinkcenter M710q,2026-08,2026-08-01,2026-08-31,1450,1450,NO
INV-0268,29,Optimizing Resources Private Limited,TTSPL5146,PF1TD7FZ,Lenovo Thinkpad T14,2026-08,2026-08-01,2026-08-31,1450,1450,NO
INV-0268,29,Optimizing Resources Private Limited,TTSPL5154,PF2C9R3H,Lenovo Thinkpad T14,2026-08,2026-08-01,2026-08-31,1450,1450,NO
INV-0268,29,Optimizing Resources Private Limited,TTSPL5284,PF35JAD8,Lenovo Thinkpad T14,2026-08,2026-08-01,2026-08-31,1450,1450,NO
INV-0268,29,Optimizing Resources Private Limited,TTSPL5301,5CD1321W7V,HP Probook 440 G8,2026-08,2026-08-01,2026-08-31,1699,1699,NO
INV-0268,29,Optimizing Resources Private Limited,TTSPL5381,1Z8K4J3,Dell Latitude 5420,2026-08,2026-08-01,2026-08-31,1699,1699,NO
INV-0268,29,Optimizing Resources Private Limited,TTSPL5144,PF2M72Z7,Lenovo Thinkpad T14,2026-08,2026-08-01,2026-08-31,1450,1450,NO
INV-0268,29,Optimizing Resources Private Limited,TTSPL5458,PF32GGV1,Lenovo Thinkpad T14 (Touchscreen),2026-08,2026-08-01,2026-08-31,1699,1699,NO
INV-0268,29,Optimizing Resources Private Limited,TTSPL5387,C5862F3,Dell Latitude 5420,2026-08,2026-08-01,2026-08-31,1699,1699,NO
INV-0268,29,Optimizing Resources Private Limited,TTSPL5299,5CD152BHJZ,HP Probook 440 G8,2026-08,2026-08-01,2026-08-31,1699,1699,NO
INV-0268,29,Optimizing Resources Private Limited,TTSPL2629,5X0VYF2,Dell Latitude E5470,2026-08,2026-08-01,2026-08-31,1450,1450,NO
INV-0268,29,Optimizing Resources Private Limited,TTSPL3696,PC0CR1V7,Lenovo Thinkpad T460,2026-08,2026-08-01,2026-08-31,1450,1450,NO
INV-0268,29,Optimizing Resources Private Limited,TTSPL2942,DWCP0G2,Dell Latitude E5470,2026-08,2026-08-01,2026-08-31,1450,1450,NO
INV-0268,29,Optimizing Resources Private Limited,TTSPL3240,PF1Q10QH,Lenovo Thinkpad T480 (Touchscreen),2026-08,2026-08-01,2026-08-31,1450,1450,NO
INV-0268,29,Optimizing Resources Private Limited,TTSPL1146,BQJPR22,Dell Latitude E7240,2026-08,2026-08-01,2026-08-31,1450,1450,NO
INV-0268,29,Optimizing Resources Private Limited,TTSPL3306,PF1HYHVV,Lenovo Thinkpad T480,2026-08,2026-08-01,2026-08-31,1450,1450,NO
INV-0268,29,Optimizing Resources Private Limited,TTSPL1102,PF032EDS,Lenovo Thinkpad X240,2026-08,2026-08-01,2026-08-31,1450,1450,NO
INV-0268,29,Optimizing Resources Private Limited,TTSPL5191,PG02Y0F0,Lenovo Thinkpad E14 (Gen 2),2026-08,2026-08-01,2026-08-31,1699,1699,NO
INV-0268,29,Optimizing Resources Private Limited,TTSPL5282,PC0P9S1U,Lenovo Thinkcenter M710q,2026-08,2026-08-01,2026-08-31,1450,1450,NO
INV-0268,29,Optimizing Resources Private Limited,TTSPL5151,PF2MZM2A,Lenovo Thinkpad T14,2026-08,2026-08-01,2026-08-31,1450,1450,NO
INV-0268,29,Optimizing Resources Private Limited,TTSPL5152,PF20FZK8,Lenovo Thinkpad T14,2026-08,2026-08-01,2026-08-31,1450,1450,NO
INV-0268,29,Optimizing Resources Private Limited,TTSPL5388,56V70J3,Dell Latitude 5420,2026-08,2026-08-01,2026-08-31,1699,1699,NO
INV-0268,29,Optimizing Resources Private Limited,TTSPL5469,PG02SKD1,Lenovo Thinkpad E14,2026-08,2026-08-01,2026-08-31,1699,1699,NO
INV-0268,29,Optimizing Resources Private Limited,TTSPL3614,2TK85002XP,HP Probook 640 G4,2026-08,2026-08-01,2026-08-31,1450,1450,NO
INV-0268,29,Optimizing Resources Private Limited,TTSPL3768,FKR6RV2,Dell Latitude 5490,2026-08,2026-08-01,2026-08-31,1450,1450,NO
INV-0268,29,Optimizing Resources Private Limited,TTSPL2717,PC0HB1D4,Lenovo Thinkpad T460,2026-08,2026-08-01,2026-08-31,1450,1450,NO
INV-0268,29,Optimizing Resources Private Limited,TTSPL2718,PC0HJ4MH,Lenovo Thinkpad T460,2026-08,2026-08-01,2026-08-31,1450,1450,NO
INV-0268,29,Optimizing Resources Private Limited,TTSPL2936,5T3M4Y2,Dell Latitude 5400,2026-08,2026-08-01,2026-08-31,1450,1450,NO
INV-0268,29,Optimizing Resources Private Limited,TTSPL3220,39ZW8Y2,Dell Latitude 7400 (Touch Screen),2026-08,2026-08-01,2026-08-31,1450,1450,NO
INV-0268,29,Optimizing Resources Private Limited,TTSPL5186,PG02SKBZ,Lenovo Thinkpad E14 (Gen 2),2026-08,2026-08-01,2026-08-31,1699,1699,NO
INV-0268,29,Optimizing Resources Private Limited,TTSPL4686,PF31MN6B,Lenovo Thinkpad T14,2026-08,2026-08-01,2026-08-31,1699,1699,NO
INV-0275,35,ISCREENING SERVICES PRIVATE LIMITED,TTSPL4920,PC16247W,Lenovo Thinkpad T480s,2026-08,2026-08-01,2026-08-31,999,999,NO
INV-0275,35,ISCREENING SERVICES PRIVATE LIMITED,TTSPL4924,PC164BJ9,Lenovo Thinkpad T480s,2026-08,2026-08-01,2026-08-31,999,999,NO
INV-0275,35,ISCREENING SERVICES PRIVATE LIMITED,TTSPL4928,PC16248E,Lenovo Thinkpad T480s,2026-08,2026-08-01,2026-08-31,999,999,NO
INV-0275,35,ISCREENING SERVICES PRIVATE LIMITED,TTSPL4932,PC16246M,Lenovo Thinkpad T480s,2026-08,2026-08-01,2026-08-31,999,999,NO
INV-0275,35,ISCREENING SERVICES PRIVATE LIMITED,TTSPL4909,PC164BKV,Lenovo Thinkpad T480s,2026-08,2026-08-01,2026-08-31,999,999,NO
INV-0275,35,ISCREENING SERVICES PRIVATE LIMITED,TTSPL4922,PC1624A1,Lenovo Thinkpad T480s,2026-08,2026-08-01,2026-08-31,999,999,NO
INV-0287,39,SARTHHAKAI PRIVATE LIMITED,TTSPL3990,CND12403F1,HP Elitebook 1040 G8,2026-08,2026-08-01,2026-08-31,3990,3990,NO
INV-0287,39,SARTHHAKAI PRIVATE LIMITED,TTSPL5030,G60Q24675V,Apple Macbook Pro,2026-08,2026-08-01,2026-08-31,4999,4999,NO
INV-0287,39,SARTHHAKAI PRIVATE LIMITED,TTSPL1933,FVFHVC53Q05D,Apple Macbook Pro,2026-08,2026-08-01,2026-08-31,4999,4999,NO
INV-0287,39,SARTHHAKAI PRIVATE LIMITED,TTSPL3216,C97MF69W02,Apple Macbook Pro,2026-08,2026-08-01,2026-08-31,5999,5999,NO
INV-0278,45,TRIPOCLAN TRAVEL PRIVATE LIMITED,TTSPL4548,CKHL6D3,Dell Latitude 5420,2026-08,2026-08-01,2026-08-31,1799,1799,NO
INV-0278,45,TRIPOCLAN TRAVEL PRIVATE LIMITED,TTSPL4563,3T6X3D3,Dell Latitude 5420,2026-08,2026-08-01,2026-08-31,1500,1500,NO
INV-0278,45,TRIPOCLAN TRAVEL PRIVATE LIMITED,TTSPL4550,GDBBZH3,Dell Latitude 5420,2026-08,2026-08-01,2026-08-31,1799,1799,NO
INV-0278,45,TRIPOCLAN TRAVEL PRIVATE LIMITED,TTSPL4486,1NB04D3,Dell Latitude 5420,2026-08,2026-08-01,2026-08-31,1799,1799,NO
INV-0278,45,TRIPOCLAN TRAVEL PRIVATE LIMITED,TTSPL4560,HQYF0J3,Dell Latitude 5420,2026-08,2026-08-01,2026-08-31,1799,1799,NO
INV-0278,45,TRIPOCLAN TRAVEL PRIVATE LIMITED,TTSPL4472,PC28308K,Lenovo Thinkpad X-13,2026-08,2026-08-01,2026-08-31,1799,1799,NO
INV-0278,45,TRIPOCLAN TRAVEL PRIVATE LIMITED,TTSPL4538,4C4G6D3,Dell Latitude 5420,2026-08,2026-08-01,2026-08-31,1799,1799,NO
INV-0278,45,TRIPOCLAN TRAVEL PRIVATE LIMITED,TTSPL6618,PG02YB28,Lenovo Thinkpad E-14 Gen 2,2026-08,2026-08-01,2026-08-31,1799,1799,NO
INV-0278,45,TRIPOCLAN TRAVEL PRIVATE LIMITED,TTSPL4555,HX0B3F3,Dell Latitude 5420,2026-08,2026-08-01,2026-08-31,1799,1799,NO
INV-0278,45,TRIPOCLAN TRAVEL PRIVATE LIMITED,TTSPL6005,CVXTWL3,Dell Latitude 3420,2026-08,2026-08-01,2026-08-31,1799,1799,NO
INV-0278,45,TRIPOCLAN TRAVEL PRIVATE LIMITED,TTSPL4611,2P1LNQ3,Dell Latitude 5420 (Touch Screen),2026-08,2026-08-01,2026-08-31,2799,2799,NO
INV-0278,45,TRIPOCLAN TRAVEL PRIVATE LIMITED,TTSPL6617,24RD2B3,Dell Latitude 3420,2026-08,2026-08-01,2026-08-31,1799,1799,NO
INV-0346,49,TSCX CONSULTING PRIVATE LIMITED,TTSPL3713,FVFDQVN9Q05D,Apple Macbook Pro,2026-08,2026-08-01,2026-08-31,4299,4299,NO
INV-0244,57,WedMeGood,TTSPL4861,SCNRCX03W861511,Asus TUF Gaming A15,2026-08,2026-08-01,2026-08-31,4999,4999,NO
INV-0202,60,DIGEESELL MEDIA SOLUTIONS PRIVATE LIMITED,TTSPL3634,HLMZ4Q2,Dell Latitude 7490,2026-08,2026-08-01,2026-08-31,1649,1649,NO
INV-0202,60,DIGEESELL MEDIA SOLUTIONS PRIVATE LIMITED,TTSPL6477,FH3BW93,Dell Latitude 3410,2026-08,2026-08-01,2026-08-31,1999,1999,NO
INV-0202,60,DIGEESELL MEDIA SOLUTIONS PRIVATE LIMITED,TTSPL3945,DP8GPQ2,Dell Latitude 7490,2026-08,2026-08-01,2026-08-31,1499,1499,NO
INV-0311,62,Pas Digital Pvt Ltd,TTSPL6641,H4RD2B3,Dell Latitude 3420,2026-08,2026-08-01,2026-08-31,1999,1999,NO
INV-0311,62,Pas Digital Pvt Ltd,TTSPL1743,5CD6355GC3,HP Laptop Probook 430 G3,2026-08,2026-08-01,2026-08-31,1490,1490,NO
INV-0311,62,Pas Digital Pvt Ltd,TTSPL2895,FVFFN8WUQ05F,Apple MacBook Pro M1,2026-08,2026-08-01,2026-08-31,5349,5349,NO
INV-0311,62,Pas Digital Pvt Ltd,TTSPL3850,5CG6392QN3,HP Elitebook 840 G3,2026-08,2026-08-01,2026-08-31,1490,1490,NO
INV-0311,62,Pas Digital Pvt Ltd,TTSPL4155,5CD6400VHM,HP Probook 430 G3,2026-08,2026-08-01,2026-08-31,1499,1499,NO
INV-0311,62,Pas Digital Pvt Ltd,TTSPL3178,PF2283DM,Lenovo Thinkpad T490 (Touchscreen),2026-08,2026-08-01,2026-08-31,1999,1999,NO
INV-0311,62,Pas Digital Pvt Ltd,TTSPL4232,J9B1BC3,Dell Latitude 5410,2026-08,2026-08-01,2026-08-31,2999,2999,NO
INV-0311,62,Pas Digital Pvt Ltd,TTSPL3566,PC1NVVA6,Lenovo Thinkpad X-13,2026-08,2026-08-01,2026-08-31,1699,1699,NO
INV-0311,62,Pas Digital Pvt Ltd,TTSPL3968,B57TMQ2,Dell Latitude 7490,2026-08,2026-08-01,2026-08-31,1699,1699,NO
INV-0311,62,Pas Digital Pvt Ltd,TTSPL3770,6J33ZW2,Dell Latitude 5490,2026-08,2026-08-01,2026-08-31,1699,1699,NO
INV-0311,62,Pas Digital Pvt Ltd,TTSPL4021,5NQT0Z2,Dell Latitude 7490,2026-08,2026-08-01,2026-08-31,1899,1899,NO
INV-0311,62,Pas Digital Pvt Ltd,TTSPL5295,PF1SSAK2,Lenovo Thinkpad T14,2026-08,2026-08-01,2026-08-31,1690,1690,NO
INV-0311,62,Pas Digital Pvt Ltd,TTSPL5204,PF29JJ4H,Lenovo Thinkpad T490,2026-08,2026-08-01,2026-08-31,1699,1699,NO
INV-0311,62,Pas Digital Pvt Ltd,TTSPL3411,J154ZW2,Dell Latitude 7400,2026-08,2026-08-01,2026-08-31,1599,1599,NO
INV-0300,66,ROADEXPRESS TECHNOLOGY PRIVATE LIMITED,TTSPL3851,CZZQ0X2,Dell Latitude 7290,2026-08,2026-08-01,2026-08-31,1100,1100,NO
INV-0300,66,ROADEXPRESS TECHNOLOGY PRIVATE LIMITED,TTSPL1462,5CG5073TDC,HP Elitebook 840 G1,2026-08,2026-08-01,2026-08-31,699,699,NO
INV-0300,66,ROADEXPRESS TECHNOLOGY PRIVATE LIMITED,TTSPL3154,PF1CYQPB,Lenovo Thinkpad T490 (Touchscreen),2026-08,2026-08-01,2026-08-31,1100,1100,NO
INV-0300,66,ROADEXPRESS TECHNOLOGY PRIVATE LIMITED,TTSPL5193,PF21Q19Y,Lenovo Thinkpad T490,2026-08,2026-08-01,2026-08-31,1100,1100,NO
INV-0300,66,ROADEXPRESS TECHNOLOGY PRIVATE LIMITED,TTSPL4930,PC16249P,Lenovo Thinkpad T480s,2026-08,2026-08-01,2026-08-31,1100,1100,NO
INV-0300,66,ROADEXPRESS TECHNOLOGY PRIVATE LIMITED,TTSPL5477,6NBWVZ2,Dell Latitude 3400,2026-08,2026-08-01,2026-08-31,1100,1100,NO
INV-0300,66,ROADEXPRESS TECHNOLOGY PRIVATE LIMITED,TTSPL4961,PC1GXJ1N,Lenovo Thinkpad T490s,2026-08,2026-08-01,2026-08-31,1100,1100,NO
INV-0300,66,ROADEXPRESS TECHNOLOGY PRIVATE LIMITED,TTSPL5221,PF21PRGR,Lenovo Thinkpad T490,2026-08,2026-08-01,2026-08-31,1100,1100,NO
INV-0300,66,ROADEXPRESS TECHNOLOGY PRIVATE LIMITED,TTSPL5218,PF26ZN9W,Lenovo Thinkpad T490,2026-08,2026-08-01,2026-08-31,1100,1100,NO
INV-0300,66,ROADEXPRESS TECHNOLOGY PRIVATE LIMITED,TTSPL2743,GSNT7S2,Dell Latitude 5490,2026-08,2026-08-01,2026-08-31,1100,1100,NO
INV-0300,66,ROADEXPRESS TECHNOLOGY PRIVATE LIMITED,TTSPL3109,PF1XA91Z,Lenovo Thinkpad T490 (Touchscreen),2026-08,2026-08-01,2026-08-31,1100,1100,NO
INV-0300,66,ROADEXPRESS TECHNOLOGY PRIVATE LIMITED,TTSPL5488,DP5SWZ2,Dell Latitude 3400,2026-08,2026-08-01,2026-08-31,1100,1100,NO
INV-0300,66,ROADEXPRESS TECHNOLOGY PRIVATE LIMITED,TTSPL5664,JRVNM53,Dell Latitude 5400,2026-08,2026-08-01,2026-08-31,1100,1100,NO
INV-0300,66,ROADEXPRESS TECHNOLOGY PRIVATE LIMITED,TTSPL5677,8DHQQ73,Dell Latitude 5400,2026-08,2026-08-01,2026-08-31,1100,1100,NO
INV-0300,66,ROADEXPRESS TECHNOLOGY PRIVATE LIMITED,TTSPL5046,PC1GXJ0R,Lenovo Thinkpad T490s,2026-08,2026-08-01,2026-08-31,1100,1100,NO
INV-0300,66,ROADEXPRESS TECHNOLOGY PRIVATE LIMITED,TTSPL5195,PF1C3PQ0,Lenovo Thinkpad T490,2026-08,2026-08-01,2026-08-31,1100,1100,NO
INV-0300,66,ROADEXPRESS TECHNOLOGY PRIVATE LIMITED,TTSPL3663,JMS08S2,Dell Latitude 7490,2026-08,2026-08-01,2026-08-31,1100,1100,NO
INV-0300,66,ROADEXPRESS TECHNOLOGY PRIVATE LIMITED,TTSPL5679,GFLZP13,Dell Latitude 5400,2026-08,2026-08-01,2026-08-31,1100,1100,NO
INV-0189,70,WSB PROJECTS PRIVATE LIMITED,TTSPL6231,92J0503,Dell Latitude 3410,2026-07,2026-07-09,2026-07-31,1500,1112.9,YES
INV-0189,70,WSB PROJECTS PRIVATE LIMITED,TTSPL6231,92J0503,Dell Latitude 3410,2026-08,2026-08-01,2026-08-31,1500,1500,NO
INV-0189,70,WSB PROJECTS PRIVATE LIMITED,TTSPL5706,F7ZYJG3,Dell Latitude 3420,2026-08,2026-08-01,2026-08-31,1500,1500,NO
INV-0189,70,WSB PROJECTS PRIVATE LIMITED,TTSPL6405,PG02JQ8Y,Lenovo Thinkpad E-14 Gen 2,2026-08,2026-08-01,2026-08-31,1500,1500,NO
INV-0189,70,WSB PROJECTS PRIVATE LIMITED,TTSPL3927,33CJZQ2,Dell Latitude 7490,2026-08,2026-08-01,2026-08-31,1500,1500,NO
INV-0189,70,WSB PROJECTS PRIVATE LIMITED,TTSPL4447,PF2CAZ9N,Lenovo Thinkpad L14,2026-08,2026-08-01,2026-08-31,1500,1500,NO
INV-0189,70,WSB PROJECTS PRIVATE LIMITED,TTSPL3444,BZS1F63,Dell Latitude 5310 (TOUCH SCREEN),2026-08,2026-08-01,2026-08-31,1500,1500,NO
INV-0189,70,WSB PROJECTS PRIVATE LIMITED,TTSPL5633,PF3CF0KQ,Lenovo Thinkpad E14,2026-08,2026-08-01,2026-08-31,1500,1500,NO
INV-0189,70,WSB PROJECTS PRIVATE LIMITED,TTSPL4716,PF32JC3T,Lenovo Thinkpad T14,2026-08,2026-08-01,2026-08-31,1500,1500,NO
INV-0242,72,PARTS AVATAR INDIA PRIVATE LIMITED,TTSPL5438,HQQHWZ2,Dell Latitude 3400,2026-08,2026-08-01,2026-08-31,1250,1250,NO
INV-0242,72,PARTS AVATAR INDIA PRIVATE LIMITED,TTSPL5485,5LQYVZ2,Dell Latitude 3400,2026-08,2026-08-01,2026-08-31,1250,1250,NO
INV-0242,72,PARTS AVATAR INDIA PRIVATE LIMITED,TTSPL5202,PF21YM59,Lenovo Lenovo Thinkpad T490,2026-08,2026-08-01,2026-08-31,1250,1250,NO
INV-0242,72,PARTS AVATAR INDIA PRIVATE LIMITED,TTSPL1967,3B5QNV2,Dell Latitude 5490,2026-08,2026-08-01,2026-08-31,1250,1250,NO
INV-0242,72,PARTS AVATAR INDIA PRIVATE LIMITED,TTSPL5206,PF21YSKT,Lenovo Thinkpad T490,2026-08,2026-08-01,2026-08-31,1250,1250,NO
INV-0242,72,PARTS AVATAR INDIA PRIVATE LIMITED,TTSPL5429,3TZRWZ2,Dell Latitude 3400,2026-08,2026-08-01,2026-08-31,1250,1250,NO
INV-0242,72,PARTS AVATAR INDIA PRIVATE LIMITED,TTSPL5487,8VHB103,Dell Latitude 3400,2026-08,2026-08-01,2026-08-31,1250,1250,NO
INV-0242,72,PARTS AVATAR INDIA PRIVATE LIMITED,TTSPL5489,1D9RMW2,Dell Latitude 3400,2026-08,2026-08-01,2026-08-31,1250,1250,NO
INV-0242,72,PARTS AVATAR INDIA PRIVATE LIMITED,TTSPL5484,GCKPMW2,Dell Latitude 3400,2026-08,2026-08-01,2026-08-31,1250,1250,NO
INV-0242,72,PARTS AVATAR INDIA PRIVATE LIMITED,TTSPL5422,5Q3SWZ2,Dell Latitude 3400,2026-08,2026-08-01,2026-08-31,1250,1250,NO
INV-0242,72,PARTS AVATAR INDIA PRIVATE LIMITED,TTSPL4904,CFLLVT2,Dell Latitude 5490,2026-08,2026-08-01,2026-08-31,1250,1250,NO
INV-0242,72,PARTS AVATAR INDIA PRIVATE LIMITED,TTSPL3512,2JVX6S2,Dell Latitude 7490,2026-08,2026-08-01,2026-08-31,1900,1900,NO
INV-0242,72,PARTS AVATAR INDIA PRIVATE LIMITED,TTSPLGR0088,5CD9203NG3,HP Elitebook X360 1030 G3,2026-08,2026-08-01,2026-08-31,1250,1250,NO
INV-0242,72,PARTS AVATAR INDIA PRIVATE LIMITED,TTSPL5377,3K2VVZ2,Dell Latitude 3400,2026-08,2026-08-01,2026-08-31,1250,1250,NO
INV-0242,72,PARTS AVATAR INDIA PRIVATE LIMITED,TTSPL5313,90TVNT2,Dell Latitude 5300,2026-08,2026-08-01,2026-08-31,1250,1250,NO
INV-0242,72,PARTS AVATAR INDIA PRIVATE LIMITED,TTSPL5205,PF1C3MSC,Lenovo Thinkpad T490,2026-08,2026-08-01,2026-08-31,1250,1250,NO
INV-0242,72,PARTS AVATAR INDIA PRIVATE LIMITED,TTSPL1676,PF00RH14,Lenovo Laptop Thinkpad T440,2026-08,2026-08-01,2026-08-31,999,999,NO
INV-0242,72,PARTS AVATAR INDIA PRIVATE LIMITED,TTSPL4640,3RRPBK3,Dell Latitude 5420,2026-07,2026-07-10,2026-07-31,3000,2129.03,YES
INV-0242,72,PARTS AVATAR INDIA PRIVATE LIMITED,TTSPL4640,3RRPBK3,Dell Latitude 5420,2026-08,2026-08-01,2026-08-31,3000,3000,NO
INV-0242,72,PARTS AVATAR INDIA PRIVATE LIMITED,TTSPL2174,FJN46S2,Dell Latitude 5490,2026-08,2026-08-01,2026-08-31,1250,1250,NO
INV-0242,72,PARTS AVATAR INDIA PRIVATE LIMITED,TTSPL3305,PF1LSK4P,Lenovo Thinkpad T480,2026-08,2026-08-01,2026-08-31,1250,1250,NO
INV-0242,72,PARTS AVATAR INDIA PRIVATE LIMITED,,10W7103,Dell Latitude 3400,2026-08,2026-08-01,2026-08-31,1250,1250,NO
INV-0242,72,PARTS AVATAR INDIA PRIVATE LIMITED,TTSPL5442,1MVB103,Dell Latitude 3400,2026-08,2026-08-01,2026-08-31,1250,1250,NO
INV-0242,72,PARTS AVATAR INDIA PRIVATE LIMITED,TTSPL4050,3RY3L13,Dell Latitude 5400,2026-08,2026-08-01,2026-08-31,1250,1250,NO
INV-0242,72,PARTS AVATAR INDIA PRIVATE LIMITED,TTSPL4959,PC1GXJ1K,Lenovo Thinkpad T490s,2026-08,2026-08-01,2026-08-31,1250,1250,NO
INV-0242,72,PARTS AVATAR INDIA PRIVATE LIMITED,TTSPL5199,PC1GXG2V,Lenovo Thinkpad T490s,2026-08,2026-08-01,2026-08-31,1250,1250,NO
INV-0242,72,PARTS AVATAR INDIA PRIVATE LIMITED,TTSPL5207,PC164BFD,Lenovo Thinkpad T480s,2026-08,2026-08-01,2026-08-31,1250,1250,NO
INV-0242,72,PARTS AVATAR INDIA PRIVATE LIMITED,TTSPL4916,PC1GXG5X,Lenovo Thinkpad T490s,2026-08,2026-08-01,2026-08-31,1250,1250,NO
INV-0242,72,PARTS AVATAR INDIA PRIVATE LIMITED,TTSPL2728,37XZRQ2,Dell Latitude 7490,2026-08,2026-08-01,2026-08-31,1250,1250,NO
INV-0242,72,PARTS AVATAR INDIA PRIVATE LIMITED,TTSPL5420,BV98103,Dell Latitude 3400,2026-08,2026-08-01,2026-08-31,1250,1250,NO
INV-0242,72,PARTS AVATAR INDIA PRIVATE LIMITED,TTSPL5482,9PQHWZ2,Dell Latitude 3400,2026-08,2026-08-01,2026-08-31,1250,1250,NO
INV-0242,72,PARTS AVATAR INDIA PRIVATE LIMITED,TTSPL3366,5CD942H5FH,HP Elitebook X360 1030 G3,2026-08,2026-08-01,2026-08-31,1250,1250,NO
INV-0242,72,PARTS AVATAR INDIA PRIVATE LIMITED,TTSPL3983,13N1SN2,Dell Latitude 7490,2026-08,2026-08-01,2026-08-31,1250,1250,NO
INV-0242,72,PARTS AVATAR INDIA PRIVATE LIMITED,TTSPL3769,469YZM2,Dell Latitude 5490,2026-08,2026-08-01,2026-08-31,1250,1250,NO
INV-0242,72,PARTS AVATAR INDIA PRIVATE LIMITED,TTSPL2165,HQZWMF2,Dell Latitude 5490,2026-08,2026-08-01,2026-08-31,1250,1250,NO
INV-0242,72,PARTS AVATAR INDIA PRIVATE LIMITED,TTSPL5378,4C81KW2,Dell Latitude 3400,2026-08,2026-08-01,2026-08-31,1250,1250,NO
INV-0242,72,PARTS AVATAR INDIA PRIVATE LIMITED,TTSPL5481,9PJYVZ2,Dell Latitude 3400,2026-08,2026-08-01,2026-08-31,1250,1250,NO
INV-0242,72,PARTS AVATAR INDIA PRIVATE LIMITED,TTSPL5380,FF0C103,Dell Latitude 3400,2026-08,2026-08-01,2026-08-31,1250,1250,NO
INV-0242,72,PARTS AVATAR INDIA PRIVATE LIMITED,TTSPL3338,7ZJM1Z2,Dell Latitude 7400 (Touch Screen),2026-08,2026-08-01,2026-08-31,1250,1250,NO
INV-0242,72,PARTS AVATAR INDIA PRIVATE LIMITED,TTSPL5432,GN5C103,Dell Latitude 3400,2026-08,2026-08-01,2026-08-31,1250,1250,NO
INV-0242,72,PARTS AVATAR INDIA PRIVATE LIMITED,TTSPL5263,PF26Y73T,Lenovo Thinkpad T490,2026-08,2026-08-01,2026-08-31,1250,1250,NO
INV-0242,72,PARTS AVATAR INDIA PRIVATE LIMITED,TTSPL3268,36CC2X2,Latitude 7490,2026-08,2026-08-01,2026-08-31,1250,1250,NO
INV-0355,76,Shreyas Management Consulting Services,TTSPL4042,5CG8472MZ0,HP Elitebook 840 G5,2026-08,2026-08-01,2026-08-31,1699,1699,NO
INV-0355,76,Shreyas Management Consulting Services,TTSPL4452,PF2ANBEL,Lenovo Thinkpad L14,2026-08,2026-08-01,2026-08-31,1899,1899,NO
INV-0355,76,Shreyas Management Consulting Services,TTSPL5219,PF1DXA7B,Lenovo Thinkpad T490,2026-08,2026-08-01,2026-08-31,1699,1699,NO
INV-0355,76,Shreyas Management Consulting Services,TTSPL5210,PC1H12GL,Lenovo Thinkpad T490s,2026-08,2026-08-01,2026-08-31,1699,1699,NO
INV-0355,76,Shreyas Management Consulting Services,TTSPL3653,28B0KR2,Dell Latitude 7490,2026-08,2026-08-01,2026-08-31,1699,1699,NO
INV-0355,76,Shreyas Management Consulting Services,TTSPL6196,PF2PSZ7N,Lenovo Thinkpad T14,2026-08,2026-08-01,2026-08-31,1899,1899,NO
INV-0355,76,Shreyas Management Consulting Services,TTSPL6202,PF244BGN,Lenovo Thinkpad T14,2026-08,2026-08-01,2026-08-31,1899,1899,NO
INV-0355,76,Shreyas Management Consulting Services,TTSPL6336,BJ6BC63,Dell Latitude 3410,2026-08,2026-08-01,2026-08-31,1899,1899,NO
INV-0355,76,Shreyas Management Consulting Services,TTSPL2443,H5HZNN2,Dell Latitude 5490,2026-08,2026-08-01,2026-08-31,1699,1699,NO
INV-0355,76,Shreyas Management Consulting Services,TTSPL2359,5CG9352CK3,HP Elitebook 840 G5,2026-08,2026-08-01,2026-08-31,1699,1699,NO
INV-0355,76,Shreyas Management Consulting Services,TTSPL6540,7S1BW93,Dell Latitude 3410,2026-08,2026-08-01,2026-08-31,1699,1699,NO
INV-0355,76,Shreyas Management Consulting Services,TTSPL3616,5CG0294MT0,HP Probook 640 G5,2026-07,2026-07-14,2026-07-31,1699,986.52,YES
INV-0355,76,Shreyas Management Consulting Services,TTSPL3616,5CG0294MT0,HP Probook 640 G5,2026-08,2026-08-01,2026-08-31,1699,1699,NO
INV-0237,79,PPG ASIAN PAINTS PRIVATE LIMITED,TTSPL2452,14F87Y2,Dell Latitude 5490,2026-08,2026-08-01,2026-08-31,1399,1399,NO
INV-0237,79,PPG ASIAN PAINTS PRIVATE LIMITED,TTSPL2103,8861NF2,Dell Latitude 5490,2026-08,2026-08-01,2026-08-31,1399,1399,NO
INV-0237,79,PPG ASIAN PAINTS PRIVATE LIMITED,TTSPL5029,1BD5NV2,Dell Latitude 5490,2026-08,2026-08-01,2026-08-31,1399,1399,NO
INV-0237,79,PPG ASIAN PAINTS PRIVATE LIMITED,TTSPL3895,DR2QHR2,Dell Latitude 7490,2026-08,2026-08-01,2026-08-31,1399,1399,NO
INV-0237,79,PPG ASIAN PAINTS PRIVATE LIMITED,TTSPL3934,DJG5HR2,Dell Latitude 7490,2026-08,2026-08-01,2026-08-31,1399,1399,NO
INV-0237,79,PPG ASIAN PAINTS PRIVATE LIMITED,TTSPL4088,1W8P563,Dell Latitude 5310,2026-08,2026-08-01,2026-08-31,1399,1399,NO
INV-0237,79,PPG ASIAN PAINTS PRIVATE LIMITED,TTSPL2411,F3CFXT2,Dell Latitude 7490,2026-08,2026-08-01,2026-08-31,1399,1399,NO
INV-0237,79,PPG ASIAN PAINTS PRIVATE LIMITED,TTSPL4066,BB326Q2,Dell Latitude 7490,2026-08,2026-08-01,2026-08-31,1399,1399,NO
INV-0237,79,PPG ASIAN PAINTS PRIVATE LIMITED,TTSPL3774,J519BC3,Dell Latitude 5410,2026-08,2026-08-01,2026-08-31,1399,1399,NO
INV-0237,79,PPG ASIAN PAINTS PRIVATE LIMITED,TTSPL3948,20XY5S2,Dell Latitude 7490,2026-08,2026-08-01,2026-08-31,1399,1399,NO
INV-0237,79,PPG ASIAN PAINTS PRIVATE LIMITED,TTSPL3263,4WQVZY2,Dell Latitude 7400 (Touch Screen),2026-08,2026-08-01,2026-08-31,1399,1399,NO
INV-0237,79,PPG ASIAN PAINTS PRIVATE LIMITED,TTSPL3454,4RGF0B3,Dell Latitude 5310 (TOUCH SCREEN),2026-08,2026-08-01,2026-08-31,1399,1399,NO
INV-0237,79,PPG ASIAN PAINTS PRIVATE LIMITED,TTSPL3509,D1B3PV2,Dell Latitude 7490,2026-08,2026-08-01,2026-08-31,1399,1399,NO
INV-0237,79,PPG ASIAN PAINTS PRIVATE LIMITED,TTSPL2133,7GQXMF2,Dell Latitude 5490,2026-08,2026-08-01,2026-08-31,1399,1399,NO
INV-0237,79,PPG ASIAN PAINTS PRIVATE LIMITED,TTSPLGR0151,1V02PQ2,Dell Latitude 7390,2026-08,2026-08-01,2026-08-31,1399,1399,NO
INV-0188,80,Rangreza Retail Services Pvt Ltd,TTSPL2582,B0LLGJ3,Dell Vostro 3500,2026-08,2026-08-01,2026-08-31,3099,3099,NO
INV-0188,80,Rangreza Retail Services Pvt Ltd,TTSPL7363,2TK2470D4F,HP ELITEBOOK 640 G9,2026-08,2026-08-01,2026-08-31,3850,3850,NO
INV-0188,80,Rangreza Retail Services Pvt Ltd,TTSPL2569,5STHGJ3,Dell Vostro 3500,2026-08,2026-08-01,2026-08-31,3099,3099,NO
INV-0188,80,Rangreza Retail Services Pvt Ltd,TTSPL1641,CNU410BPGB,HP Elitebook 840 G1,2026-08,2026-08-01,2026-08-31,899,899,NO
INV-0194,84,STEFEN ELECTRIC PRIVATE LIMIED,TTSPL5201,PF26ZKR9,Lenovo Thinkpad T490,2026-08,2026-08-01,2026-08-31,999,999,NO
INV-0194,84,STEFEN ELECTRIC PRIVATE LIMIED,TTSPL6675,GSZRYY2,Dell Latitude 5400,2026-08,2026-08-01,2026-08-31,999,999,NO
INV-0194,84,STEFEN ELECTRIC PRIVATE LIMIED,TTSPL2953,BPP7NC2,Dell Latitude E7470,2026-08,2026-08-01,2026-08-31,999,999,NO
INV-0194,84,STEFEN ELECTRIC PRIVATE LIMIED,TTSPL2830,4JDCP72,Dell Latitude E7470,2026-08,2026-08-01,2026-08-31,999,999,NO
INV-0194,84,STEFEN ELECTRIC PRIVATE LIMIED,TTSPL4935,PC16244X,Lenovo Thinkpad T480s,2026-08,2026-08-01,2026-08-31,999,999,NO
INV-0183,87,NECTAR INFOTEL SOLUTIONS PRIVATE LIMITED,TTSPL5216,PF2706A8,Lenovo Thinkpad T490,2026-08,2026-08-01,2026-08-31,1099,1099,NO
INV-0183,87,NECTAR INFOTEL SOLUTIONS PRIVATE LIMITED,TTSPL5217,PF26ZLD3,Lenovo Thinkpad T490,2026-08,2026-08-01,2026-08-31,1099,1099,NO
INV-0183,87,NECTAR INFOTEL SOLUTIONS PRIVATE LIMITED,TTSPL5198,7QQX5Y2,Dell Latitude 5490,2026-08,2026-08-01,2026-08-31,1199,1199,NO
INV-0183,87,NECTAR INFOTEL SOLUTIONS PRIVATE LIMITED,TTSPL2720,4N6ZMF2,Dell Latitude 5490,2026-08,2026-08-01,2026-08-31,1199,1199,NO
INV-0183,87,NECTAR INFOTEL SOLUTIONS PRIVATE LIMITED,TTSPL5215,PF1CULJT,Lenovo Thinkpad T490,2026-08,2026-08-01,2026-08-31,1099,1099,NO
INV-0183,87,NECTAR INFOTEL SOLUTIONS PRIVATE LIMITED,TTSPL5214,PF26Z7E7,Lenovo Thinkpad T490,2026-08,2026-08-01,2026-08-31,1099,1099,NO
INV-0183,87,NECTAR INFOTEL SOLUTIONS PRIVATE LIMITED,TTSPL5220,PF26Z5G8,Lenovo Thinkpad T490,2026-08,2026-08-01,2026-08-31,1099,1099,NO
INV-0291,89,SGATE TECH SOLUTIONS PRIVATE LIMITED,TTSPL6376,PG02VJBF,Lenovo Thinkpad E-14 Gen 2,2026-08,2026-08-01,2026-08-31,1899,1899,NO
INV-0291,89,SGATE TECH SOLUTIONS PRIVATE LIMITED,TTSPL5320,FHFRHG3,Dell Latitude 3420,2026-08,2026-08-01,2026-08-31,1899,1899,NO
INV-0291,89,SGATE TECH SOLUTIONS PRIVATE LIMITED,TTSPL5241,PG02Y0FX,Lenovo Thinkpad E14 (Gen 2),2026-08,2026-08-01,2026-08-31,1899,1899,NO
INV-0291,89,SGATE TECH SOLUTIONS PRIVATE LIMITED,TTSPL6053,5CD127F7NW,HP Probook 440 G8,2026-08,2026-08-01,2026-08-31,1899,1899,NO
INV-0291,89,SGATE TECH SOLUTIONS PRIVATE LIMITED,TTSPL5297,5CD141CKT4,HP Probook 440 G8,2026-08,2026-08-01,2026-08-31,1899,1899,NO
INV-0291,89,SGATE TECH SOLUTIONS PRIVATE LIMITED,TTSPL5370,5CD147H24C,HP Probook 440 G8,2026-08,2026-08-01,2026-08-31,1899,1899,NO
INV-0291,89,SGATE TECH SOLUTIONS PRIVATE LIMITED,TTSPL5298,5CD152BHL4,HP Probook 440 G8,2026-08,2026-08-01,2026-08-31,1899,1899,NO
INV-0291,89,SGATE TECH SOLUTIONS PRIVATE LIMITED,TTSPL7530,GL510J3,Latitude 5420,2026-07,2026-07-24,2026-07-31,1899,490.06,YES
INV-0291,89,SGATE TECH SOLUTIONS PRIVATE LIMITED,TTSPL7530,GL510J3,Latitude 5420,2026-08,2026-08-01,2026-08-31,1899,1899,NO
INV-0273,90,TECHSUR INNOVATIONS PRIVATE LIMITED,TTSPL6096,5CD102GX1Y,HP Probook 430 G8,2026-08,2026-08-01,2026-08-31,1999,1999,NO
INV-0273,90,TECHSUR INNOVATIONS PRIVATE LIMITED,TTSPL4726,PF32FWCQ,Lenovo Thinkpad T14,2026-08,2026-08-01,2026-08-31,1999,1999,NO
INV-0273,90,TECHSUR INNOVATIONS PRIVATE LIMITED,TTSPL6625,9XRD2B3,Dell Latitude 3420,2026-08,2026-08-01,2026-08-31,1999,1999,NO
INV-0273,90,TECHSUR INNOVATIONS PRIVATE LIMITED,TTSPL6684,5CG211BD9Q,HP Elitebook 840 G8,2026-08,2026-08-01,2026-08-31,5000,5000,NO
INV-0273,90,TECHSUR INNOVATIONS PRIVATE LIMITED,TTSPL4841,5SQWZH3,Dell Latitude 5420,2026-08,2026-08-01,2026-08-31,3500,3500,NO
INV-0273,90,TECHSUR INNOVATIONS PRIVATE LIMITED,TTSPL4850,86060J3,Dell Latitude 5420,2026-08,2026-08-01,2026-08-31,2999,2999,NO
INV-0273,90,TECHSUR INNOVATIONS PRIVATE LIMITED,TTSPL5792,4136HK3,Dell Latitude 5420,2026-08,2026-08-01,2026-08-31,2999,2999,NO
INV-0273,90,TECHSUR INNOVATIONS PRIVATE LIMITED,TTSPL7046,GSJQQG3,Dell Latitude 5320 (Touch),2026-08,2026-08-01,2026-08-31,5000,5000,NO
INV-0273,90,TECHSUR INNOVATIONS PRIVATE LIMITED,TTSPL4606,G249PQ3,Dell Latitude 5420,2026-08,2026-08-01,2026-08-31,3500,3500,NO
INV-0273,90,TECHSUR INNOVATIONS PRIVATE LIMITED,TTSPL6747,PG02WQXV,Lenovo ThinkPad L14,2026-08,2026-08-01,2026-08-31,2500,2500,NO
INV-0273,90,TECHSUR INNOVATIONS PRIVATE LIMITED,TTSPL7423,87SWVW3,Latitude 7440,2026-07,2026-07-09,2026-07-31,5000,3709.68,YES
INV-0273,90,TECHSUR INNOVATIONS PRIVATE LIMITED,TTSPL7423,87SWVW3,Latitude 7440,2026-08,2026-08-01,2026-08-31,5000,5000,NO
INV-0273,90,TECHSUR INNOVATIONS PRIVATE LIMITED,TTSPL6638,4ND2QG3,Dell Latitude 3420,2026-07,2026-07-04,2026-07-31,1999,1805.55,YES
INV-0273,90,TECHSUR INNOVATIONS PRIVATE LIMITED,TTSPL6638,4ND2QG3,Dell Latitude 3420,2026-08,2026-08-01,2026-08-31,1999,1999,NO
INV-0273,90,TECHSUR INNOVATIONS PRIVATE LIMITED,TTSPL5108,PF53B3YJ,Lenovo V14 (Gen 3),2026-08,2026-08-01,2026-08-31,2399,2399,NO
INV-0273,90,TECHSUR INNOVATIONS PRIVATE LIMITED,TTSPL5598,PG0324LJ,Lenovo Thinkpad E14,2026-08,2026-08-01,2026-08-31,1999,1999,NO
INV-0266,91,Town Contact Technologies Private Limited,TTSPL6514,3FF8HK3,Dell Latitude 5420,2026-08,2026-08-01,2026-08-31,1999,1999,NO
INV-0266,91,Town Contact Technologies Private Limited,TTSPL4659,DWZ04M3,Dell Latitude 5420 (Touch Screen),2026-08,2026-08-01,2026-08-31,1999,1999,NO
INV-0266,91,Town Contact Technologies Private Limited,TTSPL4285,7XC7S93,Dell Latitude 5320,2026-08,2026-08-01,2026-08-31,1999,1999,NO
INV-0266,91,Town Contact Technologies Private Limited,TTSPL4805,BYMVZH3,Dell Latitude 5420,2026-08,2026-08-01,2026-08-31,1999,1999,NO
INV-0266,91,Town Contact Technologies Private Limited,TTSPL6224,9W26HK3,Dell Latitude 5420,2026-08,2026-08-01,2026-08-31,2199,2199,NO
INV-0266,91,Town Contact Technologies Private Limited,TTSPL4799,JXMVZH3,Dell Latitude 5420,2026-08,2026-08-01,2026-08-31,1999,1999,NO
INV-0266,91,Town Contact Technologies Private Limited,TTSPL4259,5TF53B3,Dell Latitude 5320,2026-08,2026-08-01,2026-08-31,1999,1999,NO
INV-0266,91,Town Contact Technologies Private Limited,TTSPL4783,B7R60J3,Dell Latitude 5420,2026-08,2026-08-01,2026-08-31,1999,1999,NO
INV-0266,91,Town Contact Technologies Private Limited,TTSPL2882,G882PQ2,Dell Latitude 7490,2026-08,2026-08-01,2026-08-31,1299,1299,NO
INV-0266,91,Town Contact Technologies Private Limited,TTSPL4649,G6JH2F3,Dell Latitude 5420 (Touch Screen),2026-08,2026-08-01,2026-08-31,1999,1999,NO
INV-0266,91,Town Contact Technologies Private Limited,TTSPL4776,4D0WZH3,Dell Latitude 5420,2026-08,2026-08-01,2026-08-31,1999,1999,NO
INV-0266,91,Town Contact Technologies Private Limited,TTSPL6356,D5PXVM3,Dell Latitude 5420,2026-08,2026-08-01,2026-08-31,1999,1999,NO
INV-0367,270,EVENTIVE COMMUNICATIONS LLP,TTSPL7050,M4X09L2Q49,Apple Macbook Pro,2026-08,2026-08-01,2026-08-31,9999,9999,NO
INV-0367,270,EVENTIVE COMMUNICATIONS LLP,TTSPL6779,2GP5V93,Dell Latitude 3410,2026-08,2026-08-01,2026-08-31,1799,1799,NO
INV-0367,270,EVENTIVE COMMUNICATIONS LLP,TTSPL4437,PF2ALB41,Lenovo Thinkpad L14,2026-08,2026-08-01,2026-08-31,1799,1799,NO
INV-0367,270,EVENTIVE COMMUNICATIONS LLP,TTSPL4449,PF2APBK7,Lenovo Thinkpad L14,2026-08,2026-08-01,2026-08-31,1799,1799,NO
INV-0367,270,EVENTIVE COMMUNICATIONS LLP,TTSPL7220,R913GZCM,Lenovo Thinkpad L13,2026-07,2026-07-03,2026-07-31,1799,1682.94,YES
INV-0367,270,EVENTIVE COMMUNICATIONS LLP,TTSPL7220,R913GZCM,Lenovo Thinkpad L13,2026-08,2026-08-01,2026-08-31,1799,1799,NO
INV-0367,270,EVENTIVE COMMUNICATIONS LLP,TTSPL7149,R913GZ41,Lenovo Thinkpad L13,2026-07,2026-07-03,2026-07-31,1799,1682.94,YES
INV-0367,270,EVENTIVE COMMUNICATIONS LLP,TTSPL7149,R913GZ41,Lenovo Thinkpad L13,2026-08,2026-08-01,2026-08-31,1799,1799,NO
INV-0367,270,EVENTIVE COMMUNICATIONS LLP,TTSPL6735,62QM763,Dell Latitude 3410,2026-08,2026-08-01,2026-08-31,1799,1799,NO
INV-0367,270,EVENTIVE COMMUNICATIONS LLP,TTSPL4090,8KRBXZ2,Dell Latitude 5310,2026-08,2026-08-01,2026-08-31,1799,1799,NO
INV-0367,270,EVENTIVE COMMUNICATIONS LLP,TTSPL5621,PF3CGVKE,Lenovo Thinkpad E14,2026-08,2026-08-01,2026-08-31,1799,1799,NO
INV-0367,270,EVENTIVE COMMUNICATIONS LLP,TTSPL4721,PF367Z1N,Lenovo Thinkpad T14,2026-08,2026-08-01,2026-08-31,1799,1799,NO
INV-0367,270,EVENTIVE COMMUNICATIONS LLP,TTSPL7205,R914RLT2,Lenovo Thinkpad L13,2026-08,2026-08-01,2026-08-31,1799,1799,NO
INV-0367,270,EVENTIVE COMMUNICATIONS LLP,TTSPL7219,R914RLS0,Lenovo Thinkpad L13,2026-08,2026-08-01,2026-08-31,1799,1799,NO
INV-0196,92,URBANLOGIX GLOBAL INDIA PRIVATE LIMITED,TTSPLGR0143,5CG6373P33,HP Elitebook 820 G3,2026-08,2026-08-01,2026-08-31,999,999,NO
INV-0196,92,URBANLOGIX GLOBAL INDIA PRIVATE LIMITED,TTSPL3065,38F1SQ2,Dell Latitude 7490,2026-08,2026-08-01,2026-08-31,999,999,NO
INV-0196,92,URBANLOGIX GLOBAL INDIA PRIVATE LIMITED,TTSPL2379,PF0WSBHH,Lenovo Thinkpad T470 (Touch Screen),2026-08,2026-08-01,2026-08-31,899,899,NO
INV-0196,92,URBANLOGIX GLOBAL INDIA PRIVATE LIMITED,TTSPL3845,843FQN2,Dell Latitude 7490,2026-08,2026-08-01,2026-08-31,999,999,NO
INV-0196,92,URBANLOGIX GLOBAL INDIA PRIVATE LIMITED,TTSPL5678,FG1PM53,Dell Latitude 5400,2026-07,2026-07-07,2026-07-31,999,805.65,YES
INV-0196,92,URBANLOGIX GLOBAL INDIA PRIVATE LIMITED,TTSPL5678,FG1PM53,Dell Latitude 5400,2026-08,2026-08-01,2026-08-31,999,999,NO
INV-0196,92,URBANLOGIX GLOBAL INDIA PRIVATE LIMITED,TTSPL2876,3GD6SF2,Dell Latitude E7470,2026-08,2026-08-01,2026-08-31,899,899,NO
INV-0196,92,URBANLOGIX GLOBAL INDIA PRIVATE LIMITED,TTSPL2597,6H1LWF2,Dell Latitude E5570,2026-08,2026-08-01,2026-08-31,899,899,NO
INV-0196,92,URBANLOGIX GLOBAL INDIA PRIVATE LIMITED,TTSPL2870,4VNCQC2,Dell Latitude E7470,2026-08,2026-08-01,2026-08-31,899,899,NO
INV-0196,92,URBANLOGIX GLOBAL INDIA PRIVATE LIMITED,TTSPL3638,3RV6PQ2,Dell Latitude 7490,2026-08,2026-08-01,2026-08-31,999,999,NO
INV-0196,92,URBANLOGIX GLOBAL INDIA PRIVATE LIMITED,TTSPL2658,C3BVPV2,Dell Latitude 5490,2026-08,2026-08-01,2026-08-31,999,999,NO
INV-0196,92,URBANLOGIX GLOBAL INDIA PRIVATE LIMITED,TTSPL2678,PF1S2LE4,Lenovo Thinkpad T480 (Touchscreen),2026-08,2026-08-01,2026-08-31,999,999,NO
INV-0196,92,URBANLOGIX GLOBAL INDIA PRIVATE LIMITED,TTSPL5640,FKSWN73,Dell Latitude 5400,2026-08,2026-08-01,2026-08-31,999,999,NO
INV-0196,92,URBANLOGIX GLOBAL INDIA PRIVATE LIMITED,TTSPL6088,H23FN73,Dell Latitude 5400,2026-08,2026-08-01,2026-08-31,999,999,NO
INV-0196,92,URBANLOGIX GLOBAL INDIA PRIVATE LIMITED,TTSPL3295,PC0CM2CE,Lenovo Thinkpad T450,2026-08,2026-08-01,2026-08-31,999,999,NO
INV-0196,92,URBANLOGIX GLOBAL INDIA PRIVATE LIMITED,TTSPL1491,5CG64669TZ,HP Elitebook 820 G3,2026-08,2026-08-01,2026-08-31,899,899,NO
INV-0196,92,URBANLOGIX GLOBAL INDIA PRIVATE LIMITED,TTSPL3428,PC1EZAKF,Lenovo Thinkpad X390,2026-08,2026-08-01,2026-08-31,999,999,NO
INV-0196,92,URBANLOGIX GLOBAL INDIA PRIVATE LIMITED,TTSPL3881,8ZRC1X2,Dell Latitude 7490,2026-08,2026-08-01,2026-08-31,999,999,NO
INV-0196,92,URBANLOGIX GLOBAL INDIA PRIVATE LIMITED,TTSPL2633,JC493G2,Dell Latitude E5470,2026-08,2026-08-01,2026-08-31,899,899,NO
INV-0196,92,URBANLOGIX GLOBAL INDIA PRIVATE LIMITED,TTSPL2981,CG61QN2,Dell Latitude 7480,2026-08,2026-08-01,2026-08-31,899,899,NO
INV-0196,92,URBANLOGIX GLOBAL INDIA PRIVATE LIMITED,TTSPL2341,1PJ3VF2,Dell Latitude E5470,2026-08,2026-08-01,2026-08-31,899,899,NO
INV-0196,92,URBANLOGIX GLOBAL INDIA PRIVATE LIMITED,TTSPL1045,GN9BQH2,Dell Latitude 7480,2026-08,2026-08-01,2026-08-31,999,999,NO
INV-0196,92,URBANLOGIX GLOBAL INDIA PRIVATE LIMITED,TTSPL5641,4J0DN73,Dell Latitude 5400,2026-08,2026-08-01,2026-08-31,999,999,NO
INV-0196,92,URBANLOGIX GLOBAL INDIA PRIVATE LIMITED,TTSPL3662,7RP68S2,Dell Latitude 7490,2026-08,2026-08-01,2026-08-31,999,999,NO
INV-0196,92,URBANLOGIX GLOBAL INDIA PRIVATE LIMITED,TTSPL1425,5CD6253M1M,HP Probook 430 G3,2026-08,2026-08-01,2026-08-31,999,999,NO
INV-0196,92,URBANLOGIX GLOBAL INDIA PRIVATE LIMITED,TTSPL3331,20L6TT2,Dell Latitude 7390,2026-08,2026-08-01,2026-08-31,999,999,NO
INV-0196,92,URBANLOGIX GLOBAL INDIA PRIVATE LIMITED,TTSPL3055,FPY6QN2,Dell Latitude 7490,2026-08,2026-08-01,2026-08-31,999,999,NO
INV-0196,92,URBANLOGIX GLOBAL INDIA PRIVATE LIMITED,TTSPL4957,PC1GXG4T,Lenovo Thinkpad T490s,2026-08,2026-08-01,2026-08-31,999,999,NO
INV-0196,92,URBANLOGIX GLOBAL INDIA PRIVATE LIMITED,TTSPL2879,2V37P72,Dell Latitude E7470,2026-08,2026-08-01,2026-08-31,899,899,NO
INV-0196,92,URBANLOGIX GLOBAL INDIA PRIVATE LIMITED,TTSPL4898,CY2BNF2,Dell Latitude 5490,2026-08,2026-08-01,2026-08-31,899,899,NO
INV-0196,92,URBANLOGIX GLOBAL INDIA PRIVATE LIMITED,TTSPL3657,H26Q4Q2,Dell Latitude 7490,2026-08,2026-08-01,2026-08-31,999,999,NO
INV-0196,92,URBANLOGIX GLOBAL INDIA PRIVATE LIMITED,TTSPL3534,5CG9175H5V,HP Elitebook 840 G5,2026-08,2026-08-01,2026-08-31,999,999,NO
INV-0196,92,URBANLOGIX GLOBAL INDIA PRIVATE LIMITED,TTSPL2904,6YZYPH2,Dell Latitude 7480,2026-08,2026-08-01,2026-08-31,899,899,NO
INV-0196,92,URBANLOGIX GLOBAL INDIA PRIVATE LIMITED,TTSPL2695,PC0GAJCX,Lenovo Thinkpad T460,2026-08,2026-08-01,2026-08-31,899,899,NO
INV-0196,92,URBANLOGIX GLOBAL INDIA PRIVATE LIMITED,TTSPL4867,PF2C80J5,Lenovo Thinkpad L14,2026-08,2026-08-01,2026-08-31,999,999,NO
INV-0196,92,URBANLOGIX GLOBAL INDIA PRIVATE LIMITED,TTSPL3829,5FCMPN2,Dell Latitude 7480,2026-08,2026-08-01,2026-08-31,899,899,NO
INV-0196,92,URBANLOGIX GLOBAL INDIA PRIVATE LIMITED,TTSPL1050,BRRCQH2,Dell Latitude 7480,2026-08,2026-08-01,2026-08-31,899,899,NO
INV-0196,92,URBANLOGIX GLOBAL INDIA PRIVATE LIMITED,TTSPL5639,1MDNXY2,Dell Latitude 5400,2026-08,2026-08-01,2026-08-31,999,999,NO
INV-0196,92,URBANLOGIX GLOBAL INDIA PRIVATE LIMITED,TTSPL5907,CTVPMV2,Dell Latitude 5490,2026-08,2026-08-01,2026-08-31,999,999,NO
INV-0196,92,URBANLOGIX GLOBAL INDIA PRIVATE LIMITED,TTSPL6072,3P7GN73,Dell Latitude 5400,2026-08,2026-08-01,2026-08-31,999,999,NO
INV-0196,92,URBANLOGIX GLOBAL INDIA PRIVATE LIMITED,TTSPL1991,CS28WT2,Dell Latitude 5490,2026-08,2026-08-01,2026-08-31,999,999,NO
INV-0196,92,URBANLOGIX GLOBAL INDIA PRIVATE LIMITED,TTSPL6586,4KSZP13,Dell Latitude 5400,2026-08,2026-08-01,2026-08-31,999,999,NO
INV-0196,92,URBANLOGIX GLOBAL INDIA PRIVATE LIMITED,TTSPL3896,B5LZ5Q2,Dell Latitude 7490,2026-08,2026-08-01,2026-08-31,999,999,NO
INV-0316,99,RENCOMM TELE SERVICES LLP,TTSPL3112,PF2286GE,Lenovo Thinkpad T490 (Touchscreen),2026-08,2026-08-01,2026-08-31,1199,1199,NO
INV-0316,99,RENCOMM TELE SERVICES LLP,TTSPL5672,9LTZP13,Dell Latitude 5400,2026-08,2026-08-01,2026-08-31,1199,1199,NO
INV-0316,99,RENCOMM TELE SERVICES LLP,TTSPL3943,47Z2NQ2,Dell Latitude 7490,2026-08,2026-08-01,2026-08-31,1199,1199,NO
INV-0316,99,RENCOMM TELE SERVICES LLP,TTSPL5667,2QK5M13,Dell Latitude 5400,2026-08,2026-08-01,2026-08-31,1199,1199,NO
INV-0281,107,SelectAstro Private Limited,TTSPL5721,2SZ3JL3,Dell Latitude 3420,2026-08,2026-08-01,2026-08-31,1899,1899,NO
INV-0281,107,SelectAstro Private Limited,TTSPL4663,JYW1PQ3,Dell Latitude 5420,2026-08,2026-08-01,2026-08-31,2900,2900,NO
INV-0281,107,SelectAstro Private Limited,TTSPL5506,5CD437P9K6,HP Probook 450 G10,2026-08,2026-08-01,2026-08-31,3899,3899,NO
INV-0281,107,SelectAstro Private Limited,TTSPL4698,PF32HEZK,Lenovo Thinkpad T14,2026-08,2026-08-01,2026-08-31,1899,1899,NO
INV-0281,107,SelectAstro Private Limited,TTSPL3488,40DM1J3,Dell Latitude 5420,2026-08,2026-08-01,2026-08-31,2899,2899,NO
INV-0281,107,SelectAstro Private Limited,TTSPL5627,PF33BMZR,Lenovo Thinkpad E14,2026-08,2026-08-01,2026-08-31,1899,1899,NO
INV-0281,107,SelectAstro Private Limited,TTSPL7014,T9NRCX04R62338D,Asus TUF Gaming A15,2026-08,2026-08-01,2026-08-31,7599,7599,NO
INV-0281,107,SelectAstro Private Limited,TTSPL6943,T9NRCX06F342393,Asus TUF Gaming A15,2026-08,2026-08-01,2026-08-31,5599,5599,NO
INV-0281,107,SelectAstro Private Limited,TTSPL6598,8P92QG3,Dell Latitude 3420,2026-08,2026-08-01,2026-08-31,1999,1999,NO
INV-0281,107,SelectAstro Private Limited,TTSPL5326,5CD1315Y9Q,HP Probook 440 G8,2026-08,2026-08-01,2026-08-31,1899,1899,NO
INV-0281,107,SelectAstro Private Limited,TTSPL5050,T4NRCX04T843188,Asus TUF Gaming A15,2026-08,2026-08-01,2026-08-31,5090,5090,NO
INV-0281,107,SelectAstro Private Limited,TTSPL5529,T7NRCX02X176294,Asus TUF Gaming A15,2026-08,2026-08-01,2026-08-31,5090,5090,NO
INV-0281,107,SelectAstro Private Limited,TTSPL6047,5CD112LV32,HP Probook 440 G8,2026-08,2026-08-01,2026-08-31,1899,1899,NO
INV-0281,107,SelectAstro Private Limited,TTSPL5406,5CD141CK5S,HP Probook 440 G8,2026-08,2026-08-01,2026-08-31,1899,1899,NO
INV-0281,107,SelectAstro Private Limited,TTSPL5837,1HK5QG3,Dell Latitude 3420,2026-08,2026-08-01,2026-08-31,1899,1899,NO
INV-0281,107,SelectAstro Private Limited,TTSPL5371,5CD1315YQ4,HP Probook 440 G8,2026-08,2026-08-01,2026-08-31,1899,1899,NO
INV-0281,107,SelectAstro Private Limited,TTSPL4098,8DR5M72,Dell Latitude E7470,2026-08,2026-08-01,2026-08-31,1499,1499,NO
INV-0281,107,SelectAstro Private Limited,TTSPL7008,5CG23117X1,HP Elitebook 840 G8,2026-08,2026-08-01,2026-08-31,3099,3099,NO
INV-0281,107,SelectAstro Private Limited,TTSPL6426,PF4C7NF1,Lenovo Legion 5,2026-08,2026-08-01,2026-08-31,5599,5599,NO
INV-0281,107,SelectAstro Private Limited,TTSPL5048,T4NRCX04T829185,Asus TUF Gaming A15,2026-08,2026-08-01,2026-08-31,5090,5090,NO
INV-0281,107,SelectAstro Private Limited,TTSPL7328,CDTLZH3,Dell Latitude 5420,2026-08,2026-08-01,2026-08-31,1899,1899,NO
INV-0281,107,SelectAstro Private Limited,TTSPL6978,7QG66L3,Dell Latitude 7420,2026-08,2026-08-01,2026-08-31,2999,2999,NO
INV-0360,110,AGILE VENTURES PRIVATE LIMITED,TTSPL5632,PG02YPV6,Lenovo Thinkpad E14,2026-08,2026-08-01,2026-08-31,1999,1999,NO
INV-0203,112,VINCIT TECHNOLOGIES PVT LTD,TTSPL3820,3MW7693,Dell Latitude 5410,2026-08,2026-08-01,2026-08-31,1999,1999,NO
INV-0203,112,VINCIT TECHNOLOGIES PVT LTD,TTSPL2016_A,CJNL7S2_A,Dell Latitude 5490,2026-08,2026-08-01,2026-08-31,1499,1499,NO
INV-0201,115,ATTITUDE EVENTS PRIVATE LIMITED,TTSPL6451,JTKG463,Dell Latitude 3410,2026-08,2026-08-01,2026-08-31,1799,1799,NO
INV-0201,115,ATTITUDE EVENTS PRIVATE LIMITED,TTSPL4956,PC1H12FX,Lenovo Thinkpad T490s,2026-08,2026-08-01,2026-08-31,1499,1499,NO
INV-0201,115,ATTITUDE EVENTS PRIVATE LIMITED,TTSPL7525,JJX04D3,Latitude 5420,2026-07,2026-07-28,2026-07-31,1800,232.26,YES
INV-0201,115,ATTITUDE EVENTS PRIVATE LIMITED,TTSPL7525,JJX04D3,Latitude 5420,2026-08,2026-08-01,2026-08-31,1800,1800,NO
INV-0201,115,ATTITUDE EVENTS PRIVATE LIMITED,TTSPL7380,5CG0278Q0Z,HP ProBook 640 G5,2026-07,2026-07-28,2026-07-31,1499,193.42,YES
INV-0201,115,ATTITUDE EVENTS PRIVATE LIMITED,TTSPL7380,5CG0278Q0Z,HP ProBook 640 G5,2026-08,2026-08-01,2026-08-31,1499,1499,NO
INV-0201,115,ATTITUDE EVENTS PRIVATE LIMITED,TTSPL6712,9N2FL13,Dell Latitude 5400,2026-08,2026-08-01,2026-08-31,1499,1499,NO
INV-0201,115,ATTITUDE EVENTS PRIVATE LIMITED,TTSPL2962,GJDZNV2,Dell Latitude 7490,2026-08,2026-08-01,2026-08-31,1799,1799,NO
INV-0201,115,ATTITUDE EVENTS PRIVATE LIMITED,TTSPL2921,3C2F7H2,Dell Latitude 7480,2026-08,2026-08-01,2026-08-31,1499,1499,NO
INV-0201,115,ATTITUDE EVENTS PRIVATE LIMITED,TTSPL6284,93Q5V93,Dell Latitude 3410,2026-08,2026-08-01,2026-08-31,1499,1499,NO
INV-0201,115,ATTITUDE EVENTS PRIVATE LIMITED,TTSPL4884,FG581X2,Dell Latitude 7490,2026-08,2026-08-01,2026-08-31,1499,1499,NO
INV-0201,115,ATTITUDE EVENTS PRIVATE LIMITED,TTSPL4219,5QN5273,Dell Latitude 5410,2026-08,2026-08-01,2026-08-31,2300,2300,NO
INV-0201,115,ATTITUDE EVENTS PRIVATE LIMITED,TTSPL3430,G9T1F63,Dell Latitude 5310 (TOUCH SCREEN),2026-08,2026-08-01,2026-08-31,2599,2599,NO
INV-0201,115,ATTITUDE EVENTS PRIVATE LIMITED,TTSPL1421,5CG7110C0K,HP Elitebook 820 G3,2026-08,2026-08-01,2026-08-31,1499,1499,NO
INV-0201,115,ATTITUDE EVENTS PRIVATE LIMITED,TTSPL3802,5JX5PQ2,Dell Latitude 7490,2026-08,2026-08-01,2026-08-31,1499,1499,NO
INV-0201,115,ATTITUDE EVENTS PRIVATE LIMITED,TTSPL5231,PF3DT690,Lenovo Thinkpad E14 (Gen 2),2026-08,2026-08-01,2026-08-31,1800,1800,NO
INV-0201,115,ATTITUDE EVENTS PRIVATE LIMITED,TTSPL4037,5CG9293ZZ9,HP Elitebook 840 G5,2026-08,2026-08-01,2026-08-31,1499,1499,NO
INV-0201,115,ATTITUDE EVENTS PRIVATE LIMITED,TTSPL5027,DP3DPV2,Dell Latitude 5490,2026-08,2026-08-01,2026-08-31,1525,1525,NO
INV-0201,115,ATTITUDE EVENTS PRIVATE LIMITED,TTSPL4217,9ZDNK63,Dell Latitude 5410,2026-08,2026-08-01,2026-08-31,2999,2999,NO
INV-0201,115,ATTITUDE EVENTS PRIVATE LIMITED,TTSPL6704,HRQD2B3,Dell Latitude 3420,2026-08,2026-08-01,2026-08-31,2299,2299,NO
INV-0201,115,ATTITUDE EVENTS PRIVATE LIMITED,TTSPL2097,HFK5JR2,Dell Latitude 7490,2026-08,2026-08-01,2026-08-31,1499,1499,NO
INV-0201,115,ATTITUDE EVENTS PRIVATE LIMITED,TTSPL4913,PC1GXHW6,Lenovo Thinkpad T490s,2026-08,2026-08-01,2026-08-31,1499,1499,NO
INV-0223,117,BLUEJAY WORKTECH PRIVATE LIMITED,TTSPL5476,9WZRWZ2,Dell Latitude 3400,2026-08,2026-08-01,2026-08-31,1299,1299,NO
INV-0223,117,BLUEJAY WORKTECH PRIVATE LIMITED,TTSPL2138,8VZ5KR2,Dell Latitude 5490,2026-08,2026-08-01,2026-08-31,1499,1499,NO
INV-0223,117,BLUEJAY WORKTECH PRIVATE LIMITED,TTSPL3679,5CG93121SR,HP Elitebook 840 G6,2026-08,2026-08-01,2026-08-31,1299,1299,NO
INV-0223,117,BLUEJAY WORKTECH PRIVATE LIMITED,TTSPL3137,3TBZ8Y2,Dell Latitude 7400 (Touch Screen),2026-08,2026-08-01,2026-08-31,1599,1599,NO
INV-0223,117,BLUEJAY WORKTECH PRIVATE LIMITED,TTSPL4054,6H2YM13,Dell Latitude 5400,2026-08,2026-08-01,2026-08-31,1599,1599,NO
INV-0223,117,BLUEJAY WORKTECH PRIVATE LIMITED,TTSPL4470,PC282ZES,Lenovo Thinkpad X-13,2026-08,2026-08-01,2026-08-31,1799,1799,NO
INV-0223,117,BLUEJAY WORKTECH PRIVATE LIMITED,TTSPL5309,37XRFW2,Dell Latitude 5300,2026-08,2026-08-01,2026-08-31,1299,1299,NO
INV-0223,117,BLUEJAY WORKTECH PRIVATE LIMITED,TTSPL4469,PC261P3K,Lenovo Thinkpad X-13,2026-08,2026-08-01,2026-08-31,1799,1799,NO
INV-0223,117,BLUEJAY WORKTECH PRIVATE LIMITED,TTSPL4105,5433GB3,Dell Latitude 5410,2026-08,2026-08-01,2026-08-31,1799,1799,NO
INV-0223,117,BLUEJAY WORKTECH PRIVATE LIMITED,TTSPL2220,13NCJT2,Dell Latitude E3400,2026-08,2026-08-01,2026-08-31,1299,1299,NO
INV-0223,117,BLUEJAY WORKTECH PRIVATE LIMITED,TTSPL3947,2Q9MZW2,Dell Latitude 7490 (Touch screen),2026-08,2026-08-01,2026-08-31,1599,1599,NO
INV-0223,117,BLUEJAY WORKTECH PRIVATE LIMITED,TTSPL4246,5BGF0B3,Dell Latitude 5310,2026-08,2026-08-01,2026-08-31,1799,1799,NO
INV-0223,117,BLUEJAY WORKTECH PRIVATE LIMITED,TTSPL5194,PF1C3CYE,Lenovo Thinkpad T490,2026-08,2026-08-01,2026-08-31,1299,1299,NO
INV-0223,117,BLUEJAY WORKTECH PRIVATE LIMITED,TTSPL3683,5CG924D5NF,HP Elitebook 840 G5,2026-08,2026-08-01,2026-08-31,1499,1499,NO
INV-0223,117,BLUEJAY WORKTECH PRIVATE LIMITED,TTSPL2451,5Z2TWT2,Dell Latitude 5490,2026-08,2026-08-01,2026-08-31,1499,1499,NO
INV-0223,117,BLUEJAY WORKTECH PRIVATE LIMITED,TTSPL2850,G5568S2,Dell Latitude 7490,2026-08,2026-08-01,2026-08-31,1299,1299,NO
INV-0223,117,BLUEJAY WORKTECH PRIVATE LIMITED,TTSPL5441,5G7QJW2,Dell Latitude 3400,2026-08,2026-08-01,2026-08-31,1299,1299,NO
INV-0223,117,BLUEJAY WORKTECH PRIVATE LIMITED,TTSPL3397,F4LFVT2,Dell Latitude 7490,2026-08,2026-08-01,2026-08-31,1299,1299,NO
INV-0223,117,BLUEJAY WORKTECH PRIVATE LIMITED,TTSPL5444,9G94103,Dell Latitude 3400,2026-08,2026-08-01,2026-08-31,1299,1299,NO
INV-0223,117,BLUEJAY WORKTECH PRIVATE LIMITED,TTSPL3545,PC1NVAXJ,Lenovo Thinkpad X-13,2026-08,2026-08-01,2026-08-31,1799,1799,NO
INV-0223,117,BLUEJAY WORKTECH PRIVATE LIMITED,TTSPL5463,PF34A01E,Lenovo Thinkpad T14 (Touchscreen),2026-08,2026-08-01,2026-08-31,1799,1799,NO
INV-0223,117,BLUEJAY WORKTECH PRIVATE LIMITED,TTSPL3533,5CG8435RRJ,HP Elitebook 840 G5,2026-08,2026-08-01,2026-08-31,1299,1299,NO
INV-0223,117,BLUEJAY WORKTECH PRIVATE LIMITED,TTSPL4244,5QBJM53,Dell Latitude 5410,2026-08,2026-08-01,2026-08-31,1500,1500,NO
INV-0223,117,BLUEJAY WORKTECH PRIVATE LIMITED,TTSPL3554,PC1NVAXE,Lenovo Thinkpad X-13,2026-08,2026-08-01,2026-08-31,1500,1500,NO
INV-0302,118,COSMO BRANDS PRIVATE LIMITED,TTSPL1709,5CG6091XQL,HP Laptop Elitebook Folio 9480m,2026-08,2026-08-01,2026-08-31,1190,1190,NO
INV-0302,118,COSMO BRANDS PRIVATE LIMITED,TTSPL3015,C108QC2,Dell Latitude E7470,2026-08,2026-08-01,2026-08-31,1190,1190,NO
INV-0302,118,COSMO BRANDS PRIVATE LIMITED,TTSPLGR0115,PF139HSS,Lenovo Thinkpad T470 (Touch Screen),2026-08,2026-08-01,2026-08-31,1190,1190,NO
INV-0302,118,COSMO BRANDS PRIVATE LIMITED,TTSPL4883,H8H41X2,Dell Latitude 7490,2026-08,2026-08-01,2026-08-31,1190,1190,NO
INV-0302,118,COSMO BRANDS PRIVATE LIMITED,TTSPL3749,5ZX6RV2,Dell Latitude 5490,2026-08,2026-08-01,2026-08-31,1499,1499,NO
INV-0302,118,COSMO BRANDS PRIVATE LIMITED,TTSPL3976,JT4RTT2,Dell Latitude 7490,2026-08,2026-08-01,2026-08-31,1499,1499,NO
INV-0302,118,COSMO BRANDS PRIVATE LIMITED,TTSPL5648,4743C63,Dell Latitude 3410,2026-08,2026-08-01,2026-08-31,1499,1499,NO
INV-0302,118,COSMO BRANDS PRIVATE LIMITED,TTSPL5041,PC1DFHEJ,Lenovo Thinkpad T490s,2026-08,2026-08-01,2026-08-31,1190,1190,NO
INV-0302,118,COSMO BRANDS PRIVATE LIMITED,TTSPL2219,5CG52656XJ,HP Laptop Elitebook Folio 9480m,2026-08,2026-08-01,2026-08-31,1190,1190,NO
INV-0302,118,COSMO BRANDS PRIVATE LIMITED,TTSPL1569,BSQSMC2,Dell Latitude E5470,2026-08,2026-08-01,2026-08-31,1199,1199,NO
INV-0302,118,COSMO BRANDS PRIVATE LIMITED,TTSPL5250,PF258K6H,Lenovo Thinkpad T490,2026-08,2026-08-01,2026-08-31,1190,1190,NO
INV-0213,124,AA Consultant,TTSPL5375,D7M7103,Dell Latitude 3400,2026-08,2026-08-01,2026-08-31,1600,1600,NO
INV-0313,128,86 AGENCY,TTSPL3243,CD5LW33,Dell Latitude 7400 (Touch Screen),2026-08,2026-08-01,2026-08-31,1999,1999,NO
INV-0313,128,86 AGENCY,TTSPL3225,3351N13,Dell Latitude 7400 (Touch Screen),2026-08,2026-08-01,2026-08-31,1999,1999,NO
INV-0313,128,86 AGENCY,TTSPL3136,FTK6N13,Dell Latitude 7400 (Touch Screen),2026-08,2026-08-01,2026-08-31,1999,1999,NO
INV-0313,128,86 AGENCY,TTSPL3139,1S37N13,Dell Latitude 7400 (Touch Screen),2026-08,2026-08-01,2026-08-31,1999,1999,NO
INV-0313,128,86 AGENCY,TTSPL3199,32S3ZY2,Dell Latitude 7400 (Touch Screen),2026-08,2026-08-01,2026-08-31,1999,1999,NO
INV-0193,132,BROWN ALLIGATOR,TTSPL3547,PC1NVAXT,Lenovo Thinkpad X-13,2026-08,2026-08-01,2026-08-31,1699,1699,NO
INV-0364,130,Aim Plus Staffing Solutions,TTSPL4072,JTTF503,Dell Latitude 5310,2026-08,2026-08-01,2026-08-31,2999,2999,NO
INV-0364,130,Aim Plus Staffing Solutions,TTSPL1977,WDU410DTCY,HP Elitebook 840 G1,2026-08,2026-08-01,2026-08-31,1500,1500,NO
INV-0364,130,Aim Plus Staffing Solutions,TTSPL2424,PC050ULM,Lenovo Laptop Thinkpad T450,2026-08,2026-08-01,2026-08-31,1500,1500,NO
INV-0364,130,Aim Plus Staffing Solutions,TTSPL1995,CNU425CBPP,HP Elitebook 840 G1,2026-08,2026-08-01,2026-08-31,1500,1500,NO
INV-0364,130,Aim Plus Staffing Solutions,TTSPL1608,659XFC2,Dell Latitude E5470,2026-08,2026-08-01,2026-08-31,1500,1500,NO
INV-0364,130,Aim Plus Staffing Solutions,TTSPL4906,PC164BEV,Lenovo Thinkpad T480s,2026-08,2026-08-01,2026-08-31,1590,1590,NO
INV-0364,130,Aim Plus Staffing Solutions,TTSPL2919,6M726Q2,Dell Latitude 7480,2026-08,2026-08-01,2026-08-31,1590,1590,NO
INV-0210,135,AKSUM TRADEMART PRIVATE LIMITED,TTSPL5839,J8RD2B3,Dell Latitude 3420,2026-08,2026-08-01,2026-08-31,1700,1700,NO
INV-0210,135,AKSUM TRADEMART PRIVATE LIMITED,TTSPL5258,GD9PZD3,Dell Latitude 5420,2026-08,2026-08-01,2026-08-31,1699,1699,NO
INV-0210,135,AKSUM TRADEMART PRIVATE LIMITED,TTSPL5834,7JRD2B3,Dell Latitude 3420,2026-08,2026-08-01,2026-08-31,1699,1699,NO
INV-0210,135,AKSUM TRADEMART PRIVATE LIMITED,TTSPL7222,R913GZ3Z,Lenovo Thinkpad L13,2026-08,2026-08-01,2026-08-31,1699,1699,NO
INV-0210,135,AKSUM TRADEMART PRIVATE LIMITED,TTSPL7183,R913GZF5,Lenovo Lenovo Thinkpad L13,2026-07,2026-07-23,2026-07-31,1700,493.55,YES
INV-0210,135,AKSUM TRADEMART PRIVATE LIMITED,TTSPL7183,R913GZF5,Lenovo Lenovo Thinkpad L13,2026-08,2026-08-01,2026-08-31,1700,1700,NO
INV-0210,135,AKSUM TRADEMART PRIVATE LIMITED,TTSPL7522,GMRS2F3,Latitude 5420,2026-07,2026-07-23,2026-07-31,1700,493.55,YES
INV-0210,135,AKSUM TRADEMART PRIVATE LIMITED,TTSPL7522,GMRS2F3,Latitude 5420,2026-08,2026-08-01,2026-08-31,1700,1700,NO
INV-0210,135,AKSUM TRADEMART PRIVATE LIMITED,TTSPL7518,2Z341F3,Latitude 5420,2026-07,2026-07-23,2026-07-31,1700,493.55,YES
INV-0210,135,AKSUM TRADEMART PRIVATE LIMITED,TTSPL7518,2Z341F3,Latitude 5420,2026-08,2026-08-01,2026-08-31,1700,1700,NO
INV-0210,135,AKSUM TRADEMART PRIVATE LIMITED,TTSPL7166,R913GZDG,Lenovo Thinkpad L13,2026-08,2026-08-01,2026-08-31,1699,1699,NO
INV-0333,140,DASH AST TECHNOLOGY LLP,TTSPL5443,5ZM7103,Dell Latitude 3400,2026-08,2026-08-01,2026-08-31,999,999,NO
INV-0333,140,DASH AST TECHNOLOGY LLP,TTSPL5430,15R7103,Dell Latitude 3400,2026-08,2026-08-01,2026-08-31,999,999,NO
INV-0341,141,Easy Fix Handy Solutions India Private Limited,TTSPL5860,PF2GP0ZL,Lenovo Thinkpad T14,2026-08,2026-08-01,2026-08-31,1400,1400,NO
INV-0341,141,Easy Fix Handy Solutions India Private Limited,TTSPL5211,PF1XQ4WP,Lenovo Thinkpad T490,2026-08,2026-08-01,2026-08-31,1099,1099,NO
INV-0341,141,Easy Fix Handy Solutions India Private Limited,TTSPL6190,PF31SCS7,Lenovo Thinkpad T14,2026-08,2026-08-01,2026-08-31,1400,1400,NO
INV-0341,141,Easy Fix Handy Solutions India Private Limited,TTSPL6918,PF254Q61,Lenovo Thinkpad T14,2026-08,2026-08-01,2026-08-31,1400,1400,NO
INV-0341,141,Easy Fix Handy Solutions India Private Limited,TTSPL5149,PF1SVP34,Lenovo Thinkpad T14,2026-08,2026-08-01,2026-08-31,1400,1400,NO
INV-0341,141,Easy Fix Handy Solutions India Private Limited,TTSPL6170,PF31SJBW,Lenovo Thinkpad T14,2026-07,2026-07-07,2026-07-31,1400,1129.03,YES
INV-0341,141,Easy Fix Handy Solutions India Private Limited,TTSPL6170,PF31SJBW,Lenovo Thinkpad T14,2026-08,2026-08-01,2026-08-31,1400,1400,NO
INV-0341,141,Easy Fix Handy Solutions India Private Limited,TTSPL4878,JYMVZH3,Dell Latitude 5420 (Touch Screen),2026-08,2026-08-01,2026-08-31,2500,2500,NO
INV-0341,141,Easy Fix Handy Solutions India Private Limited,TTSPL5291,PF20R50C,Lenovo Thinkpad T14,2026-08,2026-08-01,2026-08-31,1400,1400,NO
INV-0341,141,Easy Fix Handy Solutions India Private Limited,TTSPL6106,PF1A658C,Lenovo Thinkpad T14,2026-08,2026-08-01,2026-08-31,1400,1400,NO
INV-0341,141,Easy Fix Handy Solutions India Private Limited,TTSPL6109,PF1A9KVM,Lenovo Thinkpad T14,2026-08,2026-08-01,2026-08-31,1400,1400,NO
INV-0341,141,Easy Fix Handy Solutions India Private Limited,TTSPL6114,PF1BWK6H,Lenovo Thinkpad T14,2026-08,2026-08-01,2026-08-31,1400,1400,NO
INV-0341,141,Easy Fix Handy Solutions India Private Limited,TTSPL6116,PF254RFP,Lenovo Thinkpad T14,2026-08,2026-08-01,2026-08-31,1400,1400,NO
INV-0341,141,Easy Fix Handy Solutions India Private Limited,TTSPL6120,PF254R65,Lenovo Thinkpad T14,2026-08,2026-08-01,2026-08-31,1400,1400,NO
INV-0341,141,Easy Fix Handy Solutions India Private Limited,TTSPL6148,PF1BXETF,Lenovo Thinkpad T14,2026-08,2026-08-01,2026-08-31,1400,1400,NO
INV-0341,141,Easy Fix Handy Solutions India Private Limited,TTSPL6162,PF31SD0B,Lenovo Thinkpad T14,2026-08,2026-08-01,2026-08-31,1400,1400,NO
INV-0341,141,Easy Fix Handy Solutions India Private Limited,TTSPL6199,PF1VPSAB,Lenovo Thinkpad T14,2026-08,2026-08-01,2026-08-31,1400,1400,NO
INV-0341,141,Easy Fix Handy Solutions India Private Limited,TTSPL6176,PF31SKGH,Lenovo Thinkpad T14,2026-08,2026-08-01,2026-08-31,1400,1400,NO
INV-0341,141,Easy Fix Handy Solutions India Private Limited,TTSPL4715,PF32J3VG,Lenovo Thinkpad T14,2026-08,2026-08-01,2026-08-31,1400,1400,NO
INV-0341,141,Easy Fix Handy Solutions India Private Limited,TTSPL5967,PC1X7G35,Lenovo Thinkpad T14s,2026-08,2026-08-01,2026-08-31,1400,1400,NO
INV-0341,141,Easy Fix Handy Solutions India Private Limited,TTSPL5969,PC1X7G6C,Lenovo Thinkpad T14s,2026-08,2026-08-01,2026-08-31,1400,1400,NO
INV-0341,141,Easy Fix Handy Solutions India Private Limited,TTSPL6140,PF1VPWS1,Lenovo Thinkpad T14,2026-08,2026-08-01,2026-08-31,1400,1400,NO
INV-0341,141,Easy Fix Handy Solutions India Private Limited,TTSPL6123,PF1A9KWW,Lenovo Thinkpad T14,2026-08,2026-08-01,2026-08-31,1400,1400,NO
INV-0341,141,Easy Fix Handy Solutions India Private Limited,TTSPL6147,PF1A6SD0,Lenovo Thinkpad T14,2026-08,2026-08-01,2026-08-31,1400,1400,NO
INV-0341,141,Easy Fix Handy Solutions India Private Limited,TTSPL5902,PF2G7SB0,Lenovo Thinkpad T14,2026-08,2026-08-01,2026-08-31,1400,1400,NO
INV-0341,141,Easy Fix Handy Solutions India Private Limited,TTSPL4443,PF2AKSL3,Lenovo Thinkpad L14,2026-08,2026-08-01,2026-08-31,1400,1400,NO
INV-0341,141,Easy Fix Handy Solutions India Private Limited,TTSPL6900,PF244SXY,Lenovo Thinkpad T14,2026-08,2026-08-01,2026-08-31,1400,1400,NO
INV-0286,144,Accelerate Media Private Limited,TTSPL6008,8WQD2B3,Dell Latitude 3420,2026-08,2026-08-01,2026-08-31,1799,1799,NO
INV-0363,148,DREESHTI AIRTECH SOLUTIONS PRIVATE LIMITED,TTSPL2208,91MSLC2,Dell Latitude E5470,2026-08,2026-08-01,2026-08-31,1350,1350,NO
INV-0363,148,DREESHTI AIRTECH SOLUTIONS PRIVATE LIMITED,TTSPL2240,CTMMMH2,Dell Latitude E5480,2026-08,2026-08-01,2026-08-31,1350,1350,NO
INV-0318,152,Dotnova Aitech Private Limited,TTSPL3018,884BKC2,Dell Latitude E7470,2026-08,2026-08-01,2026-08-31,1149,1149,NO
INV-0318,152,Dotnova Aitech Private Limited,TTSPL3135,HT79N13,Dell Latitude 7400 (Touch Screen),2026-08,2026-08-01,2026-08-31,1599,1599,NO
INV-0318,152,Dotnova Aitech Private Limited,TTSPL4223,1MH4273,Dell Latitude 5410,2026-08,2026-08-01,2026-08-31,2549,2549,NO
INV-0318,152,Dotnova Aitech Private Limited,TTSPL6926,5V2Q3T3,Dell Latitude 7330 (Touch),2026-08,2026-08-01,2026-08-31,3500,3500,NO
INV-0318,152,Dotnova Aitech Private Limited,TTSPL7070,GJ1CLR3,Dell Latitude 7330 (Touch),2026-08,2026-08-01,2026-08-31,3699,3699,NO
INV-0318,152,Dotnova Aitech Private Limited,TTSPL5828,CVQD2B3,Dell Latitude 3420,2026-08,2026-08-01,2026-08-31,2299,2299,NO
INV-0318,152,Dotnova Aitech Private Limited,TTSPL7462,795XGY3,Latitude 7440,2026-07,2026-07-20,2026-07-31,4599,1780.26,YES
INV-0318,152,Dotnova Aitech Private Limited,TTSPL7462,795XGY3,Latitude 7440,2026-08,2026-08-01,2026-08-31,4599,4599,NO
INV-0318,152,Dotnova Aitech Private Limited,TTSPL7460,H464BY3,Latitude 7440,2026-07,2026-07-20,2026-07-31,4599,1780.26,YES
INV-0318,152,Dotnova Aitech Private Limited,TTSPL7460,H464BY3,Latitude 7440,2026-08,2026-08-01,2026-08-31,4599,4599,NO
INV-0318,152,Dotnova Aitech Private Limited,TTSPL3364,5CD9468ZLS,HP Elitebook X360 1030 G4,2026-07,2026-07-02,2026-07-31,1800,1741.94,YES
INV-0318,152,Dotnova Aitech Private Limited,TTSPL3364,5CD9468ZLS,HP Elitebook X360 1030 G4,2026-08,2026-08-01,2026-08-31,1800,1800,NO
INV-0318,152,Dotnova Aitech Private Limited,TTSPL3821,26DPK12,Dell Latitude E7440,2026-08,2026-08-01,2026-08-31,1199,1199,NO
INV-0318,152,Dotnova Aitech Private Limited,TTSPL4007,CND12350K8,HP Elitebook X360 1040 G8,2026-08,2026-08-01,2026-08-31,3349,3349,NO
INV-0318,152,Dotnova Aitech Private Limited,TTSPL6948,F736LCD6JY,Apple MacBook Pro,2026-08,2026-08-01,2026-08-31,9400,9400,NO
INV-0318,152,Dotnova Aitech Private Limited,TTSPL4647,8QSZ7C3,Dell Latitude 5420 (Touch Screen),2026-08,2026-08-01,2026-08-31,3349,3349,NO
INV-0318,152,Dotnova Aitech Private Limited,TTSPL7049,HK6GW5GQX5,Apple Macbook Pro,2026-08,2026-08-01,2026-08-31,9999,9999,NO
INV-0318,152,Dotnova Aitech Private Limited,TTSPL5055,PF5EC8KN,Lenovo V14 (Gen 3),2026-08,2026-08-01,2026-08-31,3699,3699,NO
INV-0318,152,Dotnova Aitech Private Limited,TTSPL3928,46LGZQ2,Dell Latitude 7490,2026-08,2026-08-01,2026-08-31,1499,1499,NO
INV-0230,153,QUICKREPLY TECHNOLOGIES INDIA PRIVATE LIMITED,TTSPL6733,D4SM763,Dell Latitude 3410,2026-08,2026-08-01,2026-08-31,1699,1699,NO
INV-0230,153,QUICKREPLY TECHNOLOGIES INDIA PRIVATE LIMITED,TTSPL6421,PG02JQ8V,Lenovo Thinkpad E-14 Gen 2,2026-08,2026-08-01,2026-08-31,2099,2099,NO
INV-0230,153,QUICKREPLY TECHNOLOGIES INDIA PRIVATE LIMITED,TTSPL6259,7ZR1T93,Dell Latitude 3410,2026-08,2026-08-01,2026-08-31,1699,1699,NO
INV-0230,153,QUICKREPLY TECHNOLOGIES INDIA PRIVATE LIMITED,TTSPL7562,2TCJ2F3,Latitude 5420,2026-07,2026-07-31,2026-07-31,2099,67.71,YES
INV-0230,153,QUICKREPLY TECHNOLOGIES INDIA PRIVATE LIMITED,TTSPL7562,2TCJ2F3,Latitude 5420,2026-08,2026-08-01,2026-08-31,2099,2099,NO
INV-0230,153,QUICKREPLY TECHNOLOGIES INDIA PRIVATE LIMITED,TTSPL4397,PC2830BV,Lenovo Thinkpad X-13,2026-07,2026-07-07,2026-07-31,2099,1692.74,YES
INV-0230,153,QUICKREPLY TECHNOLOGIES INDIA PRIVATE LIMITED,TTSPL4397,PC2830BV,Lenovo Thinkpad X-13,2026-08,2026-08-01,2026-08-31,2099,2099,NO
INV-0230,153,QUICKREPLY TECHNOLOGIES INDIA PRIVATE LIMITED,TTSPL4341,PF2R31SD,Lenovo Thinkpad T14,2026-07,2026-07-07,2026-07-31,2699,2176.61,YES
INV-0230,153,QUICKREPLY TECHNOLOGIES INDIA PRIVATE LIMITED,TTSPL4341,PF2R31SD,Lenovo Thinkpad T14,2026-08,2026-08-01,2026-08-31,2699,2699,NO
INV-0230,153,QUICKREPLY TECHNOLOGIES INDIA PRIVATE LIMITED,TTSPL6379,PG02HVTV,Lenovo Thinkpad E-14 Gen 2,2026-07,2026-07-07,2026-07-31,2099,1692.74,YES
INV-0230,153,QUICKREPLY TECHNOLOGIES INDIA PRIVATE LIMITED,TTSPL6379,PG02HVTV,Lenovo Thinkpad E-14 Gen 2,2026-08,2026-08-01,2026-08-31,2099,2099,NO
INV-0230,153,QUICKREPLY TECHNOLOGIES INDIA PRIVATE LIMITED,TTSPL5831,22RD2B3,Dell Latitude 3420,2026-08,2026-08-01,2026-08-31,1799,1799,NO
INV-0230,153,QUICKREPLY TECHNOLOGIES INDIA PRIVATE LIMITED,TTSPL5689,1WP1T93,Dell Latitude 3410,2026-08,2026-08-01,2026-08-31,1699,1699,NO
INV-0230,153,QUICKREPLY TECHNOLOGIES INDIA PRIVATE LIMITED,TTSPL2318,1YZ2ZW2,Dell Latitude 7490,2026-08,2026-08-01,2026-08-31,1400,1400,NO
INV-0230,153,QUICKREPLY TECHNOLOGIES INDIA PRIVATE LIMITED,TTSPL6507,BYQD463,Dell Latitude 3410,2026-08,2026-08-01,2026-08-31,1400,1400,NO
INV-0208,156,Global Fashion Off Duty Limited,TTSPL3932,HJ9TPQ2,Dell Latitude 7490,2026-07,2026-07-14,2026-07-31,1300,754.84,YES
INV-0208,156,Global Fashion Off Duty Limited,TTSPL3932,HJ9TPQ2,Dell Latitude 7490,2026-08,2026-08-01,2026-08-31,1300,1300,NO
INV-0208,156,Global Fashion Off Duty Limited,TTSPL7381,5CG0278R4L,HP ProBook 640 G5,2026-07,2026-07-14,2026-07-31,1300,754.84,YES
INV-0208,156,Global Fashion Off Duty Limited,TTSPL7381,5CG0278R4L,HP ProBook 640 G5,2026-08,2026-08-01,2026-08-31,1300,1300,NO
INV-0208,156,Global Fashion Off Duty Limited,TTSPL7387,5CG0278CJB,HP ProBook 640 G5 Notebook PC,2026-07,2026-07-13,2026-07-31,1300,796.77,YES
INV-0208,156,Global Fashion Off Duty Limited,TTSPL7387,5CG0278CJB,HP ProBook 640 G5 Notebook PC,2026-08,2026-08-01,2026-08-31,1300,1300,NO
INV-0208,156,Global Fashion Off Duty Limited,TTSPL7499,5CG0273WJ1,HP ProBook 640 G5,2026-07,2026-07-30,2026-07-31,1300,83.87,YES
INV-0208,156,Global Fashion Off Duty Limited,TTSPL7499,5CG0273WJ1,HP ProBook 640 G5,2026-08,2026-08-01,2026-08-31,1300,1300,NO
INV-0208,156,Global Fashion Off Duty Limited,TTSPL3479,43G7ZD3,Dell Latitude 5420,2026-08,2026-08-01,2026-08-31,3700,3700,NO
INV-0208,156,Global Fashion Off Duty Limited,TTSPL4986,PF54RAST,Lenovo V14 (Gen 3),2026-08,2026-08-01,2026-08-31,2499,2499,NO
INV-0208,156,Global Fashion Off Duty Limited,TTSPL5337,H7MXWT3,Dell Latitude 5430,2026-08,2026-08-01,2026-08-31,2499,2499,NO
INV-0208,156,Global Fashion Off Duty Limited,TTSPL5124,PF55F5SM,Lenovo V14 (Gen 3),2026-08,2026-08-01,2026-08-31,2499,2499,NO
INV-0208,156,Global Fashion Off Duty Limited,TTSPL4992,PG04FE2Y,Lenovo V14 (Gen 3),2026-08,2026-08-01,2026-08-31,2499,2499,NO
INV-0208,156,Global Fashion Off Duty Limited,TTSPL5123,PG04GTGN,Lenovo V14 (Gen 3),2026-08,2026-08-01,2026-08-31,2499,2499,NO
INV-0208,156,Global Fashion Off Duty Limited,TTSPL6001,3YMZSQ3,Dell Latitude 5430,2026-08,2026-08-01,2026-08-31,2499,2499,NO
INV-0208,156,Global Fashion Off Duty Limited,TTSPL5113,PF53AE41,Lenovo V14 (Gen 3),2026-08,2026-08-01,2026-08-31,2499,2499,NO
INV-0208,156,Global Fashion Off Duty Limited,TTSPL5347,2MTVXT3,Dell Latitude 5430,2026-08,2026-08-01,2026-08-31,2499,2499,NO
INV-0208,156,Global Fashion Off Duty Limited,TTSPL6031,PG02R195,Lenovo Thinkpad E14,2026-08,2026-08-01,2026-08-31,1999,1999,NO
INV-0208,156,Global Fashion Off Duty Limited,TTSPL6743,PG02WQX6,Lenovo ThinkPad L14,2026-08,2026-08-01,2026-08-31,1999,1999,NO
INV-0208,156,Global Fashion Off Duty Limited,TTSPL6746,PF3SQD4H,Lenovo ThinkPad L14,2026-08,2026-08-01,2026-08-31,1999,1999,NO
INV-0208,156,Global Fashion Off Duty Limited,TTSPL6748,PF3SMC8T,Lenovo ThinkPad L14,2026-08,2026-08-01,2026-08-31,1999,1999,NO
INV-0208,156,Global Fashion Off Duty Limited,TTSPL6749,PG02WR04,Lenovo ThinkPad L14,2026-08,2026-08-01,2026-08-31,1999,1999,NO
INV-0208,156,Global Fashion Off Duty Limited,TTSPL6750,PF3SQL3J,Lenovo ThinkPad L14,2026-08,2026-08-01,2026-08-31,1999,1999,NO
INV-0208,156,Global Fashion Off Duty Limited,TTSPL5927,PG0343DG,Lenovo Thinkpad E14,2026-08,2026-08-01,2026-08-31,1999,1999,NO
INV-0208,156,Global Fashion Off Duty Limited,TTSPL6380,PG02HV55,Lenovo Thinkpad E-14 Gen 2,2026-08,2026-08-01,2026-08-31,1999,1999,NO
INV-0208,156,Global Fashion Off Duty Limited,TTSPL6419,PG02HV0L,Lenovo Thinkpad E-14 Gen 2,2026-08,2026-08-01,2026-08-31,1999,1999,NO
INV-0208,156,Global Fashion Off Duty Limited,TTSPL7047,1RJQQG3,Dell Latitude 5320 (Touch),2026-08,2026-08-01,2026-08-31,3700,3700,NO
INV-0208,156,Global Fashion Off Duty Limited,TTSPL7044,FZXB9G3,Dell Latitude 5320 (Touch),2026-08,2026-08-01,2026-08-31,3700,3700,NO
INV-0354,1,Tagbin Services Pvt Ltd,TTSPL4520,1H483J3,Dell Latitude 5420,2026-08,2026-08-01,2026-08-31,2899,2899,NO
INV-0354,1,Tagbin Services Pvt Ltd,TTSPL3609,PF2E5T5A,Lenovo Thinkpad L14,2026-08,2026-08-01,2026-08-31,2399,2399,NO
INV-0354,1,Tagbin Services Pvt Ltd,TTSPL3717,8KQZ2J3,Dell Latitude 5420,2026-08,2026-08-01,2026-08-31,2899,2899,NO
INV-0354,1,Tagbin Services Pvt Ltd,TTSPL4191,CND12350B1,HP Elitebook 1040 G8,2026-08,2026-08-01,2026-08-31,2899,2899,NO
INV-0354,1,Tagbin Services Pvt Ltd,TTSPL4131,CND1234Z37,HP Elitebook X360 1040 G8,2026-08,2026-08-01,2026-08-31,4000,4000,NO
INV-0354,1,Tagbin Services Pvt Ltd,TTSPL4838,9QTXZH3,Dell Latitude 5420,2026-08,2026-08-01,2026-08-31,2899,2899,NO
INV-0354,1,Tagbin Services Pvt Ltd,TTSPL3981,CND1262L37,HP Elitebook X360 1040 G8,2026-08,2026-08-01,2026-08-31,2899,2899,NO
INV-0354,1,Tagbin Services Pvt Ltd,TTSPL4584,BW308C3,Dell Latitude 5420,2026-08,2026-08-01,2026-08-31,2899,2899,NO
INV-0354,1,Tagbin Services Pvt Ltd,TTSPL7055,LH9XVGJXCG,Apple MacBook Air,2026-08,2026-08-01,2026-08-31,5500,5500,NO
INV-0354,1,Tagbin Services Pvt Ltd,TTSPL2312,5CD93463X1,HP Elitebook X360 1030 G3,2026-08,2026-08-01,2026-08-31,2799,2799,NO
INV-0354,1,Tagbin Services Pvt Ltd,TTSPL4629,1M8Z3M3,Dell Latitude 5420 (Touch Screen),2026-08,2026-08-01,2026-08-31,2899,2899,NO
INV-0354,1,Tagbin Services Pvt Ltd,TTSPL3724,1XB72J3,Dell Latitude 5420,2026-08,2026-08-01,2026-08-31,2899,2899,NO
INV-0354,1,Tagbin Services Pvt Ltd,TTSPL7056,L70N2NT761,Apple MacBook Air,2026-08,2026-08-01,2026-08-31,5500,5500,NO
INV-0354,1,Tagbin Services Pvt Ltd,TTSPL5049,T4NECX04P994182,Asus TUF Gaming A15,2026-08,2026-08-01,2026-08-31,3999,3999,NO
INV-0354,1,Tagbin Services Pvt Ltd,TTSPL3494,9MB7ZD3,Dell Latitude 5420,2026-08,2026-08-01,2026-08-31,2899,2899,NO
INV-0354,1,Tagbin Services Pvt Ltd,TTSPL3740,4CNX1F3,Dell Latitude 5420,2026-08,2026-08-01,2026-08-31,2899,2899,NO
INV-0354,1,Tagbin Services Pvt Ltd,TTSPL3739,27X72F3,Dell Latitude 5420,2026-08,2026-08-01,2026-08-31,2899,2899,NO
INV-0354,1,Tagbin Services Pvt Ltd,TTSPL4076,3DXP963,Dell Latitude 5310,2026-08,2026-08-01,2026-08-31,2899,2899,NO
INV-0354,1,Tagbin Services Pvt Ltd,TTSPL7054,G9YLWHFQ70,Apple MacBook Air,2026-08,2026-08-01,2026-08-31,5500,5500,NO
INV-0354,1,Tagbin Services Pvt Ltd,TTSPL6887,5CG2089XY4,HP Elitebook 840 G8,2026-08,2026-08-01,2026-08-31,2899,2899,NO
INV-0354,1,Tagbin Services Pvt Ltd,TTSPL6865,5CG208C4TD,HP Elitebook 840 G8,2026-08,2026-08-01,2026-08-31,2899,2899,NO
INV-0354,1,Tagbin Services Pvt Ltd,TTSPL4261,CND1234ZN4,HP Elitebook 1040 G8 (Touch Screen),2026-08,2026-08-01,2026-08-31,2899,2899,NO
INV-0354,1,Tagbin Services Pvt Ltd,TTSPL7002,5CG208B5JN,HP Elitebook 840 G8,2026-08,2026-08-01,2026-08-31,2899,2899,NO
INV-0354,1,Tagbin Services Pvt Ltd,TTSPL6360,G0R5HK3,Dell Latitude 5420,2026-08,2026-08-01,2026-08-31,2899,2899,NO
INV-0354,1,Tagbin Services Pvt Ltd,TTSPL3129,BBJ1N13,Dell Latitude 7400 (Touch Screen),2026-08,2026-08-01,2026-08-31,2499,2499,NO
INV-0354,1,Tagbin Services Pvt Ltd,TTSPL6803,6QP6ZD3,Dell Latitude 5420,2026-08,2026-08-01,2026-08-31,2899,2899,NO
INV-0354,1,Tagbin Services Pvt Ltd,TTSPL3712,FVFHG8ZWQ05D,Apple Macbook Pro,2026-08,2026-08-01,2026-08-31,4999,4999,NO
INV-0354,1,Tagbin Services Pvt Ltd,TTSPL2148,D23T4Q2,Dell Latitude 5490,2026-08,2026-08-01,2026-08-31,1599,1599,NO
INV-0354,1,Tagbin Services Pvt Ltd,TTSPL3352,5CG2260J9D,HP 240 G8,2026-08,2026-08-01,2026-08-31,2399,2399,NO
INV-0354,1,Tagbin Services Pvt Ltd,TTSPL6214,50R5HK3,Dell Latitude 5420,2026-08,2026-08-01,2026-08-31,2899,2899,NO
INV-0354,1,Tagbin Services Pvt Ltd,TTSPL2060,84CZPQ2,Dell Latitude 5490,2026-08,2026-08-01,2026-08-31,1999,1999,NO
INV-0354,1,Tagbin Services Pvt Ltd,TTSPL3236,5CD9448C45,HP Elitebook X360 1030 G4,2026-08,2026-08-01,2026-08-31,2999,2999,NO
INV-0354,1,Tagbin Services Pvt Ltd,TTSPL3490,JQQZ2J3,Dell Latitude 5420,2026-08,2026-08-01,2026-08-31,2899,2899,NO
INV-0354,1,Tagbin Services Pvt Ltd,TTSPL3659,4NB18S2,Dell Latitude 7490,2026-08,2026-08-01,2026-08-31,1599,1599,NO
INV-0354,1,Tagbin Services Pvt Ltd,TTSPL3738,985L2J3,Dell Latitude 5420,2026-08,2026-08-01,2026-08-31,2899,2899,NO
INV-0354,1,Tagbin Services Pvt Ltd,TTSPL3670,86518S2,Dell Latitude 7490,2026-08,2026-08-01,2026-08-31,1599,1599,NO
INV-0301,158,EasyRewardz Software Services Private Limited,TTSPL4675,FVWVCK3,Dell Latitude 5420 (Touch Screen),2026-08,2026-08-01,2026-08-31,1550,1550,NO
INV-0301,158,EasyRewardz Software Services Private Limited,TTSPL4682,PF32H9V9,Lenovo Thinkpad T14 (Touchscreen),2026-08,2026-08-01,2026-08-31,1500,1500,NO
INV-0301,158,EasyRewardz Software Services Private Limited,TTSPL4489,93RV8D3,Dell Latitude 5420,2026-08,2026-08-01,2026-08-31,1500,1500,NO
INV-0301,158,EasyRewardz Software Services Private Limited,TTSPL4545,JPKK2F3,Dell Latitude 5420,2026-08,2026-08-01,2026-08-31,1500,1500,NO
INV-0301,158,EasyRewardz Software Services Private Limited,TTSPL4549,FJCP7C3,Dell Latitude 5420,2026-08,2026-08-01,2026-08-31,1500,1500,NO
INV-0301,158,EasyRewardz Software Services Private Limited,TTSPL5825,HW4BML3,Dell Latitude 3420,2026-08,2026-08-01,2026-08-31,1500,1500,NO
INV-0301,158,EasyRewardz Software Services Private Limited,TTSPL4633,9Q05BC3,Dell Latitude 5420 (Touch Screen),2026-08,2026-08-01,2026-08-31,1550,1550,NO
INV-0301,158,EasyRewardz Software Services Private Limited,TTSPL4848,CR0YZH3,Dell Latitude 5420,2026-08,2026-08-01,2026-08-31,1550,1550,NO
INV-0301,158,EasyRewardz Software Services Private Limited,TTSPL4700,PF32JD1G,Lenovo Thinkpad T14,2026-08,2026-08-01,2026-08-31,1500,1500,NO
INV-0301,158,EasyRewardz Software Services Private Limited,TTSPL4490,BMZB3F3,Dell Latitude 5420,2026-08,2026-08-01,2026-08-31,1500,1500,NO
INV-0301,158,EasyRewardz Software Services Private Limited,TTSPL4728,PF38GHWA,Lenovo Thinkpad T14,2026-08,2026-08-01,2026-08-31,1500,1500,NO
INV-0301,158,EasyRewardz Software Services Private Limited,TTSPL5086,7FQ82F3,Dell Latitude 5420,2026-08,2026-08-01,2026-08-31,1500,1500,NO
INV-0301,158,EasyRewardz Software Services Private Limited,TTSPL4497,8SMGZH3,Dell Latitude 5420,2026-08,2026-08-01,2026-08-31,1500,1500,NO
INV-0301,158,EasyRewardz Software Services Private Limited,TTSPL5385,CBVV6G3,Dell Latitude 5420,2026-08,2026-08-01,2026-08-31,1500,1500,NO
INV-0301,158,EasyRewardz Software Services Private Limited,TTSPL5394,96HB3M3,Dell Latitude 5420,2026-08,2026-08-01,2026-08-31,1500,1500,NO
INV-0301,158,EasyRewardz Software Services Private Limited,TTSPL5403,9PV23F3,Dell Latitude 5420,2026-08,2026-08-01,2026-08-31,1500,1500,NO
INV-0301,158,EasyRewardz Software Services Private Limited,TTSPL5405,8HYZ3J3,Dell Latitude 5420,2026-08,2026-08-01,2026-08-31,1500,1500,NO
INV-0301,158,EasyRewardz Software Services Private Limited,TTSPL5084,7ZGTHG3,Dell Latitude 3420,2026-08,2026-08-01,2026-08-31,1500,1500,NO
INV-0301,158,EasyRewardz Software Services Private Limited,TTSPL5471,PG02WA60,Lenovo Thinkbook 14 (Gen2),2026-08,2026-08-01,2026-08-31,1500,1500,NO
INV-0301,158,EasyRewardz Software Services Private Limited,TTSPL5835,1B14JL3,Dell Latitude 3420,2026-08,2026-08-01,2026-08-31,1500,1500,NO
INV-0301,158,EasyRewardz Software Services Private Limited,TTSPL6023,PG0343EN,Lenovo Thinkpad E14,2026-08,2026-08-01,2026-08-31,1500,1500,NO
INV-0301,158,EasyRewardz Software Services Private Limited,TTSPL5107,PF54RFBV,Lenovo V14 (Gen 3),2026-08,2026-08-01,2026-08-31,1500,1500,NO
INV-0301,158,EasyRewardz Software Services Private Limited,TTSPL6321,CRZH2J3,Dell Latitude 5420,2026-08,2026-08-01,2026-08-31,1999,1999,NO
INV-0301,158,EasyRewardz Software Services Private Limited,TTSPL4502,2T892J3,Dell Latitude 5420,2026-08,2026-08-01,2026-08-31,1500,1500,NO
INV-0301,158,EasyRewardz Software Services Private Limited,TTSPL5389,JVYL3F3,Dell Latitude 5420,2026-08,2026-08-01,2026-08-31,1500,1500,NO
INV-0301,158,EasyRewardz Software Services Private Limited,TTSPL5392,95JL3T3,Dell Latitude 5420,2026-08,2026-08-01,2026-08-31,1500,1500,NO
INV-0222,161,ELEVONDATA LABS PRIVATE LIMITED,TTSPL4763,12NXZH3,Dell Latitude 5420,2026-08,2026-08-01,2026-08-31,2799,2799,NO
INV-0222,161,ELEVONDATA LABS PRIVATE LIMITED,TTSPL5840,DVXR9V3,Dell Latitude 5420,2026-08,2026-08-01,2026-08-31,1899,1899,NO
INV-0222,161,ELEVONDATA LABS PRIVATE LIMITED,TTSPL5624,PG02S23R,Lenovo Thinkpad E14,2026-08,2026-08-01,2026-08-31,1899,1899,NO
INV-0222,161,ELEVONDATA LABS PRIVATE LIMITED,TTSPL5802,6BN54J3,Dell Latitude 5420,2026-08,2026-08-01,2026-08-31,1899,1899,NO
INV-0222,161,ELEVONDATA LABS PRIVATE LIMITED,TTSPL6021,FKHC3WXQ0P,Apple Macbook Air,2026-08,2026-08-01,2026-08-31,5999,5999,NO
INV-0222,161,ELEVONDATA LABS PRIVATE LIMITED,TTSPL6647,GWQD2B3,Dell Latitude 3420,2026-08,2026-08-01,2026-08-31,1899,1899,NO
INV-0222,161,ELEVONDATA LABS PRIVATE LIMITED,TTSPL5716,D1B8SL3,Dell Latitude 3420,2026-08,2026-08-01,2026-08-31,1899,1899,NO
INV-0222,161,ELEVONDATA LABS PRIVATE LIMITED,TTSPL5701,F1RD2B3,Dell Latitude 3420,2026-08,2026-08-01,2026-08-31,1899,1899,NO
INV-0222,161,ELEVONDATA LABS PRIVATE LIMITED,TTSPL4552,2ZGP6J3,Dell Latitude 5420,2026-08,2026-08-01,2026-08-31,1899,1899,NO
INV-0297,167,MERITSHOT ZETTA EDUTECH PRIVATE LIMITED,TTSPL5017,T4NRCX03L523178,Asus TUF Gaming A15,2026-08,2026-08-01,2026-08-31,5999,5999,NO
INV-0289,168,Hostbooks limited,TTSPL4711,PF38PFGF,Lenovo Thinkpad T14,2026-08,2026-08-01,2026-08-31,1699,1699,NO
INV-0289,168,Hostbooks limited,TTSPL5877,PF2GMMKG,Lenovo Thinkpad T14,2026-08,2026-08-01,2026-08-31,1699,1699,NO
INV-0289,168,Hostbooks limited,TTSPL6219,JVT4HK3,Dell Latitude 5420,2026-08,2026-08-01,2026-08-31,2699,2699,NO
INV-0289,168,Hostbooks limited,TTSPL4855,CPKYZH3,Dell Latitude 5420,2026-08,2026-08-01,2026-08-31,2699,2699,NO
INV-0289,168,Hostbooks limited,TTSPL5619,PG02S33W,Lenovo Thinkpad E14,2026-08,2026-08-01,2026-08-31,1699,1699,NO
INV-0289,168,Hostbooks limited,TTSPL5328,5CD1315XSG,HP Probook 440 G8,2026-08,2026-08-01,2026-08-31,1699,1699,NO
INV-0289,168,Hostbooks limited,TTSPL5410,5CD1315Y8L,HP Probook 440 G8,2026-08,2026-08-01,2026-08-31,1699,1699,NO
INV-0289,168,Hostbooks limited,TTSPL5362,5CD0485VD1,HP Probook 440 G8,2026-08,2026-08-01,2026-08-31,1699,1699,NO
INV-0289,168,Hostbooks limited,TTSPL5415,5CD1315YBQ,HP Probook 440 G8,2026-08,2026-08-01,2026-08-31,1699,1699,NO
INV-0289,168,Hostbooks limited,TTSPL5911,5CD1218QK2,HP Probook 440 G8,2026-08,2026-08-01,2026-08-31,1699,1699,NO
INV-0289,168,Hostbooks limited,TTSPL6046,5CD112KFGV,HP Probook 440 G8,2026-08,2026-08-01,2026-08-31,1699,1699,NO
INV-0289,168,Hostbooks limited,TTSPL6075,5CD112LTCD,HP Probook 440 G8,2026-08,2026-08-01,2026-08-31,1699,1699,NO
INV-0289,168,Hostbooks limited,TTSPL6079,5CD112KFFP,HP Probook 440 G8,2026-08,2026-08-01,2026-08-31,1699,1699,NO
INV-0289,168,Hostbooks limited,TTSPL6092,5CD102GX0K,HP Probook 430 G8,2026-08,2026-08-01,2026-08-31,1699,1699,NO
INV-0289,168,Hostbooks limited,TTSPL6027,PG02YRKH,Lenovo Thinkpad E14,2026-08,2026-08-01,2026-08-31,1699,1699,NO
INV-0289,168,Hostbooks limited,TTSPL6212,60CJ1J3,Dell Latitude 5420,2026-08,2026-08-01,2026-08-31,2699,2699,NO
INV-0289,168,Hostbooks limited,TTSPL6223,1CPXVM3,Dell Latitude 5420,2026-08,2026-08-01,2026-08-31,2699,2699,NO
INV-0289,168,Hostbooks limited,TTSPL6311,CQT4HK3,Dell Latitude 5420,2026-08,2026-08-01,2026-08-31,2849,2849,NO
INV-0289,168,Hostbooks limited,TTSPL6309,4GJ12J3,Dell Latitude 5420,2026-08,2026-08-01,2026-08-31,2699,2699,NO
INV-0289,168,Hostbooks limited,TTSPL6361,7VLK2J3,Dell Latitude 5420,2026-08,2026-08-01,2026-08-31,2699,2699,NO
INV-0289,168,Hostbooks limited,TTSPL6515,13R5HK3,Dell Latitude 5420,2026-08,2026-08-01,2026-08-31,2849,2849,NO
INV-0289,168,Hostbooks limited,TTSPL6518,BMT4HK3,Dell Latitude 5420,2026-08,2026-08-01,2026-08-31,2849,2849,NO
INV-0289,168,Hostbooks limited,TTSPL6522,6JWB2J3,Dell Latitude 5420,2026-08,2026-08-01,2026-08-31,2699,2699,NO
INV-0289,168,Hostbooks limited,TTSPL4829,D2C60J3,Dell Latitude 5420,2026-08,2026-08-01,2026-08-31,2849,2849,NO
INV-0349,177,AWL India Private Limited,TTSPL6303,G3PXVM3,Dell Latitude 5420,2026-08,2026-08-01,2026-08-31,1400,1400,NO
INV-0349,177,AWL India Private Limited,TTSPL6310,7P26HK3,Dell Latitude 5420,2026-08,2026-08-01,2026-08-31,1400,1400,NO
INV-0349,177,AWL India Private Limited,TTSPL6318,J8PXVM3,Dell Latitude 5420,2026-08,2026-08-01,2026-08-31,1400,1400,NO
INV-0349,177,AWL India Private Limited,TTSPL6363,HKR82J3,Dell Latitude 5420,2026-08,2026-08-01,2026-08-31,1400,1400,NO
INV-0349,177,AWL India Private Limited,TTSPL6301,5ZNXVM3,Dell Latitude 5420,2026-08,2026-08-01,2026-08-31,1400,1400,NO
INV-0200,180,Stylework Innovation Hub Pvt Ltd.,TTSPL6752,PF3SR3PX,Lenovo ThinkPad L14,2026-08,2026-08-01,2026-08-31,1899,1899,NO
INV-0200,180,Stylework Innovation Hub Pvt Ltd.,TTSPL6400,PG02YB1S,Lenovo Thinkpad E-14 Gen 2,2026-07,2026-07-06,2026-07-31,1899,1592.71,YES
INV-0200,180,Stylework Innovation Hub Pvt Ltd.,TTSPL6400,PG02YB1S,Lenovo Thinkpad E-14 Gen 2,2026-08,2026-08-01,2026-08-31,1899,1899,NO
INV-0200,180,Stylework Innovation Hub Pvt Ltd.,TTSPL6069,7843C63,Dell Latitude 3410,2026-08,2026-08-01,2026-08-31,1499,1499,NO
INV-0200,180,Stylework Innovation Hub Pvt Ltd.,TTSPL4996,PG04FH3H,Lenovo V14 (Gen 3),2026-08,2026-08-01,2026-08-31,2499,2499,NO
INV-0200,180,Stylework Innovation Hub Pvt Ltd.,TTSPL6495,FCP1T93,Dell Latitude 3410,2026-08,2026-08-01,2026-08-31,1499,1499,NO
INV-0200,180,Stylework Innovation Hub Pvt Ltd.,TTSPL6349,HD3BW93,Dell Latitude 3410,2026-08,2026-08-01,2026-08-31,1499,1499,NO
INV-0200,180,Stylework Innovation Hub Pvt Ltd.,TTSPL6836,5CG2130H3N,HP Elitebook 840 G8,2026-08,2026-08-01,2026-08-31,1899,1899,NO
INV-0200,180,Stylework Innovation Hub Pvt Ltd.,TTSPL6564,5CD112LV3Y,HP Probook 440 G8,2026-08,2026-08-01,2026-08-31,1899,1899,NO
INV-0200,180,Stylework Innovation Hub Pvt Ltd.,TTSPL5352,5CD204F3XG,HP Probook 440 G8,2026-08,2026-08-01,2026-08-31,1899,1899,NO
INV-0200,180,Stylework Innovation Hub Pvt Ltd.,TTSPL6850,PG02X8VV,Lenovo Thinkpad L14,2026-08,2026-08-01,2026-08-31,1899,1899,NO
INV-0200,180,Stylework Innovation Hub Pvt Ltd.,TTSPL6581,5CD112LVZV,HP Probook 440 G8,2026-08,2026-08-01,2026-08-31,1899,1899,NO
INV-0200,180,Stylework Innovation Hub Pvt Ltd.,TTSPL5240,PG02SK9P,Lenovo Thinkpad E14 (Gen 2),2026-08,2026-08-01,2026-08-31,1899,1899,NO
INV-0200,180,Stylework Innovation Hub Pvt Ltd.,TTSPL3195,5B44ZY2,Dell Latitude 7400 (Touch Screen),2026-08,2026-08-01,2026-08-31,1999,1999,NO
INV-0200,180,Stylework Innovation Hub Pvt Ltd.,TTSPL4504,9YHW2F3,Dell Latitude 5420,2026-08,2026-08-01,2026-08-31,1899,1899,NO
INV-0200,180,Stylework Innovation Hub Pvt Ltd.,TTSPL5451,KMLJ6H96TP,Apple Macbook Pro,2026-08,2026-08-01,2026-08-31,8999,8999,NO
INV-0200,180,Stylework Innovation Hub Pvt Ltd.,TTSPL4379,PC261P46,Lenovo Thinkpad X-13,2026-08,2026-08-01,2026-08-31,1899,1899,NO
INV-0200,180,Stylework Innovation Hub Pvt Ltd.,TTSPL6744,PG02WQVR,Lenovo ThinkPad L14,2026-08,2026-08-01,2026-08-31,1899,1899,NO
INV-0200,180,Stylework Innovation Hub Pvt Ltd.,TTSPL4685,PF361HSJ,Lenovo Thinkpad T14,2026-08,2026-08-01,2026-08-31,1899,1899,NO
INV-0200,180,Stylework Innovation Hub Pvt Ltd.,TTSPL6565,5CD112M2VX,HP Probook 440 G8,2026-08,2026-08-01,2026-08-31,1899,1899,NO
INV-0200,180,Stylework Innovation Hub Pvt Ltd.,TTSPL7258,R913GZG0,Lenovo Thinkpad L13,2026-08,2026-08-01,2026-08-31,1899,1899,NO
INV-0200,180,Stylework Innovation Hub Pvt Ltd.,TTSPL7260,R913GZ9E,Lenovo Thinkpad L13,2026-08,2026-08-01,2026-08-31,1899,1899,NO
INV-0200,180,Stylework Innovation Hub Pvt Ltd.,TTSPL4455,PC261MJ1,Lenovo Thinkpad X-13,2026-08,2026-08-01,2026-08-31,1899,1899,NO
INV-0200,180,Stylework Innovation Hub Pvt Ltd.,TTSPL7246,R913GZD5,Lenovo Thinkpad L13,2026-08,2026-08-01,2026-08-31,1899,1899,NO
INV-0330,183,BIODEAL PHARMACEUTICALS LIMITED,TTSPL6608,33RD2B3,Dell Latitude 3420,2026-08,2026-08-01,2026-08-31,1500,1500,NO
INV-0330,183,BIODEAL PHARMACEUTICALS LIMITED,TTSPL6060,HDK5QG3,Dell Latitude 3420,2026-08,2026-08-01,2026-08-31,1499,1499,NO
INV-0330,183,BIODEAL PHARMACEUTICALS LIMITED,TTSPL6559_A,5CD112LTG0_A,HP Probook 440 G8,2026-08,2026-08-01,2026-08-31,1500,1500,NO
INV-0330,183,BIODEAL PHARMACEUTICALS LIMITED,TTSPL6580,5CD112KFF4,HP Probook 440 G8,2026-08,2026-08-01,2026-08-31,1500,1500,NO
INV-0330,183,BIODEAL PHARMACEUTICALS LIMITED,TTSPL5924,PG037G77,Lenovo Thinkpad E14,2026-08,2026-08-01,2026-08-31,1500,1500,NO
INV-0330,183,BIODEAL PHARMACEUTICALS LIMITED,TTSPL5467,PF3DNGTL,Lenovo Thinkpad E14,2026-08,2026-08-01,2026-08-31,1500,1500,NO
INV-0330,183,BIODEAL PHARMACEUTICALS LIMITED,TTSPL5635,PG02S23K,Lenovo Thinkpad E14,2026-08,2026-08-01,2026-08-31,1500,1500,NO
INV-0330,183,BIODEAL PHARMACEUTICALS LIMITED,TTSPL6829,5CG213103S,HP Elitebook 840 G8,2026-08,2026-08-01,2026-08-31,1500,1500,NO
INV-0330,183,BIODEAL PHARMACEUTICALS LIMITED,TTSPL5280,PG02SKEV,Lenovo Thinkpad E14 (Gen 2),2026-08,2026-08-01,2026-08-31,1500,1500,NO
INV-0330,183,BIODEAL PHARMACEUTICALS LIMITED,TTSPL5391,H94BNN3,Dell Latitude 5420 (Touch Screen),2026-08,2026-08-01,2026-08-31,1500,1500,NO
INV-0330,183,BIODEAL PHARMACEUTICALS LIMITED,TTSPL5607,PG02YQ0V,Lenovo Thinkpad E14,2026-08,2026-08-01,2026-08-31,1500,1500,NO
INV-0330,183,BIODEAL PHARMACEUTICALS LIMITED,TTSPL6004,2KXR9V3,Dell Latitude 5420,2026-08,2026-08-01,2026-08-31,1500,1500,NO
INV-0330,183,BIODEAL PHARMACEUTICALS LIMITED,TTSPL6441,5CD13757CJ,HP Probook 440 G8,2026-08,2026-08-01,2026-08-31,2000,2000,NO
INV-0330,183,BIODEAL PHARMACEUTICALS LIMITED,TTSPL6517,GHRZ1J3,Dell Latitude 5420,2026-08,2026-08-01,2026-08-31,2000,2000,NO
INV-0330,183,BIODEAL PHARMACEUTICALS LIMITED,TTSPL5335,5CD147H13V,HP Probook 440 G8,2026-08,2026-08-01,2026-08-31,1500,1500,NO
INV-0330,183,BIODEAL PHARMACEUTICALS LIMITED,TTSPL5729,BMC8SL3,Dell Latitude 3420,2026-08,2026-08-01,2026-08-31,1500,1500,NO
INV-0330,183,BIODEAL PHARMACEUTICALS LIMITED,TTSPL5728,FZ4BML3,Dell Latitude 3420,2026-08,2026-08-01,2026-08-31,1500,1500,NO
INV-0330,183,BIODEAL PHARMACEUTICALS LIMITED,TTSPL5356,5CD1315YV1,HP Probook 440 G8,2026-08,2026-08-01,2026-08-31,1500,1500,NO
INV-0330,183,BIODEAL PHARMACEUTICALS LIMITED,TTSPL6579,5CD112M2W5,HP Probook 440 G8,2026-08,2026-08-01,2026-08-31,1500,1500,NO
INV-0330,183,BIODEAL PHARMACEUTICALS LIMITED,TTSPL6602,JJJ5QG3,Dell Latitude 3420,2026-08,2026-08-01,2026-08-31,1500,1500,NO
INV-0330,183,BIODEAL PHARMACEUTICALS LIMITED,TTSPL6603,J8C2QG3,Dell Latitude 3420,2026-08,2026-08-01,2026-08-31,1500,1500,NO
INV-0330,183,BIODEAL PHARMACEUTICALS LIMITED,TTSPL6616,84ZBRG3,Dell Latitude 3420,2026-08,2026-08-01,2026-08-31,1500,1500,NO
INV-0330,183,BIODEAL PHARMACEUTICALS LIMITED,TTSPL6567,5CD112LVF8,HP Probook 440 G8,2026-08,2026-08-01,2026-08-31,1500,1500,NO
INV-0330,183,BIODEAL PHARMACEUTICALS LIMITED,TTSPL6738,47Y60J3,Dell Latitude 7420,2026-08,2026-08-01,2026-08-31,1500,1500,NO
INV-0330,183,BIODEAL PHARMACEUTICALS LIMITED,TTSPL5708,2374JL3,Dell Latitude 3420,2026-08,2026-08-01,2026-08-31,1500,1500,NO
INV-0330,183,BIODEAL PHARMACEUTICALS LIMITED,TTSPL6630,2Y92QG3,Dell Latitude 3420,2026-08,2026-08-01,2026-08-31,1500,1500,NO
INV-0330,183,BIODEAL PHARMACEUTICALS LIMITED,TTSPL6825,5CG2131F08,HP Elitebook 840 G8,2026-08,2026-08-01,2026-08-31,1500,1500,NO
INV-0330,183,BIODEAL PHARMACEUTICALS LIMITED,TTSPL6826,5CG2130S8X,HP Elitebook 840 G8,2026-08,2026-08-01,2026-08-31,1500,1500,NO
INV-0330,183,BIODEAL PHARMACEUTICALS LIMITED,TTSPL6827,5CG2130HZ5,HP Elitebook 840 G8,2026-08,2026-08-01,2026-08-31,1500,1500,NO
INV-0330,183,BIODEAL PHARMACEUTICALS LIMITED,TTSPL6828,5CG2132BY0,HP Elitebook 840 G8,2026-08,2026-08-01,2026-08-31,1500,1500,NO
INV-0330,183,BIODEAL PHARMACEUTICALS LIMITED,TTSPL6830,5CG213239D,HP Elitebook 840 G8,2026-08,2026-08-01,2026-08-31,1500,1500,NO
INV-0330,183,BIODEAL PHARMACEUTICALS LIMITED,TTSPL6832,5CG2133VJS,HP Elitebook 840 G8,2026-08,2026-08-01,2026-08-31,1500,1500,NO
INV-0330,183,BIODEAL PHARMACEUTICALS LIMITED,TTSPL6835,5CG2131B3G,HP Elitebook 840 G8,2026-08,2026-08-01,2026-08-31,1500,1500,NO
INV-0330,183,BIODEAL PHARMACEUTICALS LIMITED,TTSPL6838,5CG2133V28,HP Elitebook 840 G8,2026-08,2026-08-01,2026-08-31,1500,1500,NO
INV-0330,183,BIODEAL PHARMACEUTICALS LIMITED,TTSPL6840,5CG21324C4,HP Elitebook 840 G8,2026-08,2026-08-01,2026-08-31,1500,1500,NO
INV-0330,183,BIODEAL PHARMACEUTICALS LIMITED,TTSPL6119,PF1VMCQ2,Lenovo Thinkpad T14,2026-08,2026-08-01,2026-08-31,1450,1450,NO
INV-0330,183,BIODEAL PHARMACEUTICALS LIMITED,TTSPL6401,PG02JQN1,Lenovo Thinkpad E-14 Gen 2,2026-08,2026-08-01,2026-08-31,1500,1500,NO
INV-0330,183,BIODEAL PHARMACEUTICALS LIMITED,TTSPL5496,CRP70J3,Dell Latitude 5420 (Touch Screen),2026-08,2026-08-01,2026-08-31,1500,1500,NO
INV-0330,183,BIODEAL PHARMACEUTICALS LIMITED,TTSPL6406,PG02JQ67,Lenovo Thinkpad E-14 Gen 2,2026-08,2026-08-01,2026-08-31,1500,1500,NO
INV-0330,183,BIODEAL PHARMACEUTICALS LIMITED,TTSPL5190,PG02Y0EJ,Lenovo Thinkpad E14 (Gen 2),2026-08,2026-08-01,2026-08-31,1500,1500,NO
INV-0330,183,BIODEAL PHARMACEUTICALS LIMITED,TTSPL6403,PG02JQ6T,Lenovo Thinkpad E-14 Gen 2,2026-08,2026-08-01,2026-08-31,1500,1500,NO
INV-0330,183,BIODEAL PHARMACEUTICALS LIMITED,TTSPL6620,25RD2B3,Dell Latitude 3420,2026-08,2026-08-01,2026-08-31,1499,1499,NO
INV-0330,183,BIODEAL PHARMACEUTICALS LIMITED,TTSPL5493,HM110J3,Dell Latitude 5420 (Touch Screen),2026-08,2026-08-01,2026-08-31,1499,1499,NO
INV-0330,183,BIODEAL PHARMACEUTICALS LIMITED,TTSPL5495,HD3PDK3,Dell Latitude 5420 (Touch Screen),2026-08,2026-08-01,2026-08-31,1499,1499,NO
INV-0330,183,BIODEAL PHARMACEUTICALS LIMITED,TTSPL5390,G2W96M3,Dell Latitude 5420 (Touch Screen),2026-08,2026-08-01,2026-08-31,1499,1499,NO
INV-0330,183,BIODEAL PHARMACEUTICALS LIMITED,TTSPL7243,R913GZ7Q,Lenovo Thinkpad L13,2026-08,2026-08-01,2026-08-31,1500,1500,NO
INV-0330,183,BIODEAL PHARMACEUTICALS LIMITED,TTSPL6895,5CG2133RJH,HP Elitebook 840 G8,2026-08,2026-08-01,2026-08-31,1500,1500,NO
INV-0330,183,BIODEAL PHARMACEUTICALS LIMITED,TTSPL5227,PF3D1WWH,Lenovo Thinkpad E14 (Gen 2),2026-08,2026-08-01,2026-08-31,1500,1500,NO
INV-0195,192,DELFIN TECHNOLOGIES INDIA PRIVATE LIMITED,TTSPL6759,J6237JD4TW,Apple Macbook Air,2026-08,2026-08-01,2026-08-31,4499,4499,NO
INV-0195,192,DELFIN TECHNOLOGIES INDIA PRIVATE LIMITED,TTSPL6760,JK04DD9QV2,Apple Macbook Air,2026-08,2026-08-01,2026-08-31,4499,4499,NO
INV-0195,192,DELFIN TECHNOLOGIES INDIA PRIVATE LIMITED,TTSPL6556,KWVDY7Q7QN,Apple Macbook Air,2026-08,2026-08-01,2026-08-31,4499,4499,NO
INV-0195,192,DELFIN TECHNOLOGIES INDIA PRIVATE LIMITED,TTSPL6020,F7LT19997K,Apple Macbook Air,2026-08,2026-08-01,2026-08-31,4499,4499,NO
INV-0195,192,DELFIN TECHNOLOGIES INDIA PRIVATE LIMITED,TTSPL6016,JXJJJX2X71,Apple Macbook Air,2026-08,2026-08-01,2026-08-31,4499,4499,NO
INV-0195,192,DELFIN TECHNOLOGIES INDIA PRIVATE LIMITED,TTSPL6758,F9D7JVXQO5,Apple Macbook Air,2026-08,2026-08-01,2026-08-31,4499,4499,NO
INV-0195,192,DELFIN TECHNOLOGIES INDIA PRIVATE LIMITED,TTSPL6761,GF0G264WWD,Apple Macbook Air,2026-08,2026-08-01,2026-08-31,4499,4499,NO
INV-0195,192,DELFIN TECHNOLOGIES INDIA PRIVATE LIMITED,TTSPL6805,9R4SCB3,Dell Latitude 5420,2026-08,2026-08-01,2026-08-31,1999,1999,NO
INV-0195,192,DELFIN TECHNOLOGIES INDIA PRIVATE LIMITED,TTSPL6946,KG75WFVF5C,Apple MacBook Air,2026-08,2026-08-01,2026-08-31,4499,4499,NO
INV-0334,193,OPERISOFT TECHNOLOGIES PRIVATE LIMITED,TTSPL4233,JS8ZDB3,Dell Latitude 5410,2026-08,2026-08-01,2026-08-31,1999,1999,NO
INV-0334,193,OPERISOFT TECHNOLOGIES PRIVATE LIMITED,TTSPL4235,4PTV0F3,Dell Latitude 5410,2026-08,2026-08-01,2026-08-31,1999,1999,NO
INV-0334,193,OPERISOFT TECHNOLOGIES PRIVATE LIMITED,TTSPL3727,JSB7ZD3,Dell Latitude 5420,2026-08,2026-08-01,2026-08-31,1999,1999,NO
INV-0334,193,OPERISOFT TECHNOLOGIES PRIVATE LIMITED,TTSPL4416,PF25PVL7,Lenovo Thinkpad T490,2026-08,2026-08-01,2026-08-31,1999,1999,NO
INV-0334,193,OPERISOFT TECHNOLOGIES PRIVATE LIMITED,TTSPL2650,GRTHGJ3,Dell Vostro 3500,2026-08,2026-08-01,2026-08-31,1999,1999,NO
INV-0304,195,EXIMPLE TECHNOLOGIES PRIVATE LIMITED,TTSPL6478,BHJ0503,Dell Latitude 3410,2026-08,2026-08-01,2026-08-31,1449,1449,NO
INV-0304,195,EXIMPLE TECHNOLOGIES PRIVATE LIMITED,TTSPL3603,PF2E4K2V,Lenovo Thinkpad L14,2026-08,2026-08-01,2026-08-31,1599,1599,NO
INV-0304,195,EXIMPLE TECHNOLOGIES PRIVATE LIMITED,TTSPL6905,PF1VA40C,Lenovo Thinkpad T14,2026-08,2026-08-01,2026-08-31,1449,1449,NO
INV-0304,195,EXIMPLE TECHNOLOGIES PRIVATE LIMITED,TTSPL6899,PF1A6KZD,Lenovo Thinkpad T14,2026-08,2026-08-01,2026-08-31,1499,1499,NO
INV-0304,195,EXIMPLE TECHNOLOGIES PRIVATE LIMITED,TTSPL6483,GTN5V93,Dell Latitude 3410,2026-08,2026-08-01,2026-08-31,1499,1499,NO
INV-0304,195,EXIMPLE TECHNOLOGIES PRIVATE LIMITED,TTSPL4002,H4TV273,Dell Latitude 5410,2026-08,2026-08-01,2026-08-31,1599,1599,NO
INV-0304,195,EXIMPLE TECHNOLOGIES PRIVATE LIMITED,TTSPL6420,PG02VL6Y,Lenovo Thinkpad E-14 Gen 2,2026-08,2026-08-01,2026-08-31,2200,2200,NO
INV-0209,197,INFISWIFT TECHNOLOGIES PRIVATE LIMITED,TTSPL4813,2LS50J3,Dell Latitude 5420,2026-08,2026-08-01,2026-08-31,3099,3099,NO
INV-0272,205,Flights Mojo Bookings Private Limited,TTSPL6942,T7NRCX062644308,Asus TUF Gaming A15,2026-08,2026-08-01,2026-08-31,6000,6000,NO
INV-0320,206,ABJAYON CONSULTANCY PRIVATE LIMITED,TTSPL6058,H7ZYJG3,Dell Latitude 3420,2026-08,2026-08-01,2026-08-31,0.77,0.77,NO
INV-0320,206,ABJAYON CONSULTANCY PRIVATE LIMITED,TTSPL6559_B,5CD112LTG0_B,HP Probook 440 G8,2026-08,2026-08-01,2026-08-31,2198,2198,NO
INV-0320,206,ABJAYON CONSULTANCY PRIVATE LIMITED,TTSPL6611,1ZZBRG3,Dell Latitude 3420,2026-08,2026-08-01,2026-08-31,2198,2198,NO
INV-0320,206,ABJAYON CONSULTANCY PRIVATE LIMITED,TTSPL6614,54ZBRG3,Dell Latitude 3420,2026-08,2026-08-01,2026-08-31,2198,2198,NO
INV-0320,206,ABJAYON CONSULTANCY PRIVATE LIMITED,TTSPL6644,22K5QG3,Dell Latitude 3420,2026-08,2026-08-01,2026-08-31,2198,2198,NO
INV-0320,206,ABJAYON CONSULTANCY PRIVATE LIMITED,TTSPL6653,JNRD2B3,Dell Latitude 3420,2026-08,2026-08-01,2026-08-31,2198,2198,NO
INV-0320,206,ABJAYON CONSULTANCY PRIVATE LIMITED,TTSPL5402,5XDJCB3,Dell Latitude 5420,2026-08,2026-08-01,2026-08-31,2198,2198,NO
INV-0320,206,ABJAYON CONSULTANCY PRIVATE LIMITED,TTSPL7215,R913GZHJ,Lenovo Thinkpad L13,2026-08,2026-08-01,2026-08-31,1,1,NO
INV-0320,206,ABJAYON CONSULTANCY PRIVATE LIMITED,TTSPL5702,BJQYCL3,Dell Latitude 3420,2026-07,2026-07-11,2026-07-31,1,0.68,YES
INV-0320,206,ABJAYON CONSULTANCY PRIVATE LIMITED,TTSPL5702,BJQYCL3,Dell Latitude 3420,2026-08,2026-08-01,2026-08-31,1,1,NO
INV-0320,206,ABJAYON CONSULTANCY PRIVATE LIMITED,TTSPL6690,6HJ5QG3,Dell Latitude 3420,2026-08,2026-08-01,2026-08-31,2198,2198,NO
INV-0320,206,ABJAYON CONSULTANCY PRIVATE LIMITED,TTSPL6694,BDK5QG3,Dell Latitude 3420,2026-08,2026-08-01,2026-08-31,2198,2198,NO
INV-0320,206,ABJAYON CONSULTANCY PRIVATE LIMITED,TTSPL6695,3R92QG3,Dell Latitude 3420,2026-08,2026-08-01,2026-08-31,2198,2198,NO
INV-0320,206,ABJAYON CONSULTANCY PRIVATE LIMITED,TTSPL6700,7S92QG3,Dell Latitude 3420,2026-08,2026-08-01,2026-08-31,2198,2198,NO
INV-0320,206,ABJAYON CONSULTANCY PRIVATE LIMITED,TTSPL6703,1XNYCL3,Dell Latitude 3420,2026-08,2026-08-01,2026-08-31,2198,2198,NO
INV-0320,206,ABJAYON CONSULTANCY PRIVATE LIMITED,TTSPL6622,94ZBRG3,Dell Latitude 3420,2026-08,2026-08-01,2026-08-31,2198,2198,NO
INV-0320,206,ABJAYON CONSULTANCY PRIVATE LIMITED,TTSPL6629,DVJ5Q63,Dell Latitude 3420,2026-08,2026-08-01,2026-08-31,2198,2198,NO
INV-0320,206,ABJAYON CONSULTANCY PRIVATE LIMITED,TTSPL6698,2VZBRG3,Dell Latitude 3420,2026-08,2026-08-01,2026-08-31,2198,2198,NO
INV-0320,206,ABJAYON CONSULTANCY PRIVATE LIMITED,TTSPL6707,FWTPFG3,Dell Latitude 3420,2026-08,2026-08-01,2026-08-31,2198,2198,NO
INV-0320,206,ABJAYON CONSULTANCY PRIVATE LIMITED,TTSPL6822,5CG21344PF,HP Elitebook 840 G8,2026-08,2026-08-01,2026-08-31,2198,2198,NO
INV-0320,206,ABJAYON CONSULTANCY PRIVATE LIMITED,TTSPL6823,5CG2132RHL,HP Elitebook 840 G8,2026-08,2026-08-01,2026-08-31,2198,2198,NO
INV-0320,206,ABJAYON CONSULTANCY PRIVATE LIMITED,TTSPL6833,5CG2249F4F,HP Elitebook 840 G8,2026-08,2026-08-01,2026-08-31,2198,2198,NO
INV-0320,206,ABJAYON CONSULTANCY PRIVATE LIMITED,TTSPL6837,5CG2132MQH,HP Elitebook 840 G8,2026-08,2026-08-01,2026-08-31,2198,2198,NO
INV-0320,206,ABJAYON CONSULTANCY PRIVATE LIMITED,TTSPL6839,5CG2133RJL,HP Elitebook 840 G8,2026-08,2026-08-01,2026-08-31,2198,2198,NO
INV-0320,206,ABJAYON CONSULTANCY PRIVATE LIMITED,TTSPL6841,5CG2131RWD,HP Elitebook 840 G8,2026-08,2026-08-01,2026-08-31,2198,2198,NO
INV-0320,206,ABJAYON CONSULTANCY PRIVATE LIMITED,TTSPL6843,5CG2130ZPL,HP Elitebook 840 G8,2026-08,2026-08-01,2026-08-31,2198,2198,NO
INV-0320,206,ABJAYON CONSULTANCY PRIVATE LIMITED,TTSPL6846,5CG2131881,HP Elitebook 840 G8,2026-08,2026-08-01,2026-08-31,2198,2198,NO
INV-0320,206,ABJAYON CONSULTANCY PRIVATE LIMITED,TTSPL5498,64PN3D3,Dell Latitude 5420,2026-08,2026-08-01,2026-08-31,2198,2198,NO
INV-0320,206,ABJAYON CONSULTANCY PRIVATE LIMITED,TTSPL5355,5CD1411J77,HP Probook 440 G8,2026-08,2026-08-01,2026-08-31,2198,2198,NO
INV-0280,213,Transcending Horizons Private Limited,TTSPL3271,3VGG2X2,Dell Latitude 7490,2026-08,2026-08-01,2026-08-31,999,999,NO
INV-0232,214,IIOT INNOVATION PRIVATE LIMITED,TTSPL6692,5RRD2B3,Dell Latitude 3420,2026-08,2026-08-01,2026-08-31,1999,1999,NO
INV-0232,214,IIOT INNOVATION PRIVATE LIMITED,TTSPL7534,FZZS2F3,Latitude 5420,2026-07,2026-07-30,2026-07-31,1999,128.97,YES
INV-0232,214,IIOT INNOVATION PRIVATE LIMITED,TTSPL7534,FZZS2F3,Latitude 5420,2026-08,2026-08-01,2026-08-31,1999,1999,NO
INV-0232,214,IIOT INNOVATION PRIVATE LIMITED,TTSPL4937,5CD13374N9,HP Probook 440 G8,2026-08,2026-08-01,2026-08-31,1999,1999,NO
INV-0232,214,IIOT INNOVATION PRIVATE LIMITED,TTSPL5604,PG0324JR,Lenovo Thinkpad E14,2026-08,2026-08-01,2026-08-31,1999,1999,NO
INV-0232,214,IIOT INNOVATION PRIVATE LIMITED,TTSPL5384,9RT71F3,Dell Latitude 5420,2026-08,2026-08-01,2026-08-31,1999,1999,NO
INV-0232,214,IIOT INNOVATION PRIVATE LIMITED,TTSPL6609,HMYYJG3,Dell Latitude 3420,2026-08,2026-08-01,2026-08-31,1999,1999,NO
INV-0232,214,IIOT INNOVATION PRIVATE LIMITED,TTSPL6637,G7C2QG3,Dell Latitude 3420,2026-08,2026-08-01,2026-08-31,1999,1999,NO
INV-0232,214,IIOT INNOVATION PRIVATE LIMITED,TTSPL5944,PF3BJXGX,Lenovo Thinkpad E14,2026-08,2026-08-01,2026-08-31,1999,1999,NO
INV-0232,214,IIOT INNOVATION PRIVATE LIMITED,TTSPL5238,PG02Y0DT,Lenovo Thinkpad E14,2026-08,2026-08-01,2026-08-31,1999,1999,NO
INV-0232,214,IIOT INNOVATION PRIVATE LIMITED,TTSPL5713,C7RD2B3,Dell Latitude 3420,2026-08,2026-08-01,2026-08-31,1999,1999,NO
INV-0232,214,IIOT INNOVATION PRIVATE LIMITED,TTSPL5497,FNPH1F3,Dell Latitude 5420,2026-08,2026-08-01,2026-08-31,1999,1999,NO
INV-0327,222,Auraa Coordination & Productions Pvt Ltd,TTSPL6256,50Q1T93,Dell Latitude 3410,2026-08,2026-08-01,2026-08-31,1599,1599,NO
INV-0327,222,Auraa Coordination & Productions Pvt Ltd,TTSPL6209,9P83C63,Dell Latitude 3410,2026-08,2026-08-01,2026-08-31,1599,1599,NO
INV-0327,222,Auraa Coordination & Productions Pvt Ltd,TTSPL6292,B6LS203,Dell Latitude 3410,2026-08,2026-08-01,2026-08-31,1599,1599,NO
INV-0214,227,Alpha Rites,TTSPL5612,PG0324MB,Lenovo Thinkpad E14,2026-08,2026-08-01,2026-08-31,2199,2199,NO
INV-0214,227,Alpha Rites,TTSPL6621,18TT1B3,Dell Latitude 3420,2026-08,2026-08-01,2026-08-31,2199,2199,NO
INV-0214,227,Alpha Rites,TTSPL6645,DHRD2B3,Dell Latitude 3420,2026-08,2026-08-01,2026-08-31,2199,2199,NO
INV-0185,273,United precision Cast,TTSPL5658,9T7X503,Dell Latitude 3410,2026-08,2026-08-01,2026-08-31,1700,1700,NO
INV-0324,230,The Class One/ Inventify Edtech solution Pvt. Ltd,TTSPL4905,F584TQ2,Dell Latitude 5490,2026-08,2026-08-01,2026-08-31,1100,1100,NO
INV-0324,230,The Class One/ Inventify Edtech solution Pvt. Ltd,TTSPL1777,MP1H36UJ,Lenovo V130,2026-08,2026-08-01,2026-08-31,1100,1100,NO
INV-0324,230,The Class One/ Inventify Edtech solution Pvt. Ltd,TTSPL7066,82FK533,Dell Latitude 5400,2026-08,2026-08-01,2026-08-31,1100,1100,NO
INV-0324,230,The Class One/ Inventify Edtech solution Pvt. Ltd,TTSPL2206,CZ8PWF2,Dell Latitude E5470,2026-08,2026-08-01,2026-08-31,1100,1100,NO
INV-0324,230,The Class One/ Inventify Edtech solution Pvt. Ltd,TTSPL3205,R90MTP8L,Lenovo Thinkpad T560,2026-08,2026-08-01,2026-08-31,1100,1100,NO
INV-0324,230,The Class One/ Inventify Edtech solution Pvt. Ltd,TTSPL7399,5CG0274NHG,HP ProBook 640 G5,2026-07,2026-07-04,2026-07-31,1100,993.55,YES
INV-0324,230,The Class One/ Inventify Edtech solution Pvt. Ltd,TTSPL7399,5CG0274NHG,HP ProBook 640 G5,2026-08,2026-08-01,2026-08-31,1100,1100,NO
INV-0324,230,The Class One/ Inventify Edtech solution Pvt. Ltd,TTSPL7400,5CG02748VY,HP ProBook 640 G5,2026-07,2026-07-03,2026-07-31,1100,1029.03,YES
INV-0324,230,The Class One/ Inventify Edtech solution Pvt. Ltd,TTSPL7400,5CG02748VY,HP ProBook 640 G5,2026-08,2026-08-01,2026-08-31,1100,1100,NO
INV-0324,230,The Class One/ Inventify Edtech solution Pvt. Ltd,TTSPL6717,FGLZP13,Dell Latitude 5400,2026-07,2026-07-03,2026-07-31,1100,1029.03,YES
INV-0324,230,The Class One/ Inventify Edtech solution Pvt. Ltd,TTSPL6717,FGLZP13,Dell Latitude 5400,2026-08,2026-08-01,2026-08-31,1100,1100,NO
INV-0324,230,The Class One/ Inventify Edtech solution Pvt. Ltd,TTSPL7058,1HL2P13,Dell Latitude 5400,2026-08,2026-08-01,2026-08-31,1100,1100,NO
INV-0324,230,The Class One/ Inventify Edtech solution Pvt. Ltd,TTSPL1919,3S5DRQ2,Dell Latitude 7490,2026-08,2026-08-01,2026-08-31,1100,1100,NO
INV-0324,230,The Class One/ Inventify Edtech solution Pvt. Ltd,TTSPL6263,8NLZP13,Dell Latitude 5400,2026-08,2026-08-01,2026-08-31,1100,1100,NO
INV-0324,230,The Class One/ Inventify Edtech solution Pvt. Ltd,TTSPL5435,2QS7JW2,Dell Latitude 3400,2026-08,2026-08-01,2026-08-31,1100,1100,NO
INV-0324,230,The Class One/ Inventify Edtech solution Pvt. Ltd,TTSPL7060,BX2QN53,Dell Latitude 5400,2026-08,2026-08-01,2026-08-31,1100,1100,NO
INV-0324,230,The Class One/ Inventify Edtech solution Pvt. Ltd,TTSPL7065,74BPN53,Dell Latitude 5400,2026-08,2026-08-01,2026-08-31,1100,1100,NO
INV-0249,232,BIZDATEUP TECHNOLOGIES PRIVATE LIMITED,TTSPL4960,PC1H12F5,Lenovo Thinkpad T490s,2026-08,2026-08-01,2026-08-31,1150,1150,NO
INV-0249,232,BIZDATEUP TECHNOLOGIES PRIVATE LIMITED,TTSPL2015,5SKTMQ2,Dell Latitude 5490,2026-08,2026-08-01,2026-08-31,1150,1150,NO
INV-0249,232,BIZDATEUP TECHNOLOGIES PRIVATE LIMITED,TTSPL2681,PF227E1Z,T-490,2026-08,2026-08-01,2026-08-31,1150,1150,NO
INV-0249,232,BIZDATEUP TECHNOLOGIES PRIVATE LIMITED,TTSPL2114,CHJR0Z2,Dell Latitude 5490,2026-08,2026-08-01,2026-08-31,1150,1150,NO
INV-0249,232,BIZDATEUP TECHNOLOGIES PRIVATE LIMITED,TTSPL1104,MP1H3612,Lenovo V130,2026-08,2026-08-01,2026-08-31,1150,1150,NO
INV-0249,232,BIZDATEUP TECHNOLOGIES PRIVATE LIMITED,TTSPL5434,7CSHWZ2,Dell Latitude 3400,2026-07,2026-07-11,2026-07-31,1150,779.03,YES
INV-0249,232,BIZDATEUP TECHNOLOGIES PRIVATE LIMITED,TTSPL5434,7CSHWZ2,Dell Latitude 3400,2026-08,2026-08-01,2026-08-31,1150,1150,NO
INV-0249,232,BIZDATEUP TECHNOLOGIES PRIVATE LIMITED,TTSPL5448,2PRYVZ2,Dell Latitude 3400,2026-08,2026-08-01,2026-08-31,1150,1150,NO
INV-0249,232,BIZDATEUP TECHNOLOGIES PRIVATE LIMITED,TTSPL3684,5CG8521K9S,HP Elitebook 840 G5,2026-08,2026-08-01,2026-08-31,1150,1150,NO
INV-0249,232,BIZDATEUP TECHNOLOGIES PRIVATE LIMITED,TTSPL3935,9H2M6Y2,Dell Latitude 7490,2026-08,2026-08-01,2026-08-31,1150,1150,NO
INV-0249,232,BIZDATEUP TECHNOLOGIES PRIVATE LIMITED,TTSPL2925,GVDL5Q2,Dell Latitude 7490,2026-08,2026-08-01,2026-08-31,1150,1150,NO
INV-0249,232,BIZDATEUP TECHNOLOGIES PRIVATE LIMITED,TTSPL3336,B3CXN13,Dell Latitude 7400 (Touch Screen),2026-08,2026-08-01,2026-08-31,1199,1199,NO
INV-0249,232,BIZDATEUP TECHNOLOGIES PRIVATE LIMITED,TTSPL3138,52L4M13,Dell Latitude 7400 (Touch Screen),2026-08,2026-08-01,2026-08-31,1199,1199,NO
INV-0249,232,BIZDATEUP TECHNOLOGIES PRIVATE LIMITED,TTSPL1935,71TT5Q2,Dell Latitude 7490,2026-08,2026-08-01,2026-08-31,1150,1150,NO
INV-0249,232,BIZDATEUP TECHNOLOGIES PRIVATE LIMITED,TTSPL7130,JGPSVZ2,Dell Latitude 3400,2026-08,2026-08-01,2026-08-31,1250,1250,NO
INV-0249,232,BIZDATEUP TECHNOLOGIES PRIVATE LIMITED,TTSPL7336,G767YZ2,Dell Latitude 3400,2026-08,2026-08-01,2026-08-31,1250,1250,NO
INV-0249,232,BIZDATEUP TECHNOLOGIES PRIVATE LIMITED,TTSPL7132,FM2VVZ2,Dell Latitude 3400,2026-08,2026-08-01,2026-08-31,1250,1250,NO
INV-0249,232,BIZDATEUP TECHNOLOGIES PRIVATE LIMITED,TTSPL7114,1967YZ2,Dell Latitude 3400,2026-08,2026-08-01,2026-08-31,1250,1250,NO
INV-0249,232,BIZDATEUP TECHNOLOGIES PRIVATE LIMITED,TTSPL3156,3R889Y2,Dell Latitude 7400 (Touch Screen),2026-08,2026-08-01,2026-08-31,1250,1250,NO
INV-0249,232,BIZDATEUP TECHNOLOGIES PRIVATE LIMITED,TTSPL1972,G92HXT2,Dell Latitude 5490,2026-08,2026-08-01,2026-08-31,1150,1150,NO
INV-0249,232,BIZDATEUP TECHNOLOGIES PRIVATE LIMITED,TTSPL3184,PF22824D,Lenovo Thinkpad T490 (Touchscreen),2026-08,2026-08-01,2026-08-31,1150,1150,NO
INV-0249,232,BIZDATEUP TECHNOLOGIES PRIVATE LIMITED,TTSPL7116,J387YZ2,Dell Latitude 3400,2026-08,2026-08-01,2026-08-31,1250,1250,NO
INV-0249,232,BIZDATEUP TECHNOLOGIES PRIVATE LIMITED,TTSPL4911,PC1H126E,Lenovo Thinkpad T490s,2026-08,2026-08-01,2026-08-31,1150,1150,NO
INV-0249,232,BIZDATEUP TECHNOLOGIES PRIVATE LIMITED,TTSPL3160,F5VBZY2,Dell Latitude 7400 (Touch Screen),2026-08,2026-08-01,2026-08-31,1250,1250,NO
INV-0283,233,Youbooks Edtech India Pvt. Ltd.,TTSPL6087,8V2FL13,Dell Latitude 5400,2026-08,2026-08-01,2026-08-31,1099,1099,NO
INV-0283,233,Youbooks Edtech India Pvt. Ltd.,TTSPL3388,123456H,Dell Latitude 5490,2026-08,2026-08-01,2026-08-31,1099,1099,NO
INV-0283,233,Youbooks Edtech India Pvt. Ltd.,TTSPL3290,4RQMPV2,Dell Latitude 7490,2026-08,2026-08-01,2026-08-31,1099,1099,NO
INV-0283,233,Youbooks Edtech India Pvt. Ltd.,TTSPL6264,CHLZP13,Dell Latitude 5400,2026-08,2026-08-01,2026-08-31,1099,1099,NO
INV-0283,233,Youbooks Edtech India Pvt. Ltd.,TTSPL2104,8J6TNF2,Dell Latitude 5490,2026-08,2026-08-01,2026-08-31,1099,1099,NO
INV-0283,233,Youbooks Edtech India Pvt. Ltd.,TTSPL2200,JHGTWT2,Dell Latitude 5490,2026-08,2026-08-01,2026-08-31,1099,1099,NO
INV-0283,233,Youbooks Edtech India Pvt. Ltd.,TTSPL7118,2KPSVZ2,Dell Latitude 3400,2026-08,2026-08-01,2026-08-31,1300,1300,NO
INV-0351,256,SPNN BUSINESS SERVICES PRIVATE LIMITED,TTSPL3752,1XFPPQ2,Dell Latitude 5490,2026-08,2026-08-01,2026-08-31,1550,1550,NO
INV-0351,256,SPNN BUSINESS SERVICES PRIVATE LIMITED,TTSPL4419,PF25LNWK,Lenovo Thinkpad T490,2026-08,2026-08-01,2026-08-31,2799,2799,NO
INV-0351,256,SPNN BUSINESS SERVICES PRIVATE LIMITED,TTSPL4234,G4RCN73,Dell Latitude 5410,2026-08,2026-08-01,2026-08-31,2799,2799,NO
INV-0351,256,SPNN BUSINESS SERVICES PRIVATE LIMITED,TTSPL3593,PC0YQGWK,Lenovo Thinkpad T480s,2026-08,2026-08-01,2026-08-31,1550,1550,NO
INV-0351,256,SPNN BUSINESS SERVICES PRIVATE LIMITED,TTSPL5973,PC1XQGQZ,Lenovo Thinkpad T14s,2026-08,2026-08-01,2026-08-31,1550,1550,NO
INV-0351,256,SPNN BUSINESS SERVICES PRIVATE LIMITED,TTSPL6539,6JP1T93,Dell Latitude 3410,2026-08,2026-08-01,2026-08-31,1550,1550,NO
INV-0351,256,SPNN BUSINESS SERVICES PRIVATE LIMITED,TTSPL6287,G4GG463,Dell Latitude 3410,2026-08,2026-08-01,2026-08-31,1550,1550,NO
INV-0351,256,SPNN BUSINESS SERVICES PRIVATE LIMITED,TTSPL7290,7DPSVZ2,Dell Latitude 3400,2026-07,2026-07-15,2026-07-31,1900,1041.94,YES
INV-0351,256,SPNN BUSINESS SERVICES PRIVATE LIMITED,TTSPL7290,7DPSVZ2,Dell Latitude 3400,2026-08,2026-08-01,2026-08-31,1900,1900,NO
INV-0351,256,SPNN BUSINESS SERVICES PRIVATE LIMITED,TTSPL3573,PC1M8P34,Lenovo Thinkpad X-13,2026-07,2026-07-06,2026-07-31,1900,1593.55,YES
INV-0351,256,SPNN BUSINESS SERVICES PRIVATE LIMITED,TTSPL3573,PC1M8P34,Lenovo Thinkpad X-13,2026-08,2026-08-01,2026-08-31,1900,1900,NO
INV-0351,256,SPNN BUSINESS SERVICES PRIVATE LIMITED,TTSPL7172,R913EBL7,Lenovo Thinkpad L13,2026-07,2026-07-06,2026-07-31,1900,1593.55,YES
INV-0351,256,SPNN BUSINESS SERVICES PRIVATE LIMITED,TTSPL7172,R913EBL7,Lenovo Thinkpad L13,2026-08,2026-08-01,2026-08-31,1900,1900,NO
INV-0351,256,SPNN BUSINESS SERVICES PRIVATE LIMITED,TTSPL3744,CNKCST2,Dell Latitude 5490,2026-07,2026-07-06,2026-07-31,1550,1300,YES
INV-0351,256,SPNN BUSINESS SERVICES PRIVATE LIMITED,TTSPL3744,CNKCST2,Dell Latitude 5490,2026-08,2026-08-01,2026-08-31,1550,1550,NO
INV-0351,256,SPNN BUSINESS SERVICES PRIVATE LIMITED,TTSPL7451,J05J6G3,Latitude 5420,2026-07,2026-07-23,2026-07-31,1700,493.55,YES
INV-0351,256,SPNN BUSINESS SERVICES PRIVATE LIMITED,TTSPL7451,J05J6G3,Latitude 5420,2026-08,2026-08-01,2026-08-31,1700,1700,NO
INV-0351,256,SPNN BUSINESS SERVICES PRIVATE LIMITED,TTSPL7234,R913GZC6,Lenovo Thinkpad L13,2026-07,2026-07-06,2026-07-31,1900,1593.55,YES
INV-0351,256,SPNN BUSINESS SERVICES PRIVATE LIMITED,TTSPL7234,R913GZC6,Lenovo Thinkpad L13,2026-08,2026-08-01,2026-08-31,1900,1900,NO
INV-0351,256,SPNN BUSINESS SERVICES PRIVATE LIMITED,TTSPL6465,5373C63,Dell Latitude 3410,2026-07,2026-07-06,2026-07-31,1900,1593.55,YES
INV-0351,256,SPNN BUSINESS SERVICES PRIVATE LIMITED,TTSPL6465,5373C63,Dell Latitude 3410,2026-08,2026-08-01,2026-08-31,1900,1900,NO
INV-0351,256,SPNN BUSINESS SERVICES PRIVATE LIMITED,TTSPL7115,8M2VVZ2,Dell Latitude 3400,2026-07,2026-07-06,2026-07-31,1550,1300,YES
INV-0351,256,SPNN BUSINESS SERVICES PRIVATE LIMITED,TTSPL7115,8M2VVZ2,Dell Latitude 3400,2026-08,2026-08-01,2026-08-31,1550,1550,NO
INV-0351,256,SPNN BUSINESS SERVICES PRIVATE LIMITED,TTSPL6656,5DQM763,Dell Latitude 3410,2026-07,2026-07-06,2026-07-06,1550,50,YES
INV-0351,256,SPNN BUSINESS SERVICES PRIVATE LIMITED,TTSPL7516,3X7F4D3,Latitude 5420,2026-07,2026-07-27,2026-07-31,1700,274.19,YES
INV-0351,256,SPNN BUSINESS SERVICES PRIVATE LIMITED,TTSPL7516,3X7F4D3,Latitude 5420,2026-08,2026-08-01,2026-08-31,1700,1700,NO
INV-0351,256,SPNN BUSINESS SERVICES PRIVATE LIMITED,TTSPL3946,4K2H2R2,Latitude 7490,2026-07,2026-07-20,2026-07-31,1550,600,YES
INV-0351,256,SPNN BUSINESS SERVICES PRIVATE LIMITED,TTSPL3946,4K2H2R2,Latitude 7490,2026-08,2026-08-01,2026-08-31,1550,1550,NO
INV-0351,256,SPNN BUSINESS SERVICES PRIVATE LIMITED,TTSPL7520,B6HZ0F3,Latitude 5420,2026-07,2026-07-27,2026-07-31,1700,274.19,YES
INV-0351,256,SPNN BUSINESS SERVICES PRIVATE LIMITED,TTSPL7520,B6HZ0F3,Latitude 5420,2026-08,2026-08-01,2026-08-31,1700,1700,NO
INV-0351,256,SPNN BUSINESS SERVICES PRIVATE LIMITED,TTSPL7508,6RNRZ33,Latitude 5420,2026-07,2026-07-23,2026-07-31,1700,493.55,YES
INV-0351,256,SPNN BUSINESS SERVICES PRIVATE LIMITED,TTSPL7508,6RNRZ33,Latitude 5420,2026-08,2026-08-01,2026-08-31,1700,1700,NO
INV-0351,256,SPNN BUSINESS SERVICES PRIVATE LIMITED,TTSPL7502,250QZ33,Latitude 5420,2026-07,2026-07-23,2026-07-31,1700,493.55,YES
INV-0351,256,SPNN BUSINESS SERVICES PRIVATE LIMITED,TTSPL7502,250QZ33,Latitude 5420,2026-08,2026-08-01,2026-08-31,1700,1700,NO
INV-0351,256,SPNN BUSINESS SERVICES PRIVATE LIMITED,TTSPL6628,2PYYJG3,Dell Latitude 3420,2026-07,2026-07-07,2026-07-31,1900,1532.26,YES
INV-0351,256,SPNN BUSINESS SERVICES PRIVATE LIMITED,TTSPL6628,2PYYJG3,Dell Latitude 3420,2026-08,2026-08-01,2026-08-31,1900,1900,NO
INV-0351,256,SPNN BUSINESS SERVICES PRIVATE LIMITED,TTSPL3592,PC112MD8,Lenovo Thinkpad T480s,2026-07,2026-07-07,2026-07-31,1550,1250,YES
INV-0351,256,SPNN BUSINESS SERVICES PRIVATE LIMITED,TTSPL3592,PC112MD8,Lenovo Thinkpad T480s,2026-08,2026-08-01,2026-08-31,1550,1550,NO
INV-0351,256,SPNN BUSINESS SERVICES PRIVATE LIMITED,TTSPL6727,29RM763,Dell Latitude 3410,2026-08,2026-08-01,2026-08-31,1550,1550,NO
INV-0351,256,SPNN BUSINESS SERVICES PRIVATE LIMITED,TTSPL3551,PC1M8P3T,Lenovo Thinkpad X-13,2026-08,2026-08-01,2026-08-31,1550,1550,NO
INV-0351,256,SPNN BUSINESS SERVICES PRIVATE LIMITED,TTSPL6122,PF2416HJ,Lenovo Thinkpad T14,2026-08,2026-08-01,2026-08-31,1900,1900,NO
INV-0351,256,SPNN BUSINESS SERVICES PRIVATE LIMITED,TTSPL3214,6FQD1Z2,Dell Latitude 7400 (Touch Screen),2026-08,2026-08-01,2026-08-31,1550,1550,NO
INV-0351,256,SPNN BUSINESS SERVICES PRIVATE LIMITED,TTSPL3514,CM8C6S2,Dell Latitude 7490,2026-08,2026-08-01,2026-08-31,1900,1900,NO
INV-0351,256,SPNN BUSINESS SERVICES PRIVATE LIMITED,TTSPL3747,5CG611F,Dell Latitude 5490,2026-08,2026-08-01,2026-08-31,1550,1550,NO
INV-0351,256,SPNN BUSINESS SERVICES PRIVATE LIMITED,TTSPL3163,JHH6YY2,Dell Latitude 7400 (Touch Screen),2026-08,2026-08-01,2026-08-31,1550,1550,NO
INV-0351,256,SPNN BUSINESS SERVICES PRIVATE LIMITED,TTSPL3201,GRD8N13,Dell Latitude 7400 (Touch Screen),2026-08,2026-08-01,2026-08-31,1550,1550,NO
INV-0351,256,SPNN BUSINESS SERVICES PRIVATE LIMITED,TTSPL3310,6H0M1Z2,Dell Latitude 7400 (Touch Screen),2026-08,2026-08-01,2026-08-31,1900,1900,NO
INV-0351,256,SPNN BUSINESS SERVICES PRIVATE LIMITED,TTSPL3940,5CG9375Q8F,HP Elitebook 840 G5,2026-08,2026-08-01,2026-08-31,1900,1900,NO
INV-0351,256,SPNN BUSINESS SERVICES PRIVATE LIMITED,TTSPL4003,8K72893,Dell Latitude 5410,2026-08,2026-08-01,2026-08-31,1550,1550,NO
INV-0351,256,SPNN BUSINESS SERVICES PRIVATE LIMITED,TTSPL3550,PC1NVAXL,Lenovo Thinkpad X-13,2026-08,2026-08-01,2026-08-31,1550,1550,NO
INV-0351,256,SPNN BUSINESS SERVICES PRIVATE LIMITED,TTSPL4369,PF2DAH41,Lenovo Thinkpad L14 (Gen1),2026-08,2026-08-01,2026-08-31,1550,1550,NO
INV-0351,256,SPNN BUSINESS SERVICES PRIVATE LIMITED,TTSPL4245,5M1N7D3,Dell Latitude 5410,2026-08,2026-08-01,2026-08-31,1550,1550,NO
INV-0351,256,SPNN BUSINESS SERVICES PRIVATE LIMITED,TTSPL3434,G3GF0B3,Dell Latitude 5310 (TOUCH SCREEN),2026-08,2026-08-01,2026-08-31,1550,1550,NO
INV-0351,256,SPNN BUSINESS SERVICES PRIVATE LIMITED,TTSPL3540,PC1M8P2R,Lenovo Thinkpad X-13,2026-08,2026-08-01,2026-08-31,1550,1550,NO
INV-0351,256,SPNN BUSINESS SERVICES PRIVATE LIMITED,TTSPL6906,PF254P79,Lenovo Thinkpad T14,2026-08,2026-08-01,2026-08-31,1550,1550,NO
INV-0351,256,SPNN BUSINESS SERVICES PRIVATE LIMITED,TTSPL4000,DXR6DB3,Dell Latitude 5410,2026-08,2026-08-01,2026-08-31,1550,1550,NO
INV-0351,256,SPNN BUSINESS SERVICES PRIVATE LIMITED,TTSPL4577,PF2AMEC1,Lenovo Thinkpad L14,2026-08,2026-08-01,2026-08-31,1550,1550,NO
INV-0351,256,SPNN BUSINESS SERVICES PRIVATE LIMITED,TTSPL6458,5043C63,Dell Latitude 3410,2026-08,2026-08-01,2026-08-31,1550,1550,NO
INV-0351,256,SPNN BUSINESS SERVICES PRIVATE LIMITED,TTSPL6466,BG6BC63,Dell Latitude 3410,2026-08,2026-08-01,2026-08-31,1550,1550,NO
INV-0351,256,SPNN BUSINESS SERVICES PRIVATE LIMITED,TTSPL5646,DYQD463,Dell Latitude 3410,2026-08,2026-08-01,2026-08-31,1550,1550,NO
INV-0351,256,SPNN BUSINESS SERVICES PRIVATE LIMITED,TTSPL5686,CD63C63,Dell Latitude 3410,2026-08,2026-08-01,2026-08-31,1550,1550,NO
INV-0351,256,SPNN BUSINESS SERVICES PRIVATE LIMITED,TTSPL6270,431BW93,Dell Latitude 3410,2026-08,2026-08-01,2026-08-31,1550,1550,NO
INV-0351,256,SPNN BUSINESS SERVICES PRIVATE LIMITED,TTSPL3536,PC1M3KCY,Lenovo Thinkpad X-13,2026-08,2026-08-01,2026-08-31,1550,1550,NO
INV-0351,256,SPNN BUSINESS SERVICES PRIVATE LIMITED,TTSPL3244,D64NYY2,Dell Latitude 7400 (Touch Screen),2026-08,2026-08-01,2026-08-31,1900,1900,NO
INV-0351,256,SPNN BUSINESS SERVICES PRIVATE LIMITED,TTSPL6489,11P5V93,Dell Latitude 3410,2026-08,2026-08-01,2026-08-31,1550,1550,NO
INV-0351,256,SPNN BUSINESS SERVICES PRIVATE LIMITED,TTSPL6469,CJP1T93,Dell Latitude 3410,2026-08,2026-08-01,2026-08-31,1550,1550,NO
INV-0351,256,SPNN BUSINESS SERVICES PRIVATE LIMITED,TTSPL5292,PF1T2HDS,Lenovo Thinkpad T14,2026-08,2026-08-01,2026-08-31,1550,1550,NO
INV-0351,256,SPNN BUSINESS SERVICES PRIVATE LIMITED,TTSPL3417,HWR1F63,Dell Latitude 5310 (TOUCH SCREEN),2026-08,2026-08-01,2026-08-31,1550,1550,NO
INV-0351,256,SPNN BUSINESS SERVICES PRIVATE LIMITED,TTSPL3093,5CG0377SK3,HP Elitebook X360 1040 G6,2026-08,2026-08-01,2026-08-31,1550,1550,NO
INV-0351,256,SPNN BUSINESS SERVICES PRIVATE LIMITED,TTSPL3088,1MX79Y2,Dell Latitude 7400 (Touch Screen),2026-08,2026-08-01,2026-08-31,1550,1550,NO
INV-0351,256,SPNN BUSINESS SERVICES PRIVATE LIMITED,TTSPL2096,1PWV5S2,Dell Latitude E5490,2026-08,2026-08-01,2026-08-31,1550,1550,NO
INV-0351,256,SPNN BUSINESS SERVICES PRIVATE LIMITED,TTSPL3004,GT0VL63,Dell Latitude 5410,2026-08,2026-08-01,2026-08-31,1550,1550,NO
INV-0351,256,SPNN BUSINESS SERVICES PRIVATE LIMITED,TTSPL6667,B2J0503,Dell Latitude 3410,2026-08,2026-08-01,2026-08-31,1550,1550,NO
INV-0351,256,SPNN BUSINESS SERVICES PRIVATE LIMITED,TTSPL7140,99PSVZ2,Dell Latitude 3400,2026-08,2026-08-01,2026-08-31,1550,1550,NO
INV-0351,256,SPNN BUSINESS SERVICES PRIVATE LIMITED,TTSPL3242,8Y13M13,Dell Latitude 7400 (Touch Screen),2026-08,2026-08-01,2026-08-31,1550,1550,NO
INV-0351,256,SPNN BUSINESS SERVICES PRIVATE LIMITED,TTSPL6533,JBRM763,Dell Latitude 3410,2026-08,2026-08-01,2026-08-31,1550,1550,NO
INV-0351,256,SPNN BUSINESS SERVICES PRIVATE LIMITED,TTSPL6472,JFP5V93,Dell Latitude 3410,2026-08,2026-08-01,2026-08-31,1550,1550,NO
INV-0351,256,SPNN BUSINESS SERVICES PRIVATE LIMITED,TTSPL5158,PF1SZZ35,Lenovo Thinkpad T14,2026-08,2026-08-01,2026-08-31,1550,1550,NO
INV-0351,256,SPNN BUSINESS SERVICES PRIVATE LIMITED,TTSPL7133,DMPSVZ2,Dell Latitude 3400,2026-08,2026-08-01,2026-08-31,1550,1550,NO
INV-0351,256,SPNN BUSINESS SERVICES PRIVATE LIMITED,TTSPL7147,B64VVZ2,Dell Latitude 3400,2026-08,2026-08-01,2026-08-31,1550,1550,NO
INV-0351,256,SPNN BUSINESS SERVICES PRIVATE LIMITED,TTSPL3011,9LLVCB3,Dell Latitude 5411,2026-08,2026-08-01,2026-08-31,1550,1550,NO
INV-0351,256,SPNN BUSINESS SERVICES PRIVATE LIMITED,TTSPL3247,CMK9ZY2,Dell Latitude 7400,2026-08,2026-08-01,2026-08-31,1550,1550,NO
INV-0351,256,SPNN BUSINESS SERVICES PRIVATE LIMITED,TTSPL4051,2775L13,Dell Latitude 5400,2026-08,2026-08-01,2026-08-31,1550,1550,NO
INV-0351,256,SPNN BUSINESS SERVICES PRIVATE LIMITED,TTSPL6505,27QS103,Dell Latitude 3410,2026-08,2026-08-01,2026-08-31,1550,1550,NO
INV-0351,256,SPNN BUSINESS SERVICES PRIVATE LIMITED,TTSPL6230,1S88D63,Dell Latitude 3410,2026-08,2026-08-01,2026-08-31,1550,1550,NO
INV-0351,256,SPNN BUSINESS SERVICES PRIVATE LIMITED,TTSPL3767,5ZGVPQ2,Dell Latitude 5490,2026-08,2026-08-01,2026-08-31,1550,1550,NO
INV-0351,256,SPNN BUSINESS SERVICES PRIVATE LIMITED,TTSPL6232,9BRM763,Dell Latitude 3410,2026-08,2026-08-01,2026-08-31,1550,1550,NO
INV-0351,256,SPNN BUSINESS SERVICES PRIVATE LIMITED,TTSPL6237,J073C63,Dell Latitude 3410,2026-08,2026-08-01,2026-08-31,1550,1550,NO
INV-0351,256,SPNN BUSINESS SERVICES PRIVATE LIMITED,TTSPL6496,1HP5V93,Dell Latitude 3410,2026-08,2026-08-01,2026-08-31,1550,1550,NO
INV-0351,256,SPNN BUSINESS SERVICES PRIVATE LIMITED,TTSPL6725,4D63C63,Dell Latitude 3410,2026-08,2026-08-01,2026-08-31,1550,1550,NO
INV-0351,256,SPNN BUSINESS SERVICES PRIVATE LIMITED,TTSPL6221,DXR1T93,Dell Latitude 3410,2026-08,2026-08-01,2026-08-31,1550,1550,NO
INV-0351,256,SPNN BUSINESS SERVICES PRIVATE LIMITED,TTSPL6492,CPN6V93,Dell Latitude 3410,2026-08,2026-08-01,2026-08-31,1550,1550,NO
INV-0351,256,SPNN BUSINESS SERVICES PRIVATE LIMITED,TTSPL6070,1ZP1T93,Dell Latitude 3410,2026-08,2026-08-01,2026-08-31,1550,1550,NO
INV-0351,256,SPNN BUSINESS SERVICES PRIVATE LIMITED,TTSPL4188,3MT1F63,Dell Latitude 5310,2026-08,2026-08-01,2026-08-31,1550,1550,NO
INV-0284,274,Vaatun Technologies Private Limited,TTSPL3466,HYWM3J3,Dell Latitude 5420,2026-08,2026-08-01,2026-08-31,3500,3500,NO
INV-0216,261,SHINENPRIME HEALTHCARE PRIVATE LIMITED,TTSPL2947,2Q148S2,Dell Latitude 7490,2026-08,2026-08-01,2026-08-31,999,999,NO
INV-0216,261,SHINENPRIME HEALTHCARE PRIVATE LIMITED,TTSPL7394,5CG0278L17,HP ProBook 640 G5,2026-07,2026-07-18,2026-07-31,1200,541.94,YES
INV-0216,261,SHINENPRIME HEALTHCARE PRIVATE LIMITED,TTSPL7394,5CG0278L17,HP ProBook 640 G5,2026-08,2026-08-01,2026-08-31,1200,1200,NO
INV-0216,261,SHINENPRIME HEALTHCARE PRIVATE LIMITED,TTSPL7395,5CG0278D74,HP ProBook 640 G5,2026-07,2026-07-18,2026-07-31,1200,541.94,YES
INV-0216,261,SHINENPRIME HEALTHCARE PRIVATE LIMITED,TTSPL7395,5CG0278D74,HP ProBook 640 G5,2026-08,2026-08-01,2026-08-31,1200,1200,NO
INV-0216,261,SHINENPRIME HEALTHCARE PRIVATE LIMITED,TTSPL7480,5CG0278HSL,HP ProBook 640 G5,2026-07,2026-07-18,2026-07-31,1200,541.94,YES
INV-0216,261,SHINENPRIME HEALTHCARE PRIVATE LIMITED,TTSPL7480,5CG0278HSL,HP ProBook 640 G5,2026-08,2026-08-01,2026-08-31,1200,1200,NO
INV-0216,261,SHINENPRIME HEALTHCARE PRIVATE LIMITED,TTSPL7477,5CG0274NGY,HP ProBook 640 G5,2026-07,2026-07-18,2026-07-31,1200,541.94,YES
INV-0216,261,SHINENPRIME HEALTHCARE PRIVATE LIMITED,TTSPL7477,5CG0274NGY,HP ProBook 640 G5,2026-08,2026-08-01,2026-08-31,1200,1200,NO
INV-0216,261,SHINENPRIME HEALTHCARE PRIVATE LIMITED,TTSPL6676_B,3T2FL13_B,Dell Latitude 5400,2026-08,2026-08-01,2026-08-31,999,999,NO
INV-0216,261,SHINENPRIME HEALTHCARE PRIVATE LIMITED,TTSPL6671_B,GLSZP13_B,Dell Latitude 5400,2026-08,2026-08-01,2026-08-31,999,999,NO
INV-0216,261,SHINENPRIME HEALTHCARE PRIVATE LIMITED,TTSPL2011,J1QWSQ2,Dell Latitude 5490,2026-08,2026-08-01,2026-08-31,999,999,NO
INV-0216,261,SHINENPRIME HEALTHCARE PRIVATE LIMITED,TTSPL1055,90TBQH2,Dell Latitude E7480,2026-08,2026-08-01,2026-08-31,999,999,NO
INV-0216,261,SHINENPRIME HEALTHCARE PRIVATE LIMITED,TTSPL5251,PC1FBAD0,Lenovo Thinkpad T490s,2026-08,2026-08-01,2026-08-31,999,999,NO
INV-0216,261,SHINENPRIME HEALTHCARE PRIVATE LIMITED,TTSPL2722,4B5X0X2,Dell Latitude 5490,2026-08,2026-08-01,2026-08-31,999,999,NO
INV-0216,261,SHINENPRIME HEALTHCARE PRIVATE LIMITED,TTSPL2783,9X5BZW2,Dell Latitude 5490,2026-08,2026-08-01,2026-08-31,999,999,NO
INV-0216,261,SHINENPRIME HEALTHCARE PRIVATE LIMITED,TTSPL4931,PC162454,Lenovo Thinkpad T480s,2026-08,2026-08-01,2026-08-31,999,999,NO
INV-0216,261,SHINENPRIME HEALTHCARE PRIVATE LIMITED,TTSPL3651,DYLFPQ2,Dell Latitude 7490,2026-08,2026-08-01,2026-08-31,999,999,NO
INV-0216,261,SHINENPRIME HEALTHCARE PRIVATE LIMITED,TTSPL3127,PF22825G,Lenovo Thinkpad T490,2026-08,2026-08-01,2026-08-31,999,999,NO
INV-0216,261,SHINENPRIME HEALTHCARE PRIVATE LIMITED,TTSPL2660,6Q4WPV2,Dell Latitude 5490,2026-08,2026-08-01,2026-08-31,999,999,NO
INV-0216,261,SHINENPRIME HEALTHCARE PRIVATE LIMITED,TTSPL5314,61LYNT2,Dell Latitude 5300,2026-08,2026-08-01,2026-08-31,999,999,NO
INV-0216,261,SHINENPRIME HEALTHCARE PRIVATE LIMITED,TTSPL5213,PF1CUF6E,Lenovo Thinkpad T490,2026-08,2026-08-01,2026-08-31,999,999,NO
INV-0329,100,GODASH SOLUTIONS PRIVATE LIMITED,TTSPL5643,6Z4DN73,Dell Latitude 5400,2026-08,2026-08-01,2026-08-31,1299,1299,NO
INV-0329,100,GODASH SOLUTIONS PRIVATE LIMITED,TTSPL2698,PF4J7LCY,Lenovo Ideapad slim 3,2026-08,2026-08-01,2026-08-31,3199,3199,NO
INV-0329,100,GODASH SOLUTIONS PRIVATE LIMITED,TTSPL5424,H6Q7103,Dell Latitude 3400,2026-08,2026-08-01,2026-08-31,1299,1299,NO
INV-0329,100,GODASH SOLUTIONS PRIVATE LIMITED,TTSPL5674,70SC693,Dell Latitude 5400,2026-08,2026-08-01,2026-08-31,1299,1299,NO
INV-0329,100,GODASH SOLUTIONS PRIVATE LIMITED,TTSPL6553,8GP5V93,Dell Latitude 3410,2026-08,2026-08-01,2026-08-31,1699,1699,NO
INV-0329,100,GODASH SOLUTIONS PRIVATE LIMITED,TTSPL6504,F9P6V93,Dell Latitude 3410,2026-08,2026-08-01,2026-08-31,1699,1699,NO
INV-0329,100,GODASH SOLUTIONS PRIVATE LIMITED,TTSPL6402,PG02HY9S,Lenovo Thinkpad E-14 Gen 2,2026-08,2026-08-01,2026-08-31,1899,1899,NO
INV-0329,100,GODASH SOLUTIONS PRIVATE LIMITED,TTSPL6537,HBP1T93,Dell Latitude 3410,2026-08,2026-08-01,2026-08-31,1699,1699,NO
INV-0329,100,GODASH SOLUTIONS PRIVATE LIMITED,TTSPL6778,FTP1T93,Dell Latitude 3410,2026-08,2026-08-01,2026-08-31,1699,1699,NO
INV-0329,100,GODASH SOLUTIONS PRIVATE LIMITED,TTSPL6276,5C93C63,Dell Latitude 3410,2026-07,2026-07-14,2026-07-31,1699,986.52,YES
INV-0329,100,GODASH SOLUTIONS PRIVATE LIMITED,TTSPL6276,5C93C63,Dell Latitude 3410,2026-08,2026-08-01,2026-08-31,1699,1699,NO
INV-0206,271,SAAN GLOBAL LIMITED,TTSPL3714,89QZ1J3,Dell Latitude 5420,2026-08,2026-08-01,2026-08-31,2899,2899,NO
INV-0206,271,SAAN GLOBAL LIMITED,TTSPL4044,CND12350V7,HP Elitebook X360 1040 G8,2026-08,2026-08-01,2026-08-31,2899,2899,NO
INV-0206,271,SAAN GLOBAL LIMITED,TTSPL6867,5CG1404STT,HP Elitebook 840 G8,2026-08,2026-08-01,2026-08-31,2899,2899,NO
INV-0206,271,SAAN GLOBAL LIMITED,TTSPL4807,H9R60J3,Latitude 5420,2026-07,2026-07-31,2026-07-31,2899,93.52,YES
INV-0206,271,SAAN GLOBAL LIMITED,TTSPL4807,H9R60J3,Latitude 5420,2026-08,2026-08-01,2026-08-31,2899,2899,NO
INV-0206,271,SAAN GLOBAL LIMITED,TTSPL4779,5M0YZH3,Dell Latitude 5420,2026-07,2026-07-31,2026-07-31,2899,93.52,YES
INV-0206,271,SAAN GLOBAL LIMITED,TTSPL4779,5M0YZH3,Dell Latitude 5420,2026-08,2026-08-01,2026-08-31,2899,2899,NO
INV-0206,271,SAAN GLOBAL LIMITED,TTSPL4646,2QDF2F3,Dell Latitude 5420 (Touch Screen),2026-08,2026-08-01,2026-08-31,2899,2899,NO
INV-0206,271,SAAN GLOBAL LIMITED,TTSPL6968,CTX56G3,Dell Latitude 7420,2026-08,2026-08-01,2026-08-31,2899,2899,NO
INV-0206,271,SAAN GLOBAL LIMITED,TTSPL4517,9R8F0J3,Dell Latitude 5420 (Touch Screen),2026-08,2026-08-01,2026-08-31,2899,2899,NO
INV-0199,69,Trip Hunter,TTSPL4733,PF31MVF8,Lenovo Thinkpad T14,2026-08,2026-08-01,2026-08-31,1799,1799,NO
INV-0199,69,Trip Hunter,TTSPL4696,PF31NC51,Lenovo Thinkpad T14,2026-08,2026-08-01,2026-08-31,1799,1799,NO
INV-0199,69,Trip Hunter,TTSPL5233,PG02Y0D9,Lenovo Thinkpad E14 (Gen 2),2026-08,2026-08-01,2026-08-31,1799,1799,NO
INV-0199,69,Trip Hunter,TTSPL6546,HF3BW93,Dell Latitude 3410,2026-08,2026-08-01,2026-08-31,1799,1799,NO
INV-0199,69,Trip Hunter,TTSPL5228,PF3F83WP,Lenovo Thinkpad E14 (Gen 2),2026-08,2026-08-01,2026-08-31,1799,1799,NO
INV-0199,69,Trip Hunter,TTSPL4535,F3V61F3,Dell Latitude 5420,2026-08,2026-08-01,2026-08-31,1799,1799,NO
INV-0199,69,Trip Hunter,TTSPL4706,PF32HESF,Lenovo Thinkpad T14,2026-08,2026-08-01,2026-08-31,1799,1799,NO
INV-0199,69,Trip Hunter,TTSPL4730,PF32H4L3,Lenovo Thinkpad T14,2026-08,2026-08-01,2026-08-31,1799,1799,NO
INV-0199,69,Trip Hunter,TTSPL4684,PF32G0SH,Lenovo Thinkpad T14,2026-08,2026-08-01,2026-08-31,1799,1799,NO
INV-0368,23,GRUNMECH TECHNOLOGIES PRIVATE LIMITED,TTSPL4313,GB8CX93,Dell Latitude 5320 (Touch),2026-08,2026-08-01,2026-08-31,2699,2699,NO
INV-0368,23,GRUNMECH TECHNOLOGIES PRIVATE LIMITED,TTSPL6863,5CG2145WSC,HP Elitebook 840 G8,2026-08,2026-08-01,2026-08-31,2699,2699,NO
INV-0368,23,GRUNMECH TECHNOLOGIES PRIVATE LIMITED,TTSPL4274,DT3HQ93,Dell Latitude 5320,2026-08,2026-08-01,2026-08-31,2699,2699,NO
INV-0368,23,GRUNMECH TECHNOLOGIES PRIVATE LIMITED,TTSPL5783,588C2J3,Dell Latitude 5420,2026-08,2026-08-01,2026-08-31,2699,2699,NO
INV-0368,23,GRUNMECH TECHNOLOGIES PRIVATE LIMITED,TTSPL5694,7K2C2J3,Dell Latitude 5420,2026-08,2026-08-01,2026-08-31,2699,2699,NO
INV-0368,23,GRUNMECH TECHNOLOGIES PRIVATE LIMITED,TTSPL5795,C3PXVM3,Dell Latitude 5420,2026-08,2026-08-01,2026-08-31,2699,2699,NO
INV-0368,23,GRUNMECH TECHNOLOGIES PRIVATE LIMITED,TTSPL5781,4LJ12J3,Dell Latitude 5420,2026-08,2026-08-01,2026-08-31,2699,2699,NO
INV-0368,23,GRUNMECH TECHNOLOGIES PRIVATE LIMITED,TTSPL4270,HWZVY93,Dell Latitude 5320,2026-08,2026-08-01,2026-08-31,2699,2699,NO
INV-0368,23,GRUNMECH TECHNOLOGIES PRIVATE LIMITED,TTSPL4780,1MS50J3,Dell Latitude 5420,2026-08,2026-08-01,2026-08-31,2699,2699,NO
INV-0368,23,GRUNMECH TECHNOLOGIES PRIVATE LIMITED,TTSPL3736,2XBZ2J3,Dell Latitude 5420,2026-08,2026-08-01,2026-08-31,2699,2699,NO
INV-0368,23,GRUNMECH TECHNOLOGIES PRIVATE LIMITED,TTSPL4275,9W4ZR93,Dell Latitude 5320,2026-08,2026-08-01,2026-08-31,2699,2699,NO
INV-0368,23,GRUNMECH TECHNOLOGIES PRIVATE LIMITED,TTSPL6585,CCPXVM3,Dell Latitude 5420,2026-08,2026-08-01,2026-08-31,2699,2699,NO
INV-0368,23,GRUNMECH TECHNOLOGIES PRIVATE LIMITED,TTSPL5696,3YPB2J3,Dell Latitude 5420,2026-08,2026-08-01,2026-08-31,2699,2699,NO
INV-0371,8,PERNIMIUS FINANCIAL TECHNOLOGIES PRIVATE LIMITED,TTSPL2729,8B2XQQ2,Dell Latitude 7490,2026-08,2026-08-01,2026-08-31,1400,1400,NO
INV-0371,8,PERNIMIUS FINANCIAL TECHNOLOGIES PRIVATE LIMITED,TTSPL5393,2VHW3D3,Dell Latitude 5420,2026-08,2026-08-01,2026-08-31,1999,1999,NO
INV-0371,8,PERNIMIUS FINANCIAL TECHNOLOGIES PRIVATE LIMITED,TTSPL7182,R913GZ2Z,Lenovo Thinkpad L13,2026-08,2026-08-01,2026-08-31,1999,1999,NO
INV-0371,8,PERNIMIUS FINANCIAL TECHNOLOGIES PRIVATE LIMITED,TTSPL3443,8BT1F63,Dell Latitude 5310 (TOUCH SCREEN),2026-08,2026-08-01,2026-08-31,1400,1400,NO
INV-0371,8,PERNIMIUS FINANCIAL TECHNOLOGIES PRIVATE LIMITED,TTSPL4917,PC1GXFN7,Lenovo Thinkpad T490s,2026-08,2026-08-01,2026-08-31,1400,1400,NO
INV-0371,8,PERNIMIUS FINANCIAL TECHNOLOGIES PRIVATE LIMITED,TTSPL3049,CC426Q2,Dell Latitude 7490,2026-08,2026-08-01,2026-08-31,1400,1400,NO
INV-0371,8,PERNIMIUS FINANCIAL TECHNOLOGIES PRIVATE LIMITED,TTSPL3312,CRPM1Z2,Dell Latitude 7400 (Touch Screen),2026-08,2026-08-01,2026-08-31,1400,1400,NO
INV-0371,8,PERNIMIUS FINANCIAL TECHNOLOGIES PRIVATE LIMITED,TTSPL4476,632L453,Dell Latitude 5410,2026-08,2026-08-01,2026-08-31,1499,1499,NO
INV-0371,8,PERNIMIUS FINANCIAL TECHNOLOGIES PRIVATE LIMITED,TTSPL6742,5S670J3,Dell Latitude 7420,2026-08,2026-08-01,2026-08-31,1999,1999,NO
INV-0371,8,PERNIMIUS FINANCIAL TECHNOLOGIES PRIVATE LIMITED,TTSPL4468,PC27MNT6,Lenovo Thinkpad X-13,2026-08,2026-08-01,2026-08-31,1999,1999,NO
INV-0371,8,PERNIMIUS FINANCIAL TECHNOLOGIES PRIVATE LIMITED,TTSPLGR0164,3NBY0B3,Dell Latitude 5310,2026-08,2026-08-01,2026-08-31,1500,1500,NO
INV-0371,8,PERNIMIUS FINANCIAL TECHNOLOGIES PRIVATE LIMITED,TTSPL7524,9NZH7C3,Latitude 5420,2026-07,2026-07-30,2026-07-31,1999,128.97,YES
INV-0371,8,PERNIMIUS FINANCIAL TECHNOLOGIES PRIVATE LIMITED,TTSPL7524,9NZH7C3,Latitude 5420,2026-08,2026-08-01,2026-08-31,1999,1999,NO
INV-0371,8,PERNIMIUS FINANCIAL TECHNOLOGIES PRIVATE LIMITED,TTSPL7537,87XY0F3,Latitude 5420,2026-07,2026-07-26,2026-07-31,1999,386.9,YES
INV-0371,8,PERNIMIUS FINANCIAL TECHNOLOGIES PRIVATE LIMITED,TTSPL7537,87XY0F3,Latitude 5420,2026-08,2026-08-01,2026-08-31,1999,1999,NO
INV-0371,8,PERNIMIUS FINANCIAL TECHNOLOGIES PRIVATE LIMITED,TTSPL4918,PC1FBAE3,Lenovo Thinkpad T490s,2026-08,2026-08-01,2026-08-31,1400,1400,NO
INV-0371,8,PERNIMIUS FINANCIAL TECHNOLOGIES PRIVATE LIMITED,TTSPL6562,5CD112LW0C,HP Probook 440 G8,2026-08,2026-08-01,2026-08-31,1999,1999,NO
INV-0371,8,PERNIMIUS FINANCIAL TECHNOLOGIES PRIVATE LIMITED,TTSPL2744,7BGWQQ2,Dell Latitude 7490,2026-08,2026-08-01,2026-08-31,1400,1400,NO
INV-0371,8,PERNIMIUS FINANCIAL TECHNOLOGIES PRIVATE LIMITED,TTSPL2883,4W315Q2,Dell Latitude 7490,2026-08,2026-08-01,2026-08-31,1400,1400,NO
INV-0250,30,Digital Nirvana Information Systems Pvt Ltd,TTSPL4046,DTY0763,Dell Latitude 3410,2026-08,2026-08-01,2026-08-31,2099,2099,NO
INV-0250,30,Digital Nirvana Information Systems Pvt Ltd,TTSPL4691,PF31P5WB,Lenovo Thinkpad T14,2026-08,2026-08-01,2026-08-31,2099,2099,NO
INV-0250,30,Digital Nirvana Information Systems Pvt Ltd,TTSPL4450,PF2AN13P,Lenovo Thinkpad L14,2026-08,2026-08-01,2026-08-31,2099,2099,NO
INV-0250,30,Digital Nirvana Information Systems Pvt Ltd,TTSPL4749,DPQWZH3,Dell Latitude 5420,2026-08,2026-08-01,2026-08-31,2099,2099,NO
INV-0250,30,Digital Nirvana Information Systems Pvt Ltd,TTSPL6570,5CD101G0K7,HP Probook 430 G8,2026-08,2026-08-01,2026-08-31,2099,2099,NO
INV-0250,30,Digital Nirvana Information Systems Pvt Ltd,TTSPL6342,GYR1T93,Dell Latitude 3410,2026-08,2026-08-01,2026-08-31,2099,2099,NO
INV-0250,30,Digital Nirvana Information Systems Pvt Ltd,TTSPL7449,FFKW6G3,Latitude 5420,2026-07,2026-07-13,2026-07-31,2099,1286.48,YES
INV-0250,30,Digital Nirvana Information Systems Pvt Ltd,TTSPL7449,FFKW6G3,Latitude 5420,2026-08,2026-08-01,2026-08-31,2099,2099,NO
INV-0250,30,Digital Nirvana Information Systems Pvt Ltd,TTSPL4727,PF2R74CA,Lenovo Thinkpad T14,2026-07,2026-07-12,2026-07-31,2099,1354.19,YES
INV-0250,30,Digital Nirvana Information Systems Pvt Ltd,TTSPL4727,PF2R74CA,Lenovo Thinkpad T14,2026-08,2026-08-01,2026-08-31,2099,2099,NO
INV-0250,30,Digital Nirvana Information Systems Pvt Ltd,TTSPL7452,150S5G3,Latitude 5420,2026-07,2026-07-13,2026-07-31,2099,1286.48,YES
INV-0250,30,Digital Nirvana Information Systems Pvt Ltd,TTSPL7452,150S5G3,Latitude 5420,2026-08,2026-08-01,2026-08-31,2099,2099,NO
INV-0250,30,Digital Nirvana Information Systems Pvt Ltd,TTSPL7453,GYFS2M3,Latitude 5420,2026-07,2026-07-13,2026-07-31,2099,1286.48,YES
INV-0250,30,Digital Nirvana Information Systems Pvt Ltd,TTSPL7453,GYFS2M3,Latitude 5420,2026-08,2026-08-01,2026-08-31,2099,2099,NO
INV-0250,30,Digital Nirvana Information Systems Pvt Ltd,TTSPL4477,7MH7693,Dell Latitude 5410,2026-08,2026-08-01,2026-08-31,2099,2099,NO
INV-0353,33,ERA BOTANICS PRIVATE LIMITED,TTSPL6064,6641QG3,Dell Latitude 3420,2026-08,2026-08-01,2026-08-31,1699,1699,NO
INV-0353,33,ERA BOTANICS PRIVATE LIMITED,TTSPL4766,1SS50J3,Dell Latitude 5420,2026-08,2026-08-01,2026-08-31,2299,2299,NO
INV-0353,33,ERA BOTANICS PRIVATE LIMITED,TTSPL5465,PG02Y0B7,Lenovo Thinkpad E14,2026-08,2026-08-01,2026-08-31,1699,1699,NO
INV-0353,33,ERA BOTANICS PRIVATE LIMITED,TTSPL6090,HWQD2B3,Dell Latitude 3420,2026-08,2026-08-01,2026-08-31,1699,1699,NO
INV-0353,33,ERA BOTANICS PRIVATE LIMITED,TTSPL5719,1JJ5QG3,Dell Latitude 3420,2026-08,2026-08-01,2026-08-31,1699,1699,NO
INV-0353,33,ERA BOTANICS PRIVATE LIMITED,TTSPL6217,B7PXVM3,Dell Latitude 5420,2026-08,2026-08-01,2026-08-31,2299,2299,NO
INV-0353,33,ERA BOTANICS PRIVATE LIMITED,TTSPL4499,FY961F3,Dell Latitude 5420,2026-08,2026-08-01,2026-08-31,1699,1699,NO
INV-0353,33,ERA BOTANICS PRIVATE LIMITED,TTSPL4609,95K14M3,Dell Latitude 5420 (Touch Screen),2026-08,2026-08-01,2026-08-31,3000,3000,NO
INV-0353,33,ERA BOTANICS PRIVATE LIMITED,TTSPL4808,7F970J3,Dell Latitude 5420,2026-08,2026-08-01,2026-08-31,2299,2299,NO
INV-0353,33,ERA BOTANICS PRIVATE LIMITED,TTSPL4847,4F560J3,Dell Latitude 5420,2026-08,2026-08-01,2026-08-31,2299,2299,NO
INV-0353,33,ERA BOTANICS PRIVATE LIMITED,TTSPL5636,PF33YELN,Lenovo Thinkpad E14,2026-08,2026-08-01,2026-08-31,1699,1699,NO
INV-0353,33,ERA BOTANICS PRIVATE LIMITED,TTSPL5821,FWNYCL3,Dell Latitude 3420,2026-08,2026-08-01,2026-08-31,1699,1699,NO
INV-0353,33,ERA BOTANICS PRIVATE LIMITED,TTSPL6708,20SD2B3,Dell Latitude 3420,2026-08,2026-08-01,2026-08-31,1699,1699,NO
INV-0353,33,ERA BOTANICS PRIVATE LIMITED,TTSPL6320,H3PXVM3,Dell Latitude 5420,2026-08,2026-08-01,2026-08-31,2299,2299,NO
INV-0353,33,ERA BOTANICS PRIVATE LIMITED,TTSPL4651,DDCC4M3,Dell Latitude 5420 (Touch Screen),2026-08,2026-08-01,2026-08-31,2299,2299,NO
INV-0353,33,ERA BOTANICS PRIVATE LIMITED,TTSPL4601,FYC2BC3,Dell Latitude 5420,2026-07,2026-07-16,2026-07-31,2299,1186.58,YES
INV-0353,33,ERA BOTANICS PRIVATE LIMITED,TTSPL4601,FYC2BC3,Dell Latitude 5420,2026-08,2026-08-01,2026-08-31,2299,2299,NO
INV-0353,33,ERA BOTANICS PRIVATE LIMITED,TTSPL5460,PF32GK2G,Lenovo Thinkpad T14 (Touch Screen),2026-08,2026-08-01,2026-08-31,1699,1699,NO
INV-0353,33,ERA BOTANICS PRIVATE LIMITED,TTSPL6213,34JB2J3,Dell Latitude 5420,2026-08,2026-08-01,2026-08-31,2299,2299,NO
INV-0331,38,MANNA BIOTECH PRIVATE LIMITED,TTSPL5112,PG04GTEH,Lenovo V14 (Gen 3),2026-08,2026-08-01,2026-08-31,2118,2118,NO
INV-0331,38,MANNA BIOTECH PRIVATE LIMITED,TTSPL4095,1TZLHC2,Dell Latitude E7470,2026-08,2026-08-01,2026-08-31,1099,1099,NO
INV-0220,42,SUKHMAA SONS AND ASSOCIATES,TTSPL4058,4NY0SQ2,Dell Latitude 7490,2026-08,2026-08-01,2026-08-31,1399,1399,NO
INV-0220,42,SUKHMAA SONS AND ASSOCIATES,TTSPL3153,PF1CYLQJ,Lenovo Thinkpad T490 (Touchscreen),2026-08,2026-08-01,2026-08-31,1599,1599,NO
INV-0220,42,SUKHMAA SONS AND ASSOCIATES,TTSPL6073,4LTZP13,Dell Latitude 5400,2026-08,2026-08-01,2026-08-31,1399,1399,NO
INV-0220,42,SUKHMAA SONS AND ASSOCIATES,TTSPL7466,5CG0274CGP,HP ProBook 640 G5,2026-07,2026-07-29,2026-07-31,1599,154.74,YES
INV-0220,42,SUKHMAA SONS AND ASSOCIATES,TTSPL7466,5CG0274CGP,HP ProBook 640 G5,2026-08,2026-08-01,2026-08-31,1599,1599,NO
INV-0220,42,SUKHMAA SONS AND ASSOCIATES,,CN-05NT8R-PRC00-39K-06KG,Dell wired mouse,2026-07,2026-07-17,2026-07-31,1,0.48,YES
INV-0220,42,SUKHMAA SONS AND ASSOCIATES,,CN-05NT8R-PRC00-39K-06KG,Dell wired mouse,2026-08,2026-08-01,2026-08-31,1,1,NO
INV-0220,42,SUKHMAA SONS AND ASSOCIATES,,CN-05NT8R-PRC00-39K-06KF,Dell wired mouse,2026-07,2026-07-17,2026-07-31,1,0.48,YES
INV-0220,42,SUKHMAA SONS AND ASSOCIATES,,CN-05NT8R-PRC00-39K-06KF,Dell wired mouse,2026-08,2026-08-01,2026-08-31,1,1,NO
INV-0220,42,SUKHMAA SONS AND ASSOCIATES,TTSPL5445,99X7JW2,Dell Latitude 3400,2026-08,2026-08-01,2026-08-31,1649,1649,NO
INV-0220,42,SUKHMAA SONS AND ASSOCIATES,TTSPL4564,6F7S4D3,Dell Latitude 5420,2026-08,2026-08-01,2026-08-31,1799,1799,NO
INV-0220,42,SUKHMAA SONS AND ASSOCIATES,TTSPL4505,14XN2F3,Dell Latitude 5420,2026-08,2026-08-01,2026-08-31,1799,1799,NO
INV-0220,42,SUKHMAA SONS AND ASSOCIATES,TTSPL2386,307X022,Dell Latitude E7240,2026-08,2026-08-01,2026-08-31,799,799,NO
INV-0220,42,SUKHMAA SONS AND ASSOCIATES,TTSPL2618,GC0KQ12,Dell Latitude E7240,2026-08,2026-08-01,2026-08-31,799,799,NO
INV-0220,42,SUKHMAA SONS AND ASSOCIATES,TTSPL2902,D7809H2,Dell Latitude 7480,2026-08,2026-08-01,2026-08-31,1399,1399,NO
INV-0220,42,SUKHMAA SONS AND ASSOCIATES,TTSPL3908,3YR76M2,Dell Latitude 7480,2026-08,2026-08-01,2026-08-31,1399,1399,NO
INV-0220,42,SUKHMAA SONS AND ASSOCIATES,TTSPL2332,HMW9JR2,Dell Latitude 5490,2026-08,2026-08-01,2026-08-31,1399,1399,NO
INV-0220,42,SUKHMAA SONS AND ASSOCIATES,TTSPL2908,8J46BH2,Dell Latitude 7480,2026-08,2026-08-01,2026-08-31,1399,1399,NO
INV-0220,42,SUKHMAA SONS AND ASSOCIATES,TTSPL3402,9GF4T72,Dell Latitude E5250,2026-08,2026-08-01,2026-08-31,799,799,NO
INV-0220,42,SUKHMAA SONS AND ASSOCIATES,TTSPL2323,B0B9Q72,Dell Latitude E5470,2026-08,2026-08-01,2026-08-31,1399,1399,NO
INV-0211,65,REYKLE INDIA PRIVATE LIMITED,TTSPL4665,7BQ18C3,Dell Latitude 5420 (Touch Screen),2026-08,2026-08-01,2026-08-31,3499,3499,NO
INV-0211,65,REYKLE INDIA PRIVATE LIMITED,TTSPL4372,MYK07KC476,Apple Macbook Air,2026-08,2026-08-01,2026-08-31,4999,4999,NO
INV-0211,65,REYKLE INDIA PRIVATE LIMITED,TTSPL2630,FVFH8D06Q05D,Apple Macbook Pro,2026-08,2026-08-01,2026-08-31,4500,4500,NO
INV-0211,65,REYKLE INDIA PRIVATE LIMITED,TTSPL4569,MVMJW60PF1,Apple Macbook Air,2026-08,2026-08-01,2026-08-31,5999,5999,NO
INV-0211,65,REYKLE INDIA PRIVATE LIMITED,TTSPL4806,716WZH3,Dell Latitude 5420,2026-08,2026-08-01,2026-08-31,2899,2899,NO
INV-0211,65,REYKLE INDIA PRIVATE LIMITED,TTSPL3174,FVFH8CFFQ05D,Apple MacBook Pro M1,2026-08,2026-08-01,2026-08-31,5199,5199,NO
INV-0211,65,REYKLE INDIA PRIVATE LIMITED,TTSPL5079,DDHD6GGWP7,Apple Macbook Air,2026-08,2026-08-01,2026-08-31,5499,5499,NO
INV-0211,65,REYKLE INDIA PRIVATE LIMITED,TTSPL5004,PG04FH2Q,Lenovo V14 (Gen 3),2026-08,2026-08-01,2026-08-31,2600,2600,NO
INV-0211,65,REYKLE INDIA PRIVATE LIMITED,TTSPL2592,70CLGJ3,Dell Vostro 3500,2026-08,2026-08-01,2026-08-31,2999,2999,NO
INV-0211,65,REYKLE INDIA PRIVATE LIMITED,TTSPL2896,FVFHGAQFQ05D,Apple Macbook Pro,2026-08,2026-08-01,2026-08-31,4500,4500,NO
INV-0211,65,REYKLE INDIA PRIVATE LIMITED,TTSPL6352,5XLK2J3,Dell Latitude 5420,2026-08,2026-08-01,2026-08-31,2999,2999,NO
INV-0211,65,REYKLE INDIA PRIVATE LIMITED,TTSPL5404,8KHB7D3,Dell Latitude 5420,2026-08,2026-08-01,2026-08-31,1999,1999,NO
INV-0217,44,SYNERGY SOFTWARES LIMITED,TTSPL3993,1ZBDQ92,Dell Latitude E5470,2026-08,2026-08-01,2026-08-31,1450,1450,NO
INV-0217,44,SYNERGY SOFTWARES LIMITED,TTSPL3652,8LQHPQ2,Dell Latitude 7490,2026-08,2026-08-01,2026-08-31,1700,1700,NO
INV-0217,44,SYNERGY SOFTWARES LIMITED,TTSPL3668,F75F1N2,Dell Latitude 7490,2026-08,2026-08-01,2026-08-31,1700,1700,NO
INV-0217,44,SYNERGY SOFTWARES LIMITED,TTSPL5668,2W4DN73,Dell Latitude 5400,2026-08,2026-08-01,2026-08-31,1700,1700,NO
INV-0217,44,SYNERGY SOFTWARES LIMITED,TTSPL5680,7YWXN73,Dell Latitude 5400,2026-08,2026-08-01,2026-08-31,1700,1700,NO
INV-0366,27,PINNACLEWORKS INFOTECH PRIVATE LIMITED,TTSPL3106,PF227ZGH,Lenovo T-490,2026-08,2026-08-01,2026-08-31,1800,1800,NO
INV-0366,27,PINNACLEWORKS INFOTECH PRIVATE LIMITED,TTSPL2884,7N341N2,Dell Latitude 7490,2026-08,2026-08-01,2026-08-31,1800,1800,NO
INV-0366,27,PINNACLEWORKS INFOTECH PRIVATE LIMITED,TTSPL5278,PG02Y0DA,Lenovo Thinkpad E14 (Gen 2),2026-08,2026-08-01,2026-08-31,1999,1999,NO
INV-0366,27,PINNACLEWORKS INFOTECH PRIVATE LIMITED,TTSPL2716,5CG21727V0,HP 240 G8,2026-08,2026-08-01,2026-08-31,2199,2199,NO
INV-0366,27,PINNACLEWORKS INFOTECH PRIVATE LIMITED,TTSPL2136,5CD1357M87,HP Laptop 14S-DQ2535TU,2026-08,2026-08-01,2026-08-31,2199,2199,NO
INV-0366,27,PINNACLEWORKS INFOTECH PRIVATE LIMITED,TTSPL2949,2XG0RV2,Dell Latitude 7490,2026-08,2026-08-01,2026-08-31,1800,1800,NO
INV-0366,27,PINNACLEWORKS INFOTECH PRIVATE LIMITED,TTSPL2213,BNRZMF2,Dell Latitude 5490,2026-08,2026-08-01,2026-08-31,1800,1800,NO
INV-0366,27,PINNACLEWORKS INFOTECH PRIVATE LIMITED,TTSPL2110,6L2S0Z2,Dell Latitude E5490,2026-08,2026-08-01,2026-08-31,1800,1800,NO
INV-0307,968,MANTARAV PRIVATE LIMITED,TTSPL2741,YGQHPGDH64,Macbook Pro,2026-07,2026-07-21,2026-07-31,5399,1915.77,YES
INV-0307,968,MANTARAV PRIVATE LIMITED,TTSPL2741,YGQHPGDH64,Macbook Pro,2026-08,2026-08-01,2026-08-31,5399,5399,NO
INV-0296,50,IMSUCCESS PRIVATE LIMITED,TTSPL1467,C02G7E4SQ6L4,Apple Mackbook Air M1,2026-08,2026-08-01,2026-08-31,5500,5500,NO
INV-0296,50,IMSUCCESS PRIVATE LIMITED,TTSPL4896,T3NRCX01U929127,Asus TUF Gaming A15,2026-08,2026-08-01,2026-08-31,5150,5150,NO
INV-0296,50,IMSUCCESS PRIVATE LIMITED,TTSPL4093,FHY5SL3,Dell Precision 3571 (with Nvidia T600 4 GB graphic),2026-08,2026-08-01,2026-08-31,5150,5150,NO
INV-0296,50,IMSUCCESS PRIVATE LIMITED,TTSPL5505,T4NRCX04T806184,Asus TUF Gaming A15,2026-08,2026-08-01,2026-08-31,5150,5150,NO
INV-0296,50,IMSUCCESS PRIVATE LIMITED,TTSPL3142,F41VYFPY3Y,Apple Macbook Pro,2026-08,2026-08-01,2026-08-31,6999,6999,NO
INV-0186,51,KV HUMAN RESOURCES SERVICES PRIVATE LIMITED,TTSPL3598,5CG8213BVR,HP PROBOOK 640 G4,2026-08,2026-08-01,2026-08-31,1249,1249,NO
INV-0190,52,Nexthire LLP,TTSPL7148,B187YZ2,Dell Latitude 3400,2026-08,2026-08-01,2026-08-31,1800,1800,NO
INV-0190,52,Nexthire LLP,TTSPL2439,5CD6186JCX,HP Probook 440 G3,2026-08,2026-08-01,2026-08-31,999,999,NO
INV-0190,52,Nexthire LLP,TTSPL2901,FSCBWD2,Dell Latitude 7480,2026-08,2026-08-01,2026-08-31,999,999,NO
INV-0190,52,Nexthire LLP,TTSPL4091,5CG8344C3K,HP Elitebook 840 G3,2026-08,2026-08-01,2026-08-31,999,999,NO
INV-0190,52,Nexthire LLP,TTSPL3014,3GBBM72,Dell Latitude E7470,2026-08,2026-08-01,2026-08-31,999,999,NO
INV-0190,52,Nexthire LLP,TTSPL2052,GMMGVD2,Dell Latitude E5470,2026-08,2026-08-01,2026-08-31,999,999,NO
INV-0261,104,E N COMMUNICATION PRIVATE LIMITED,TTSPL4109,74PL163,Dell Latitude 5410,2026-08,2026-08-01,2026-08-31,1799,1799,NO
INV-0261,104,E N COMMUNICATION PRIVATE LIMITED,TTSPL3801,BZT5273,Dell Latitude 5410,2026-08,2026-08-01,2026-08-31,1799,1799,NO
INV-0261,104,E N COMMUNICATION PRIVATE LIMITED,TTSPL3800,JGQHDB3,Dell Latitude 5410,2026-08,2026-08-01,2026-08-31,1799,1799,NO
INV-0261,104,E N COMMUNICATION PRIVATE LIMITED,TTSPL4100,5J9L163,Dell Latitude 5410,2026-08,2026-08-01,2026-08-31,1799,1799,NO
INV-0261,104,E N COMMUNICATION PRIVATE LIMITED,TTSPL4106,3KSZFB3,Dell Latitude 5410,2026-08,2026-08-01,2026-08-31,1799,1799,NO
INV-0261,104,E N COMMUNICATION PRIVATE LIMITED,TTSPL4101,CMKL163,Dell Latitude 5410,2026-08,2026-08-01,2026-08-31,1799,1799,NO
INV-0261,104,E N COMMUNICATION PRIVATE LIMITED,TTSPL4108,3FRJ163,Dell Latitude 5410,2026-08,2026-08-01,2026-08-31,1799,1799,NO
INV-0261,104,E N COMMUNICATION PRIVATE LIMITED,TTSPL4111,G95P163,Dell Latitude 5410,2026-08,2026-08-01,2026-08-31,1799,1799,NO
INV-0261,104,E N COMMUNICATION PRIVATE LIMITED,TTSPL4102,1MGM163,Dell Latitude 5410,2026-08,2026-08-01,2026-08-31,1799,1799,NO
INV-0261,104,E N COMMUNICATION PRIVATE LIMITED,TTSPL4107,37PL163,Dell Latitude 5410,2026-08,2026-08-01,2026-08-31,1799,1799,NO
INV-0271,34,Inaya Realty,TTSPL2975,4X87YY2,Dell Latitude 7400,2026-08,2026-08-01,2026-08-31,2199,2199,NO
INV-0271,34,Inaya Realty,TTSPL1465,5CG6420BYN,HP Elitebook 820 G3,2026-08,2026-08-01,2026-08-31,999,999,NO
INV-0271,34,Inaya Realty,TTSPL6241,55GG463,Dell Latitude 3410,2026-08,2026-08-01,2026-08-31,2199,2199,NO
INV-0271,34,Inaya Realty,TTSPL2877,4D48WD2,Dell Latitude E7470,2026-08,2026-08-01,2026-08-31,999,999,NO
INV-0285,220,GOOLEAN TECHNOLOGIES PRIVATE761976109 LIMITED,TTSPL4230,C5G8S73,Dell Latitude 5410,2026-08,2026-08-01,2026-08-31,2500,2500,NO
INV-0285,220,GOOLEAN TECHNOLOGIES PRIVATE761976109 LIMITED,TTSPL6701,BW92QG3,Latitude 3420,2026-07,2026-07-29,2026-07-31,1999,193.45,YES
INV-0285,220,GOOLEAN TECHNOLOGIES PRIVATE761976109 LIMITED,TTSPL6701,BW92QG3,Latitude 3420,2026-08,2026-08-01,2026-08-31,1999,1999,NO
INV-0285,220,GOOLEAN TECHNOLOGIES PRIVATE761976109 LIMITED,TTSPL7532,500M1J3,Latitude 5420,2026-07,2026-07-24,2026-07-31,1999,515.87,YES
INV-0285,220,GOOLEAN TECHNOLOGIES PRIVATE761976109 LIMITED,TTSPL7532,500M1J3,Latitude 5420,2026-08,2026-08-01,2026-08-31,1999,1999,NO
INV-0285,220,GOOLEAN TECHNOLOGIES PRIVATE761976109 LIMITED,TTSPL4225,58Z68C3,Dell Latitude 5410,2026-08,2026-08-01,2026-08-31,2500,2500,NO
INV-0285,220,GOOLEAN TECHNOLOGIES PRIVATE761976109 LIMITED,TTSPL6422,PG02HY3T,Lenovo Thinkpad E-14 Gen 2,2026-08,2026-08-01,2026-08-31,1999,1999,NO
INV-0285,220,GOOLEAN TECHNOLOGIES PRIVATE761976109 LIMITED,TTSPL6397,PG02YB0P,Lenovo Thinkpad E-14 Gen 2,2026-08,2026-08-01,2026-08-31,1999,1999,NO
INV-0285,220,GOOLEAN TECHNOLOGIES PRIVATE761976109 LIMITED,TTSPL7232,R913GZGV,Lenovo Thinkpad L13,2026-08,2026-08-01,2026-08-31,1999,1999,NO
INV-0265,56,Tekuncorked Aiiot Private Limited,TTSPL6635,7MTT1B3,Dell Latitude 3420,2026-08,2026-08-01,2026-08-31,1799,1799,NO
INV-0265,56,Tekuncorked Aiiot Private Limited,TTSPL6373,8LXQ1T3,Dell Latitude 7330,2026-08,2026-08-01,2026-08-31,3000,3000,NO
INV-0265,56,Tekuncorked Aiiot Private Limited,TTSPL4828,317F1J3,Dell Latitude 5420,2026-08,2026-08-01,2026-08-31,2499,2499,NO
INV-0265,56,Tekuncorked Aiiot Private Limited,TTSPL3231,52C6LQ3,DELL LATITUDE 5420,2026-08,2026-08-01,2026-08-31,1799,1799,NO
INV-0265,56,Tekuncorked Aiiot Private Limited,TTSPL2642,5CD129LC0X,HP 14S-DQ2xxx,2026-08,2026-08-01,2026-08-31,1799,1799,NO
INV-0265,56,Tekuncorked Aiiot Private Limited,TTSPL6951,BBBS3T3,Dell Latitude 7330,2026-08,2026-08-01,2026-08-31,3000,3000,NO
INV-0265,56,Tekuncorked Aiiot Private Limited,TTSPL3102,7Y1X573,Dell Latitude 5410,2026-08,2026-08-01,2026-08-31,1799,1799,NO
INV-0265,56,Tekuncorked Aiiot Private Limited,TTSPL4722,PF31PL74,Lenovo Thinkpad T14,2026-08,2026-08-01,2026-08-31,1799,1799,NO
INV-0265,56,Tekuncorked Aiiot Private Limited,TTSPL4845,24H70J3,Dell Latitude 5420,2026-08,2026-08-01,2026-08-31,2499,2499,NO
INV-0265,56,Tekuncorked Aiiot Private Limited,TTSPL6929,5BGT0T3,Dell Latitude 7330 (Touch),2026-08,2026-08-01,2026-08-31,3000,3000,NO
INV-0265,56,Tekuncorked Aiiot Private Limited,TTSPL4484,JVVQ6D3,Dell Latitude 5410,2026-08,2026-08-01,2026-08-31,1799,1799,NO
INV-0265,56,Tekuncorked Aiiot Private Limited,TTSPL4361,PC2830AS,Lenovo Thinkpad X-13,2026-08,2026-08-01,2026-08-31,1799,1799,NO
INV-0265,56,Tekuncorked Aiiot Private Limited,TTSPL2649,5CG2221MQS,HP 240 G8,2026-08,2026-08-01,2026-08-31,1799,1799,NO
INV-0265,56,Tekuncorked Aiiot Private Limited,TTSPL3229,6TV2KN3,Dell Latitude 5420,2026-08,2026-08-01,2026-08-31,1799,1799,NO
INV-0265,56,Tekuncorked Aiiot Private Limited,TTSPL5508,5CD437P9JS,HP Probook 450 G10,2026-08,2026-08-01,2026-08-31,3500,3500,NO
INV-0265,56,Tekuncorked Aiiot Private Limited,TTSPL7543,2MQ4490GJ1,HP EliteBook 640 14 inch G11 Notebook PC,2026-07,2026-07-28,2026-07-31,4999,645.03,YES
INV-0265,56,Tekuncorked Aiiot Private Limited,TTSPL7543,2MQ4490GJ1,HP EliteBook 640 14 inch G11 Notebook PC,2026-08,2026-08-01,2026-08-31,4999,4999,NO
INV-0265,56,Tekuncorked Aiiot Private Limited,TTSPL5060,PF56BCV4,Lenovo V14 (Gen 3),2026-08,2026-08-01,2026-08-31,3000,3000,NO
INV-0265,56,Tekuncorked Aiiot Private Limited,TTSPL6953,J4MCWT3,Dell Latitude 7330,2026-08,2026-08-01,2026-08-31,3000,3000,NO
INV-0265,56,Tekuncorked Aiiot Private Limited,TTSPL1009,2J2BZM2,Dell Latitude 7480,2026-08,2026-08-01,2026-08-31,1399,1399,NO
INV-0265,56,Tekuncorked Aiiot Private Limited,TTSPL6374,B0D7TT3,Dell Latitude 7330,2026-08,2026-08-01,2026-08-31,3000,3000,NO
INV-0265,56,Tekuncorked Aiiot Private Limited,TTSPL3789,3KTD693,Dell Latitude 5410,2026-08,2026-08-01,2026-08-31,1799,1799,NO
INV-0265,56,Tekuncorked Aiiot Private Limited,TTSPL4480,1PY4693,Dell Latitude 5410,2026-08,2026-08-01,2026-08-31,1799,1799,NO
INV-0265,56,Tekuncorked Aiiot Private Limited,TTSPL5053,PF56J8N5,Lenovo V14 (Gen 3),2026-08,2026-08-01,2026-08-31,3150,3150,NO
INV-0267,54,Prisha Insurance Brokers Pvt Ltd,TTSPL3775,D751P53,Dell Latitude 5410,2026-08,2026-08-01,2026-08-31,1699,1699,NO
INV-0267,54,Prisha Insurance Brokers Pvt Ltd,TTSPL3570,PC1NVVAJ,Lenovo Thinkpad X-13,2026-08,2026-08-01,2026-08-31,1699,1699,NO
INV-0267,54,Prisha Insurance Brokers Pvt Ltd,TTSPL4278,7498M53,Dell Latitude 5410,2026-08,2026-08-01,2026-08-31,1699,1699,NO
INV-0267,54,Prisha Insurance Brokers Pvt Ltd,TTSPL3005,29NYZ53,Dell Latitude 5410,2026-08,2026-08-01,2026-08-31,1699,1699,NO
INV-0246,61,NOTUS SERVICES PRIVATE LIMITED,TTSPL4962,PC1GXHXW,Lenovo Thinkpad T490s,2026-08,2026-08-01,2026-08-31,1299,1299,NO
INV-0246,61,NOTUS SERVICES PRIVATE LIMITED,TTSPL6722,4H6BC63,Dell Latitude 3410,2026-08,2026-08-01,2026-08-31,1999,1999,NO
INV-0246,61,NOTUS SERVICES PRIVATE LIMITED,TTSPL4958,PC1DFHG7,Lenovo Thinkpad T490s,2026-08,2026-08-01,2026-08-31,1599,1599,NO
INV-0246,61,NOTUS SERVICES PRIVATE LIMITED,TTSPL4456,PC28VSNX,Lenovo Thinkpad X-13,2026-08,2026-08-01,2026-08-31,1999,1999,NO
INV-0246,61,NOTUS SERVICES PRIVATE LIMITED,TTSPL5670,6GTZP13,Dell Latitude 5400,2026-08,2026-08-01,2026-08-31,1299,1299,NO
INV-0246,61,NOTUS SERVICES PRIVATE LIMITED,TTSPL6324,90PXVM3,Dell Latitude 5420,2026-08,2026-08-01,2026-08-31,2999,2999,NO
INV-0246,61,NOTUS SERVICES PRIVATE LIMITED,TTSPL5425,CLSYVZ2,Dell Latitude 3400,2026-08,2026-08-01,2026-08-31,1299,1299,NO
INV-0246,61,NOTUS SERVICES PRIVATE LIMITED,,PG02Y0BH,Lenovo Thinkpad E14 (Gen 2),2026-08,2026-08-01,2026-08-31,1800,1800,NO
INV-0246,61,NOTUS SERVICES PRIVATE LIMITED,TTSPL3843,2TK902028D,HP Probook 640 G4,2026-08,2026-08-01,2026-08-31,1299,1299,NO
INV-0246,61,NOTUS SERVICES PRIVATE LIMITED,TTSPL5249,PF1DUH1Z,Lenovo Thinkpad T490,2026-08,2026-08-01,2026-08-31,1299,1299,NO
INV-0246,61,NOTUS SERVICES PRIVATE LIMITED,TTSPL4923,PC16249V,Lenovo Thinkpad T480s,2026-08,2026-08-01,2026-08-31,1299,1299,NO
INV-0246,61,NOTUS SERVICES PRIVATE LIMITED,TTSPL4953,PC164BEW,Lenovo Thinkpad T480s,2026-08,2026-08-01,2026-08-31,1299,1299,NO
INV-0246,61,NOTUS SERVICES PRIVATE LIMITED,TTSPL5064,PC164BDD,Lenovo Thinkpad T480s,2026-08,2026-08-01,2026-08-31,1299,1299,NO
INV-0246,61,NOTUS SERVICES PRIVATE LIMITED,TTSPL4925,PC15N2EF,Lenovo Thinkpad T480s,2026-08,2026-08-01,2026-08-31,1299,1299,NO
INV-0246,61,NOTUS SERVICES PRIVATE LIMITED,TTSPL4903,BMQ72X2,Dell Latitude 5490,2026-08,2026-08-01,2026-08-31,1299,1299,NO
INV-0246,61,NOTUS SERVICES PRIVATE LIMITED,TTSPL4907,PC164BK4,Lenovo Thinkpad T480s,2026-08,2026-08-01,2026-08-31,1299,1299,NO
INV-0246,61,NOTUS SERVICES PRIVATE LIMITED,TTSPL6583,5CD101G0N6,HP Probook 430 G8,2026-08,2026-08-01,2026-08-31,1999,1999,NO
INV-0246,61,NOTUS SERVICES PRIVATE LIMITED,TTSPL4710,PF31M1Z4,Lenovo Thinkpad T14,2026-08,2026-08-01,2026-08-31,1999,1999,NO
INV-0335,137,BMRV Engineering Consultants LLP,TTSPL7278,R913GZG6,Lenovo Thinkpad L13,2026-08,2026-08-01,2026-08-31,2199,2199,NO
INV-0335,137,BMRV Engineering Consultants LLP,TTSPL3785,4JYQ793,Dell Latitude 5410,2026-08,2026-08-01,2026-08-31,1699,1699,NO
INV-0335,137,BMRV Engineering Consultants LLP,TTSPL7181,R913GZCJ,Lenovo Thinkpad L13,2026-08,2026-08-01,2026-08-31,2199,2199,NO
INV-0335,137,BMRV Engineering Consultants LLP,TTSPL5068,46R76J3,Dell Latitude 5420,2026-08,2026-08-01,2026-08-31,1699,1699,NO
INV-0335,137,BMRV Engineering Consultants LLP,TTSPL7226,R913GZ3E,Lenovo Thinkpad L13,2026-08,2026-08-01,2026-08-31,2199,2199,NO
INV-0335,137,BMRV Engineering Consultants LLP,TTSPL6568,5CD112KFHX,HP Probook 440 G8,2026-07,2026-07-07,2026-07-31,2199,1773.39,YES
INV-0335,137,BMRV Engineering Consultants LLP,TTSPL6568,5CD112KFHX,HP Probook 440 G8,2026-08,2026-08-01,2026-08-31,2199,2199,NO
INV-0335,137,BMRV Engineering Consultants LLP,TTSPL5826,DZQD2B3,Dell Latitude 3420,2026-08,2026-08-01,2026-08-31,2400,2400,NO
INV-0335,137,BMRV Engineering Consultants LLP,TTSPL2988,JBQF2F3,Dell Latitude 5411,2026-08,2026-08-01,2026-08-31,1699,1699,NO
INV-0335,137,BMRV Engineering Consultants LLP,TTSPL6186,PF241R3A,Lenovo Thinkpad T14,2026-08,2026-08-01,2026-08-31,1699,1699,NO
INV-0335,137,BMRV Engineering Consultants LLP,TTSPL6901,PF1VL76Y,Lenovo Thinkpad T14,2026-08,2026-08-01,2026-08-31,1699,1699,NO
INV-0335,137,BMRV Engineering Consultants LLP,TTSPL4554,J2WJ6J3,Dell Latitude 5420,2026-08,2026-08-01,2026-08-31,1699,1699,NO
INV-0335,137,BMRV Engineering Consultants LLP,TTSPL6576,5CD112KG3G,HP Probook 440 G8,2026-08,2026-08-01,2026-08-31,2199,2199,NO
INV-0335,137,BMRV Engineering Consultants LLP,TTSPL7152,R913EBXH,Lenovo Thinkpad L13,2026-08,2026-08-01,2026-08-31,2199,2199,NO
INV-0312,75,Power Parts Pvt. Ltd.,TTSPL2449,FCC8TT2,Dell Latitude 5490,2026-08,2026-08-01,2026-08-31,2290,2290,NO
INV-0312,75,Power Parts Pvt. Ltd.,TTSPL2596,9JV6YH3,Dell Vostro 3500,2026-08,2026-08-01,2026-08-31,2499,2499,NO
INV-0336,78,DELPHI INFOTECH PRIVATE LIMITED,TTSPL5315,H8J7JW2,Dell Latitude 5300,2026-08,2026-08-01,2026-08-31,1399,1399,NO
INV-0212,127,Elysium Labs Pvt Ltd,TTSPL3647,3Y79SQ2,Dell Latitude 7490,2026-08,2026-08-01,2026-08-31,1499,1499,NO
INV-0212,127,Elysium Labs Pvt Ltd,TTSPL3629,1LYX4Q2,Dell Latitude 7490,2026-08,2026-08-01,2026-08-31,1499,1499,NO
INV-0212,127,Elysium Labs Pvt Ltd,TTSPL2453,1BH18S2,Dell Latitude 5490,2026-08,2026-08-01,2026-08-31,1499,1499,NO
INV-0212,127,Elysium Labs Pvt Ltd,TTSPL3238,PF26LR6Y,T-490,2026-08,2026-08-01,2026-08-31,1499,1499,NO
INV-0212,127,Elysium Labs Pvt Ltd,TTSPL7491,5CG0278J5D,HP ProBook 640 G5,2026-07,2026-07-23,2026-07-31,1499,435.19,YES
INV-0212,127,Elysium Labs Pvt Ltd,TTSPL7491,5CG0278J5D,HP ProBook 640 G5,2026-08,2026-08-01,2026-08-31,1499,1499,NO
INV-0212,127,Elysium Labs Pvt Ltd,TTSPL7515,9WVZ2F3,Latitude 5420,2026-07,2026-07-29,2026-07-31,1999,193.45,YES
INV-0212,127,Elysium Labs Pvt Ltd,TTSPL7515,9WVZ2F3,Latitude 5420,2026-08,2026-08-01,2026-08-31,1999,1999,NO
INV-0212,127,Elysium Labs Pvt Ltd,TTSPL7447,GLC4QN3,Latitude 5420,2026-08,2026-08-01,2026-08-31,1499,1499,NO
INV-0212,127,Elysium Labs Pvt Ltd,TTSPL6255,DFTM763,Dell Latitude 3410,2026-07,2026-07-10,2026-07-31,1499,1063.81,YES
INV-0212,127,Elysium Labs Pvt Ltd,TTSPL6255,DFTM763,Dell Latitude 3410,2026-08,2026-08-01,2026-08-31,1499,1499,NO
INV-0212,127,Elysium Labs Pvt Ltd,TTSPL6329,4CP1T93,Dell Latitude 3410,2026-07,2026-07-17,2026-07-31,1499,725.32,YES
INV-0212,127,Elysium Labs Pvt Ltd,TTSPL6329,4CP1T93,Dell Latitude 3410,2026-08,2026-08-01,2026-08-31,1499,1499,NO
INV-0212,127,Elysium Labs Pvt Ltd,TTSPL3398,8DNLMV2,Dell Latitude 7490,2026-08,2026-08-01,2026-08-31,1499,1499,NO
INV-0212,127,Elysium Labs Pvt Ltd,TTSPL4794,8F7F1J3,Dell Latitude 5420,2026-08,2026-08-01,2026-08-31,4000,4000,NO
INV-0212,127,Elysium Labs Pvt Ltd,TTSPL4440,PF2AK864,Lenovo Thinkpad L14,2026-08,2026-08-01,2026-08-31,1499,1499,NO
INV-0212,127,Elysium Labs Pvt Ltd,TTSPL6671_A,GLSZP13_A,Dell Latitude 5400,2026-08,2026-08-01,2026-08-31,1499,1499,NO
INV-0212,127,Elysium Labs Pvt Ltd,TTSPL3085,FV9JHR2,Dell Latitude 7490,2026-08,2026-08-01,2026-08-31,1499,1499,NO
INV-0212,127,Elysium Labs Pvt Ltd,TTSPL3632,795SQN2,Dell Latitude 7490,2026-08,2026-08-01,2026-08-31,1499,1499,NO
INV-0212,127,Elysium Labs Pvt Ltd,TTSPL3227,328R0Z2,Dell Latitude 7400,2026-08,2026-08-01,2026-08-31,1499,1499,NO
INV-0212,127,Elysium Labs Pvt Ltd,TTSPL3425,H1QVXT2,Dell Latitude 7490,2026-08,2026-08-01,2026-08-31,1499,1499,NO
INV-0212,127,Elysium Labs Pvt Ltd,TTSPL2330,F0B3RV2,Dell Latitude 5490,2026-08,2026-08-01,2026-08-31,1499,1499,NO
INV-0212,127,Elysium Labs Pvt Ltd,TTSPL4921,PC15YPA7,Lenovo Thinkpad T480s,2026-08,2026-08-01,2026-08-31,1499,1499,NO
INV-0212,127,Elysium Labs Pvt Ltd,TTSPL6940,T9NRCX06F360399,Asus TUF Gaming A15,2026-08,2026-08-01,2026-08-31,6000,6000,NO
INV-0212,127,Elysium Labs Pvt Ltd,TTSPL4894,FVFGL7NVQ05N,Apple Macbook Pro,2026-08,2026-08-01,2026-08-31,4499,4499,NO
INV-0212,127,Elysium Labs Pvt Ltd,TTSPL3392,2J9F4Q2,Dell Latitude 5490,2026-08,2026-08-01,2026-08-31,1499,1499,NO
INV-0212,127,Elysium Labs Pvt Ltd,TTSPL3393,45FZTT2,Dell Latitude 5490,2026-08,2026-08-01,2026-08-31,1499,1499,NO
INV-0212,127,Elysium Labs Pvt Ltd,TTSPL6509,5TKG463,Dell Latitude 3410,2026-08,2026-08-01,2026-08-31,1499,1499,NO
INV-0212,127,Elysium Labs Pvt Ltd,TTSPL6236,J0Q1T93,Dell Latitude 3410,2026-08,2026-08-01,2026-08-31,1499,1499,NO
INV-0245,81,RASAYANAM NUTRIPHARM PRIVATE LIMITED,TTSPL4858,T3NRCX01V05912C,Asus TUF Gaming A15,2026-08,2026-08-01,2026-08-31,4999,4999,NO
INV-0225,82,RealVibe digital media pvt ltd,TTSPL4885,SCNRCX03X59651C,Asus TUF Gaming A15,2026-08,2026-08-01,2026-08-31,4799,4799,NO
INV-0225,82,RealVibe digital media pvt ltd,TTSPL5023,T4NRCX04U10418E,Asus TUF Gaming A15,2026-08,2026-08-01,2026-08-31,4799,4799,NO
INV-0241,85,TENSOR LOGISTICS PRIVATE LIMITED,TTSPL3146,PF224VS6,T-490,2026-08,2026-08-01,2026-08-31,1499,1499,NO
INV-0241,85,TENSOR LOGISTICS PRIVATE LIMITED,TTSPL2803,G7B06H2,Dell Latitude 7470,2026-08,2026-08-01,2026-08-31,1299,1299,NO
INV-0241,85,TENSOR LOGISTICS PRIVATE LIMITED,TTSPL3126,PF1CYERX,Lenovo Thinkpad T490 (Touchscreen),2026-08,2026-08-01,2026-08-31,1399,1399,NO
INV-0241,85,TENSOR LOGISTICS PRIVATE LIMITED,TTSPL3179,PF2284XE,Lenovo Thinkpad T490 (Touchscreen),2026-08,2026-08-01,2026-08-31,1699,1699,NO
INV-0241,85,TENSOR LOGISTICS PRIVATE LIMITED,TTSPL5769,3S64JL3,Dell Latitude 3420,2026-08,2026-08-01,2026-08-31,1700,1700,NO
INV-0241,85,TENSOR LOGISTICS PRIVATE LIMITED,TTSPL4701,PF31NYN8,Lenovo Thinkpad T14,2026-08,2026-08-01,2026-08-31,1799,1799,NO
INV-0241,85,TENSOR LOGISTICS PRIVATE LIMITED,TTSPL3815,4TRFVT2,Dell Latitude 7490,2026-08,2026-08-01,2026-08-31,1399,1399,NO
INV-0241,85,TENSOR LOGISTICS PRIVATE LIMITED,TTSPL1781,JPH8103HVL,HP Elitebook 820 G3,2026-08,2026-08-01,2026-08-31,1299,1299,NO
INV-0224,88,RITU DAVID CONSULTING,TTSPL6428,T7NRCX062662307,Asus TUF Gaming A15,2026-08,2026-08-01,2026-08-31,5999,5999,NO
INV-0224,88,RITU DAVID CONSULTING,TTSPL7343,2TK25009FP,HP ELITEBOOK 640 G9,2026-08,2026-08-01,2026-08-31,2799,2799,NO
INV-0224,88,RITU DAVID CONSULTING,TTSPL6044,DHNQ9462HG,Apple Macbook Air,2026-08,2026-08-01,2026-08-31,5799,5799,NO
INV-0224,88,RITU DAVID CONSULTING,TTSPL7011,5CG208B0HZ,HP Elitebook 840 G8,2026-08,2026-08-01,2026-08-31,3399,3399,NO
INV-0224,88,RITU DAVID CONSULTING,TTSPL5510,5CD4407S8T,HP Probook 450 G10,2026-08,2026-08-01,2026-08-31,3999,3999,NO
INV-0224,88,RITU DAVID CONSULTING,TTSPL7357,CX450Q0YFJ,Apple Macbook Pro,2026-07,2026-07-13,2026-07-31,12999,7967.13,YES
INV-0224,88,RITU DAVID CONSULTING,TTSPL7357,CX450Q0YFJ,Apple Macbook Pro,2026-08,2026-08-01,2026-08-31,12999,12999,NO
INV-0224,88,RITU DAVID CONSULTING,TTSPL2082,FVFGW781Q05D,Apple Macbook Pro,2026-07,2026-07-24,2026-07-31,4999,1290.06,YES
INV-0224,88,RITU DAVID CONSULTING,TTSPL2082,FVFGW781Q05D,Apple Macbook Pro,2026-08,2026-08-01,2026-08-31,4999,4999,NO
INV-0224,88,RITU DAVID CONSULTING,TTSPL6927,CSVH3T3,Dell Latitude 7330 (Touch),2026-08,2026-08-01,2026-08-31,3799,3799,NO
INV-0224,88,RITU DAVID CONSULTING,TTSPL5509,5CD4407S98,HP Probook 450 G10,2026-08,2026-08-01,2026-08-31,3999,3999,NO
INV-0224,88,RITU DAVID CONSULTING,TTSPL5717,C633JL3,Dell Latitude 3420,2026-08,2026-08-01,2026-08-31,1999,1999,NO
INV-0224,88,RITU DAVID CONSULTING,TTSPL5274,PG02Y0D0,Lenovo Thinkpad E14 (Gen 2),2026-08,2026-08-01,2026-08-31,1999,1999,NO
INV-0290,93,WICK AUTOMATION LLP,TTSPL3666,7GNPVP2,Dell Latitude 7490,2026-08,2026-08-01,2026-08-31,999,999,NO
INV-0290,93,WICK AUTOMATION LLP,TTSPL5399,6C5X8D3,Dell Latitude 5420,2026-08,2026-08-01,2026-08-31,1599,1599,NO
INV-0290,93,WICK AUTOMATION LLP,TTSPL6089,93ZBRG3,Dell Latitude 3420,2026-08,2026-08-01,2026-08-31,1599,1599,NO
INV-0290,93,WICK AUTOMATION LLP,TTSPL3482,5WSXYD3,Dell Latitude 5420,2026-08,2026-08-01,2026-08-31,1999,1999,NO
INV-0290,93,WICK AUTOMATION LLP,TTSPL5470,PG02WAB7,Lenovo Thinkbook 14 (Gen2),2026-08,2026-08-01,2026-08-31,1599,1599,NO
INV-0290,93,WICK AUTOMATION LLP,TTSPL6445,BCP6V93,Dell Latitude 3410,2026-08,2026-08-01,2026-08-31,1599,1599,NO
INV-0290,93,WICK AUTOMATION LLP,TTSPL6265,J3F2QG3,Dell Latitude 3420,2026-08,2026-08-01,2026-08-31,1599,1599,NO
INV-0235,120,ANTINO LABS PRIVATE LIMITED,TTSPL4483,29ZTZ33,Dell Latitude 5410,2026-08,2026-08-01,2026-08-31,1799,1799,NO
INV-0235,120,ANTINO LABS PRIVATE LIMITED,TTSPL4559,3J0C3F3,Dell Latitude 5420,2026-08,2026-08-01,2026-08-31,1799,1799,NO
INV-0235,120,ANTINO LABS PRIVATE LIMITED,TTSPL6535,F7QS103,Dell Latitude 3410,2026-08,2026-08-01,2026-08-31,1799,1799,NO
INV-0235,120,ANTINO LABS PRIVATE LIMITED,TTSPL1942,C02G84DNQ6L4,Apple Macbook Pro,2026-08,2026-08-01,2026-08-31,0,0,NO
INV-0235,120,ANTINO LABS PRIVATE LIMITED,TTSPL2010,8R50PF2,Dell Latitude 5490,2026-08,2026-08-01,2026-08-31,1700,1700,NO
INV-0235,120,ANTINO LABS PRIVATE LIMITED,TTSPL5276,PG02SKAG,Lenovo Thinkpad E14 (Gen 2),2026-08,2026-08-01,2026-08-31,1799,1799,NO
INV-0235,120,ANTINO LABS PRIVATE LIMITED,TTSPL4718,PF32J3TX,Lenovo Thinkpad T14,2026-08,2026-08-01,2026-08-31,1799,1799,NO
INV-0235,120,ANTINO LABS PRIVATE LIMITED,TTSPL4487,F3V61F3..,Dell Latitude 5420,2026-08,2026-08-01,2026-08-31,1799,1799,NO
INV-0235,120,ANTINO LABS PRIVATE LIMITED,TTSPL4681,PF31M1QF,Lenovo Thinkpad T14 (Touchscreen),2026-08,2026-08-01,2026-08-31,1799,1799,NO
INV-0235,120,ANTINO LABS PRIVATE LIMITED,TTSPL6091,5JRD2B3,Dell Latitude 3420,2026-08,2026-08-01,2026-08-31,1800,1800,NO
INV-0235,120,ANTINO LABS PRIVATE LIMITED,TTSPL6488,46SM763,Dell Latitude 3410,2026-08,2026-08-01,2026-08-31,1799,1799,NO
INV-0235,120,ANTINO LABS PRIVATE LIMITED,TTSPL6780,8PN6V93,Dell Latitude 3410,2026-08,2026-08-01,2026-08-31,1799,1799,NO
INV-0235,120,ANTINO LABS PRIVATE LIMITED,TTSPL3553,PC1NVVAG,Lenovo Thinkpad X-13,2026-08,2026-08-01,2026-08-31,2590,2590,NO
INV-0235,120,ANTINO LABS PRIVATE LIMITED,TTSPL4405,PF262ZAD,Lenovo Thinkpad T490,2026-08,2026-08-01,2026-08-31,1999,1999,NO
INV-0235,120,ANTINO LABS PRIVATE LIMITED,TTSPL3625,48C15Q2,Dell Latitude 7490,2026-08,2026-08-01,2026-08-31,1700,1700,NO
INV-0235,120,ANTINO LABS PRIVATE LIMITED,TTSPL4422,PF1W7WHX,Lenovo Thinkpad T490,2026-08,2026-08-01,2026-08-31,1999,1999,NO
INV-0235,120,ANTINO LABS PRIVATE LIMITED,TTSPL4536,HPX86J3,Dell Latitude 5420,2026-08,2026-08-01,2026-08-31,1799,1799,NO
INV-0235,120,ANTINO LABS PRIVATE LIMITED,TTSPL4547,3T5VXD3,Dell Latitude 5420,2026-08,2026-08-01,2026-08-31,1799,1799,NO
INV-0235,120,ANTINO LABS PRIVATE LIMITED,TTSPL5822,61RD2B3,Dell Latitude 3420,2026-08,2026-08-01,2026-08-31,1700,1700,NO
INV-0235,120,ANTINO LABS PRIVATE LIMITED,TTSPL6569,5CD101G0NJ,HP Probook 430 G8,2026-08,2026-08-01,2026-08-31,1799,1799,NO
INV-0235,120,ANTINO LABS PRIVATE LIMITED,TTSPL4747,H3060J3,Dell Latitude 5420,2026-08,2026-08-01,2026-08-31,2300,2300,NO
INV-0235,120,ANTINO LABS PRIVATE LIMITED,TTSPL4331,PF2R3CTN,Lenovo Thinkpad T14,2026-08,2026-08-01,2026-08-31,1999,1999,NO
INV-0235,120,ANTINO LABS PRIVATE LIMITED,TTSPL5344,JXFQHG3,Dell Latitude 3420,2026-08,2026-08-01,2026-08-31,1799,1799,NO
INV-0235,120,ANTINO LABS PRIVATE LIMITED,TTSPL5382,J6WH1J3,Dell Latitude 5420,2026-08,2026-08-01,2026-08-31,1999,1999,NO
INV-0235,120,ANTINO LABS PRIVATE LIMITED,TTSPL6325,9HQJ2J3,Dell Latitude 5420,2026-08,2026-08-01,2026-08-31,2499,2499,NO
INV-0235,120,ANTINO LABS PRIVATE LIMITED,TTSPL6763,7S97XD3,Latitude 7420,2026-07,2026-07-21,2026-07-31,2800,993.55,YES
INV-0235,120,ANTINO LABS PRIVATE LIMITED,TTSPL6763,7S97XD3,Latitude 7420,2026-08,2026-08-01,2026-08-31,2800,2800,NO
INV-0235,120,ANTINO LABS PRIVATE LIMITED,TTSPL4482,DY05DB3,Dell Latitude 5410,2026-08,2026-08-01,2026-08-31,1799,1799,NO
INV-0235,120,ANTINO LABS PRIVATE LIMITED,TTSPL4529,7Z1Y7C3,Dell Latitude 5420,2026-08,2026-08-01,2026-08-31,1799,1799,NO
INV-0235,120,ANTINO LABS PRIVATE LIMITED,TTSPL6003,4LXR9V3,Dell Latitude 5420,2026-08,2026-08-01,2026-08-31,1799,1799,NO
INV-0235,120,ANTINO LABS PRIVATE LIMITED,TTSPL4418,PF2BTC44,Lenovo Thinkpad T490,2026-08,2026-08-01,2026-08-31,1999,1999,NO
INV-0235,120,ANTINO LABS PRIVATE LIMITED,TTSPL6475,99RM763,Dell Latitude 3410,2026-08,2026-08-01,2026-08-31,1799,1799,NO
INV-0235,120,ANTINO LABS PRIVATE LIMITED,TTSPL6359,BZ76HK3,Dell Latitude 5420,2026-08,2026-08-01,2026-08-31,1949,1949,NO
INV-0235,120,ANTINO LABS PRIVATE LIMITED,TTSPL4725,PF33ESYC,Lenovo Thinkpad T14,2026-08,2026-08-01,2026-08-31,1799,1799,NO
INV-0235,120,ANTINO LABS PRIVATE LIMITED,TTSPL4421,PF261TLZ,Lenovo Thinkpad T490,2026-08,2026-08-01,2026-08-31,1999,1999,NO
INV-0235,120,ANTINO LABS PRIVATE LIMITED,TTSPL4720,PF32GQ0N,Lenovo Thinkpad T14,2026-08,2026-08-01,2026-08-31,1799,1799,NO
INV-0235,120,ANTINO LABS PRIVATE LIMITED,TTSPL4534,BSNC6D3,Dell Latitude 5420,2026-08,2026-08-01,2026-08-31,1799,1799,NO
INV-0235,120,ANTINO LABS PRIVATE LIMITED,TTSPL6455,8SKG463,Dell Latitude 3410,2026-08,2026-08-01,2026-08-31,1799,1799,NO
INV-0235,120,ANTINO LABS PRIVATE LIMITED,TTSPL6306,DRN4HK3,Dell Latitude 5420,2026-08,2026-08-01,2026-08-31,1999,1999,NO
INV-0235,120,ANTINO LABS PRIVATE LIMITED,TTSPL6389,PG02HTZE,Lenovo Thinkpad E-14 Gen 2,2026-08,2026-08-01,2026-08-31,1799,1799,NO
INV-0235,120,ANTINO LABS PRIVATE LIMITED,TTSPL4544,8VFK7C3,Dell Latitude 5420,2026-08,2026-08-01,2026-08-31,1799,1799,NO
INV-0235,120,ANTINO LABS PRIVATE LIMITED,TTSPL4413,PF25PVJW,Lenovo Thinkpad T490,2026-08,2026-08-01,2026-08-31,1999,1999,NO
INV-0235,120,ANTINO LABS PRIVATE LIMITED,TTSPL4533,7SZ22F3,Dell Latitude 5420,2026-08,2026-08-01,2026-08-31,1799,1799,NO
INV-0235,120,ANTINO LABS PRIVATE LIMITED,TTSPL6243,CGTM763,Dell Latitude 3410,2026-08,2026-08-01,2026-08-31,1949,1949,NO
INV-0235,120,ANTINO LABS PRIVATE LIMITED,TTSPL1920,F2PWHR2,Dell Latitude 7490,2026-08,2026-08-01,2026-08-31,1700,1700,NO
INV-0235,120,ANTINO LABS PRIVATE LIMITED,TTSPL6434,3CPXVM3,Dell Latitude 5420,2026-08,2026-08-01,2026-08-31,1949,1949,NO
INV-0235,120,ANTINO LABS PRIVATE LIMITED,TTSPL6351,JZNXVM3,Dell Latitude 5420,2026-08,2026-08-01,2026-08-31,1999,1999,NO
INV-0235,120,ANTINO LABS PRIVATE LIMITED,TTSPL6288,CW23C63,Dell Latitude 3410,2026-08,2026-08-01,2026-08-31,1799,1799,NO
INV-0235,120,ANTINO LABS PRIVATE LIMITED,TTSPL4615,54LRXD3,Dell Latitude 5420 (Touch Screen),2026-08,2026-08-01,2026-08-31,2300,2300,NO
INV-0235,120,ANTINO LABS PRIVATE LIMITED,TTSPL5153,PF20G752,Lenovo Thinkpad T14,2026-08,2026-08-01,2026-08-31,1799,1799,NO
INV-0235,120,ANTINO LABS PRIVATE LIMITED,TTSPL5156,PF35W1YV,Lenovo Thinkpad T14,2026-08,2026-08-01,2026-08-31,1900,1900,NO
INV-0235,120,ANTINO LABS PRIVATE LIMITED,TTSPL6831,5CG213217N,HP Elitebook 840 G8,2026-08,2026-08-01,2026-08-31,1799,1799,NO
INV-0235,120,ANTINO LABS PRIVATE LIMITED,TTSPL4541,JS1F6D3,Dell Latitude 5420,2026-08,2026-08-01,2026-08-31,1799,1799,NO
INV-0235,120,ANTINO LABS PRIVATE LIMITED,TTSPL4566,99418C3,Dell Latitude 5420,2026-08,2026-08-01,2026-08-31,1799,1799,NO
INV-0235,120,ANTINO LABS PRIVATE LIMITED,TTSPL4680,PF31AYQK,Lenovo Thinkpad T14 (Touchscreen),2026-08,2026-08-01,2026-08-31,1799,1799,NO
INV-0235,120,ANTINO LABS PRIVATE LIMITED,TTSPL4703,PF3550R7,Lenovo Thinkpad T14,2026-08,2026-08-01,2026-08-31,1799,1799,NO
INV-0235,120,ANTINO LABS PRIVATE LIMITED,TTSPL4491,6JHY2F3,Dell Latitude 5420,2026-08,2026-08-01,2026-08-31,1799,1799,NO
INV-0235,120,ANTINO LABS PRIVATE LIMITED,TTSPL4679,PF32G0WL,Lenovo Thinkpad T14 (Touchscreen),2026-08,2026-08-01,2026-08-31,1799,1799,NO
INV-0235,120,ANTINO LABS PRIVATE LIMITED,TTSPL2194,C5W5NF2,Dell Latitude 5490,2026-08,2026-08-01,2026-08-31,1700,1700,NO
INV-0235,120,ANTINO LABS PRIVATE LIMITED,TTSPL3631,90T9SQ2,Dell Latitude 7490,2026-08,2026-08-01,2026-08-31,1800,1800,NO
INV-0235,120,ANTINO LABS PRIVATE LIMITED,TTSPL4723,PF32GGMJ,Lenovo Thinkpad T14,2026-08,2026-08-01,2026-08-31,1799,1799,NO
INV-0235,120,ANTINO LABS PRIVATE LIMITED,TTSPL4708,PF31NWXH,Lenovo Thinkpad T14,2026-08,2026-08-01,2026-08-31,1999,1999,NO
INV-0235,120,ANTINO LABS PRIVATE LIMITED,TTSPL6798,1XKG6G3,Dell Latitude 5420,2026-08,2026-08-01,2026-08-31,2699,2699,NO
INV-0235,120,ANTINO LABS PRIVATE LIMITED,TTSPL5956,PC1X7FYD,Lenovo Thinkpad T14s,2026-08,2026-08-01,2026-08-31,1799,1799,NO
INV-0235,120,ANTINO LABS PRIVATE LIMITED,TTSPL6257,1NR1T93,Dell Latitude 3410,2026-08,2026-08-01,2026-08-31,1799,1799,NO
INV-0235,120,ANTINO LABS PRIVATE LIMITED,TTSPL6337,6WN5V93,Dell Latitude 3410,2026-08,2026-08-01,2026-08-31,1799,1799,NO
INV-0357,106,RHOPHI ANALYTICS LLP (Punjab),TTSPL4317,G49QKGJDPQ,Apple Macbook Air,2026-08,2026-08-01,2026-08-31,5499,5499,NO
INV-0357,106,RHOPHI ANALYTICS LLP (Punjab),TTSPL4567,GFQW49XJN3,Apple Macbook Air,2026-08,2026-08-01,2026-08-31,5999,5999,NO
INV-0357,106,RHOPHI ANALYTICS LLP (Punjab),TTSPL5452,HWGG44JVX3,Apple Macbook Pro,2026-08,2026-08-01,2026-08-31,8999,8999,NO
INV-0357,106,RHOPHI ANALYTICS LLP (Punjab),TTSPL7354,LRRVYDJRW0,Apple MacBook Air,2026-08,2026-08-01,2026-08-31,6999,6999,NO
INV-0357,106,RHOPHI ANALYTICS LLP (Punjab),TTSPL3676,FVFHGAPLQ05D,Apple Macbook Pro,2026-08,2026-08-01,2026-08-31,5499,5499,NO
INV-0357,106,RHOPHI ANALYTICS LLP (Punjab),TTSPL3890,FVFDVDEPQ05D,Apple Macbook Pro,2026-08,2026-08-01,2026-08-31,3999,3999,NO
INV-0357,106,RHOPHI ANALYTICS LLP (Punjab),TTSPL6947,C6V6XXN2Q0,Apple MacBook Air,2026-08,2026-08-01,2026-08-31,5499,5499,NO
INV-0357,106,RHOPHI ANALYTICS LLP (Punjab),TTSPL4318,K2Q74HYH27,Apple Macbook Air,2026-08,2026-08-01,2026-08-31,5499,5499,NO
INV-0357,106,RHOPHI ANALYTICS LLP (Punjab),TTSPL5854,CQ0LH6K5WH,Apple Macbook Pro,2026-08,2026-08-01,2026-08-31,8999,8999,NO
INV-0357,106,RHOPHI ANALYTICS LLP (Punjab),TTSPL3215,K9J9L39W7Q,Apple Macbook Pro,2026-08,2026-08-01,2026-08-31,6999,6999,NO
INV-0357,106,RHOPHI ANALYTICS LLP (Punjab),TTSPL6980,K52N4GJJVQ,Apple Macbook Pro,2026-08,2026-08-01,2026-08-31,10000,10000,NO
INV-0357,106,RHOPHI ANALYTICS LLP (Punjab),TTSPL6000,GW3P0CXW2J,Apple Macbook Air,2026-08,2026-08-01,2026-08-31,5499,5499,NO
INV-0357,106,RHOPHI ANALYTICS LLP (Punjab),TTSPL4428,CYQJ4V1W2R,Apple Macbook Air,2026-08,2026-08-01,2026-08-31,5499,5499,NO
INV-0357,106,RHOPHI ANALYTICS LLP (Punjab),TTSPL6952,2GKR0T3,Dell Latitude 7330,2026-08,2026-08-01,2026-08-31,3999,3999,NO
INV-0357,106,RHOPHI ANALYTICS LLP (Punjab),TTSPL3175,FVFDRBDYQ05D,Apple Macbook Pro,2026-08,2026-08-01,2026-08-31,5499,5499,NO
INV-0357,106,RHOPHI ANALYTICS LLP (Punjab),TTSPL4008,CND1234MCM,HP Elitebook X360 1040 G8,2026-08,2026-08-01,2026-08-31,3999,3999,NO
INV-0357,106,RHOPHI ANALYTICS LLP (Punjab),TTSPL7355,F1YYYN77YF,Apple MacBook Air,2026-08,2026-08-01,2026-08-31,6999,6999,NO
INV-0357,106,RHOPHI ANALYTICS LLP (Punjab),TTSPL4316,KWJN07F9JW,Apple Macbook Air,2026-08,2026-08-01,2026-08-31,5499,5499,NO
INV-0357,106,RHOPHI ANALYTICS LLP (Punjab),TTSPL5533,L19YPTQYF0,Apple Macbook Air,2026-08,2026-08-01,2026-08-31,5499,5499,NO
INV-0357,106,RHOPHI ANALYTICS LLP (Punjab),TTSPL2356,FVFGW7NQQ05D,Apple Macbook Pro,2026-08,2026-08-01,2026-08-31,4999,4999,NO
INV-0357,106,RHOPHI ANALYTICS LLP (Punjab),TTSPL6019,F764GD4PHF,Apple Macbook Air,2026-08,2026-08-01,2026-08-31,5499,5499,NO
INV-0357,106,RHOPHI ANALYTICS LLP (Punjab),TTSPL6945,L7J5QVK6C7,Apple MacBook Air,2026-08,2026-08-01,2026-08-31,5499,5499,NO
INV-0357,106,RHOPHI ANALYTICS LLP (Punjab),TTSPL7016,D37HHX4C6P,Apple Macbook Pro,2026-08,2026-08-01,2026-08-31,10000,10000,NO
INV-0357,106,RHOPHI ANALYTICS LLP (Punjab),TTSPL7364,2TK24709PP,HP ELITEBOOK 640 G9,2026-08,2026-08-01,2026-08-31,3999,3999,NO
INV-0357,106,RHOPHI ANALYTICS LLP (Punjab),TTSPL7539,FC41GC6JM6,"Mac17,3",2026-07,2026-07-23,2026-07-31,8499,2467.45,YES
INV-0357,106,RHOPHI ANALYTICS LLP (Punjab),TTSPL7539,FC41GC6JM6,"Mac17,3",2026-08,2026-08-01,2026-08-31,8499,8499,NO
INV-0357,106,RHOPHI ANALYTICS LLP (Punjab),TTSPL2891,C02GQ1LXQ05D,Apple Macbook Pro,2026-08,2026-08-01,2026-08-31,4999,4999,NO
INV-0357,106,RHOPHI ANALYTICS LLP (Punjab),TTSPL2812,XJ63QP179Q,Apple Macbook Pro,2026-08,2026-08-01,2026-08-31,5499,5499,NO
INV-0357,106,RHOPHI ANALYTICS LLP (Punjab),TTSPL6689,5VRD2B3,Dell Latitude 3420,2026-08,2026-08-01,2026-08-31,2499,2499,NO
INV-0357,106,RHOPHI ANALYTICS LLP (Punjab),TTSPL3255,FVFFFD62Q05D,Apple Macbook Pro,2026-08,2026-08-01,2026-08-31,5490,5490,NO
INV-0357,106,RHOPHI ANALYTICS LLP (Punjab),TTSPL5842,FP7L2QYW4J,Apple Macbook Air,2026-08,2026-08-01,2026-08-31,5499,5499,NO
INV-0357,106,RHOPHI ANALYTICS LLP (Punjab),TTSPL3176,FVFFDG60Q05D,Apple Macbook Pro,2026-08,2026-08-01,2026-08-31,4500,4500,NO
INV-0357,106,RHOPHI ANALYTICS LLP (Punjab),TTSPL4371,GJY1HXFFQ0,Apple Macbook Air,2026-07,2026-07-28,2026-07-31,5499,709.55,YES
INV-0357,106,RHOPHI ANALYTICS LLP (Punjab),TTSPL4371,GJY1HXFFQ0,Apple Macbook Air,2026-08,2026-08-01,2026-08-31,5499,5499,NO
INV-0357,106,RHOPHI ANALYTICS LLP (Punjab),TTSPL3979,CND1234MFT,HP Elitebook X360 1040 G8,2026-07,2026-07-27,2026-07-31,3999,645,YES
INV-0357,106,RHOPHI ANALYTICS LLP (Punjab),TTSPL3979,CND1234MFT,HP Elitebook X360 1040 G8,2026-08,2026-08-01,2026-08-31,3999,3999,NO
INV-0357,106,RHOPHI ANALYTICS LLP (Punjab),TTSPL3470,5S332F3,Dell Latitude 5420,2026-07,2026-07-02,2026-07-31,3999,3870,YES
INV-0357,106,RHOPHI ANALYTICS LLP (Punjab),TTSPL3470,5S332F3,Dell Latitude 5420,2026-08,2026-08-01,2026-08-31,3999,3999,NO
INV-0357,106,RHOPHI ANALYTICS LLP (Punjab),TTSPL4171,CND12403NS,HP Elitebook X360 1040 G8,2026-08,2026-08-01,2026-08-31,3999,3999,NO
INV-0357,106,RHOPHI ANALYTICS LLP (Punjab),TTSPL6042,FCJYDQG9N5,Apple Macbook Air,2026-08,2026-08-01,2026-08-31,5499,5499,NO
INV-0357,106,RHOPHI ANALYTICS LLP (Punjab),TTSPL7353,D096N1VP41,Apple MacBook Air,2026-08,2026-08-01,2026-08-31,6999,6999,NO
INV-0357,106,RHOPHI ANALYTICS LLP (Punjab),TTSPL2887,FVFGK2K1Q05N,Apple Macbook Pro,2026-08,2026-08-01,2026-08-31,5000,5000,NO
INV-0357,106,RHOPHI ANALYTICS LLP (Punjab),TTSPL5304,C02FCRWVQ6L4,Apple Macbook Air,2026-08,2026-08-01,2026-08-31,3999,3999,NO
INV-0357,106,RHOPHI ANALYTICS LLP (Punjab),TTSPL3991,CND1234MJ8,HP Elitebook X360 1040 G8,2026-08,2026-08-01,2026-08-31,3999,3999,NO
INV-0357,106,RHOPHI ANALYTICS LLP (Punjab),TTSPL4969,PF55GD4K,Lenovo V14 (Gen 3),2026-08,2026-08-01,2026-08-31,2999,2999,NO
INV-0357,106,RHOPHI ANALYTICS LLP (Punjab),TTSPL3173,FVFFM0CEQ05D,Apple Macbook Pro,2026-08,2026-08-01,2026-08-31,3999,3999,NO
INV-0276,105,GRAYOPUS TECHNOLOGIES PRIVATE LIMITED,TTSPL2989,BFT81F3,Dell Latitude 5411,2026-08,2026-08-01,2026-08-31,1899,1899,NO
INV-0276,105,GRAYOPUS TECHNOLOGIES PRIVATE LIMITED,TTSPL2991,5T21M63,Dell Latitude 5410,2026-08,2026-08-01,2026-08-31,1899,1899,NO
INV-0276,105,GRAYOPUS TECHNOLOGIES PRIVATE LIMITED,TTSPL4402,PF25W6C1,Lenovo Thinkpad T490,2026-08,2026-08-01,2026-08-31,2199,2199,NO
INV-0276,105,GRAYOPUS TECHNOLOGIES PRIVATE LIMITED,TTSPL4500,687H8D3,Dell Latitude 5420,2026-08,2026-08-01,2026-08-31,1899,1899,NO
INV-0276,105,GRAYOPUS TECHNOLOGIES PRIVATE LIMITED,TTSPL4407,PF2AYJZ7,Lenovo Thinkpad T490,2026-08,2026-08-01,2026-08-31,2199,2199,NO
INV-0276,105,GRAYOPUS TECHNOLOGIES PRIVATE LIMITED,TTSPL5796,26R5HK3,Dell Latitude 5420,2026-08,2026-08-01,2026-08-31,2599,2599,NO
INV-0276,105,GRAYOPUS TECHNOLOGIES PRIVATE LIMITED,TTSPL6272,CKP1T93,Dell Latitude 3410,2026-08,2026-08-01,2026-08-31,1899,1899,NO
INV-0276,105,GRAYOPUS TECHNOLOGIES PRIVATE LIMITED,TTSPL4670,9L6R2F3,Dell Latitude 5420,2026-08,2026-08-01,2026-08-31,2199,2199,NO
INV-0276,105,GRAYOPUS TECHNOLOGIES PRIVATE LIMITED,TTSPL2940,5CD1131RYM,HP 14S-DQ2xxx,2026-08,2026-08-01,2026-08-31,1899,1899,NO
INV-0276,105,GRAYOPUS TECHNOLOGIES PRIVATE LIMITED,TTSPL4788,1Q370J3,Dell Latitude 5420,2026-08,2026-08-01,2026-08-31,1899,1899,NO
INV-0276,105,GRAYOPUS TECHNOLOGIES PRIVATE LIMITED,TTSPL3442,HQGF0B3,Dell Latitude 5310 (TOUCH SCREEN),2026-08,2026-08-01,2026-08-31,1899,1899,NO
INV-0276,105,GRAYOPUS TECHNOLOGIES PRIVATE LIMITED,TTSPL4411,PF2642AW,Lenovo Thinkpad T490,2026-08,2026-08-01,2026-08-31,2199,2199,NO
INV-0276,105,GRAYOPUS TECHNOLOGIES PRIVATE LIMITED,TTSPL2992,9GLXL63,Dell Latitude 5410,2026-08,2026-08-01,2026-08-31,1899,1899,NO
INV-0276,105,GRAYOPUS TECHNOLOGIES PRIVATE LIMITED,TTSPL7439,J0X68G3,Latitude 5420,2026-07,2026-07-20,2026-07-31,1899,735.1,YES
INV-0276,105,GRAYOPUS TECHNOLOGIES PRIVATE LIMITED,TTSPL7439,J0X68G3,Latitude 5420,2026-08,2026-08-01,2026-08-31,1899,1899,NO
INV-0276,105,GRAYOPUS TECHNOLOGIES PRIVATE LIMITED,TTSPL7536,2J7F0J3,Latitude 5420,2026-07,2026-07-24,2026-07-31,1899,490.06,YES
INV-0276,105,GRAYOPUS TECHNOLOGIES PRIVATE LIMITED,TTSPL7536,2J7F0J3,Latitude 5420,2026-08,2026-08-01,2026-08-31,1899,1899,NO
INV-0276,105,GRAYOPUS TECHNOLOGIES PRIVATE LIMITED,TTSPL6536,16LS203,Dell Latitude 3410,2026-08,2026-08-01,2026-08-31,1799,1799,NO
INV-0276,105,GRAYOPUS TECHNOLOGIES PRIVATE LIMITED,TTSPL4417,PF2BV7ST,Lenovo Thinkpad T490,2026-08,2026-08-01,2026-08-31,2199,2199,NO
INV-0276,105,GRAYOPUS TECHNOLOGIES PRIVATE LIMITED,TTSPL4562,J9TN4D3,Dell Latitude 5420,2026-08,2026-08-01,2026-08-31,1899,1899,NO
INV-0276,105,GRAYOPUS TECHNOLOGIES PRIVATE LIMITED,TTSPL2996,61W7063,Dell Latitude 5410,2026-08,2026-08-01,2026-08-31,1899,1899,NO
INV-0276,105,GRAYOPUS TECHNOLOGIES PRIVATE LIMITED,TTSPL4412,PF261Z15,Lenovo Thinkpad T490,2026-08,2026-08-01,2026-08-31,2199,2199,NO
INV-0276,105,GRAYOPUS TECHNOLOGIES PRIVATE LIMITED,TTSPL3012,2QKD893,Dell Latitude 5411,2026-08,2026-08-01,2026-08-31,1899,1899,NO
INV-0276,105,GRAYOPUS TECHNOLOGIES PRIVATE LIMITED,TTSPL3013,DCZL473,Dell Latitude 5411,2026-08,2026-08-01,2026-08-31,1899,1899,NO
INV-0276,105,GRAYOPUS TECHNOLOGIES PRIVATE LIMITED,TTSPL2990,68GR793,Dell Latitude 5411,2026-08,2026-08-01,2026-08-31,1899,1899,NO
INV-0276,105,GRAYOPUS TECHNOLOGIES PRIVATE LIMITED,TTSPL4403,PF2BT0AZ,Lenovo Thinkpad T490,2026-08,2026-08-01,2026-08-31,2199,2199,NO
INV-0276,105,GRAYOPUS TECHNOLOGIES PRIVATE LIMITED,TTSPL6266,3LK5QG3,Dell Latitude 3420,2026-08,2026-08-01,2026-08-31,1799,1799,NO
INV-0276,105,GRAYOPUS TECHNOLOGIES PRIVATE LIMITED,TTSPL6610,32ZBRG3,Dell Latitude 3420,2026-08,2026-08-01,2026-08-31,1799,1799,NO
INV-0276,105,GRAYOPUS TECHNOLOGIES PRIVATE LIMITED,TTSPL3539,PC1NVAXG,Lenovo Thinkpad X-13,2026-08,2026-08-01,2026-08-31,1899,1899,NO
INV-0204,108,LEEWAYHERTZ TECHNOLOGIES PRIVATE LIMITED,TTSPL7018,H70Y6K5J4L,Apple Macbook Pro,2026-08,2026-08-01,2026-08-31,9000,9000,NO
INV-0204,108,LEEWAYHERTZ TECHNOLOGIES PRIVATE LIMITED,TTSPL3472,785F3F3,Dell Latitude 5420,2026-08,2026-08-01,2026-08-31,2849,2849,NO
INV-0204,108,LEEWAYHERTZ TECHNOLOGIES PRIVATE LIMITED,TTSPL4347,M5F76R6CQR,Apple Macbook Air,2026-08,2026-08-01,2026-08-31,4849,4849,NO
INV-0204,108,LEEWAYHERTZ TECHNOLOGIES PRIVATE LIMITED,TTSPL4627,BQFD2F3,Dell Latitude 5420 (Touch Screen),2026-08,2026-08-01,2026-08-31,2849,2849,NO
INV-0204,108,LEEWAYHERTZ TECHNOLOGIES PRIVATE LIMITED,TTSPL4010,CND1234M84,HP Elitebook X360 1040 G8,2026-08,2026-08-01,2026-08-31,2849,2849,NO
INV-0204,108,LEEWAYHERTZ TECHNOLOGIES PRIVATE LIMITED,TTSPL5082,KM4CNW7DM0,Apple Macbook Air,2026-08,2026-08-01,2026-08-31,4999,4999,NO
INV-0204,108,LEEWAYHERTZ TECHNOLOGIES PRIVATE LIMITED,TTSPL4351,L2W62Y4THD,Apple Macbook Air,2026-08,2026-08-01,2026-08-31,4849,4849,NO
INV-0204,108,LEEWAYHERTZ TECHNOLOGIES PRIVATE LIMITED,TTSPL4591,F5MWCK3,Dell Latitude 5420 (Touch Screen),2026-08,2026-08-01,2026-08-31,2999,2999,NO
INV-0204,108,LEEWAYHERTZ TECHNOLOGIES PRIVATE LIMITED,TTSPL5915,T7NRCX07V431313,Asus TUF Gaming A15,2026-08,2026-08-01,2026-08-31,3999,3999,NO
INV-0204,108,LEEWAYHERTZ TECHNOLOGIES PRIVATE LIMITED,TTSPL6247,T9NRCX03V372382,Asus TUF Gaming A15,2026-08,2026-08-01,2026-08-31,3999,3999,NO
INV-0204,108,LEEWAYHERTZ TECHNOLOGIES PRIVATE LIMITED,TTSPL3763,CLHZ2J3,Dell Latitude 5420,2026-08,2026-08-01,2026-08-31,2849,2849,NO
INV-0204,108,LEEWAYHERTZ TECHNOLOGIES PRIVATE LIMITED,TTSPL4879,SCNRCX02K022504,Asus TUF Gaming A15,2026-08,2026-08-01,2026-08-31,3999,3999,NO
INV-0204,108,LEEWAYHERTZ TECHNOLOGIES PRIVATE LIMITED,TTSPL3889,FVFGKM77Q05D,Apple Macbook Pro,2026-08,2026-08-01,2026-08-31,5349,5349,NO
INV-0204,108,LEEWAYHERTZ TECHNOLOGIES PRIVATE LIMITED,TTSPL4650,41891F3,Dell Latitude 5420 (Touch Screen),2026-08,2026-08-01,2026-08-31,2850,2850,NO
INV-0204,108,LEEWAYHERTZ TECHNOLOGIES PRIVATE LIMITED,TTSPL7037,5CG1412P6C,HP Elitebook 830 G8,2026-08,2026-08-01,2026-08-31,2849,2849,NO
INV-0204,108,LEEWAYHERTZ TECHNOLOGIES PRIVATE LIMITED,TTSPL5047,T4NRCX04P86018B,Asus TUF Gaming A15,2026-08,2026-08-01,2026-08-31,3999,3999,NO
INV-0204,108,LEEWAYHERTZ TECHNOLOGIES PRIVATE LIMITED,TTSPL4515,DPQD1J3,Dell Latitude 5420 (Touch Screen),2026-08,2026-08-01,2026-08-31,3449,3449,NO
INV-0204,108,LEEWAYHERTZ TECHNOLOGIES PRIVATE LIMITED,TTSPL4268,HR4ZR93,Dell Latitude 5320,2026-08,2026-08-01,2026-08-31,2849,2849,NO
INV-0204,108,LEEWAYHERTZ TECHNOLOGIES PRIVATE LIMITED,TTSPL2232,N5NRCX05H44620A,Asus TUF Gaming A15,2026-08,2026-08-01,2026-08-31,4999,4999,NO
INV-0204,108,LEEWAYHERTZ TECHNOLOGIES PRIVATE LIMITED,TTSPL4281,D6WRP22GP7,Apple Macbook Air,2026-08,2026-08-01,2026-08-31,4849,4849,NO
INV-0204,108,LEEWAYHERTZ TECHNOLOGIES PRIVATE LIMITED,TTSPL4865,H9T4XYC6NP,Apple Macbook Air,2026-08,2026-08-01,2026-08-31,5349,5349,NO
INV-0204,108,LEEWAYHERTZ TECHNOLOGIES PRIVATE LIMITED,TTSPL6897,T9NRCX06F31039E,Asus TUF Gaming A15,2026-08,2026-08-01,2026-08-31,3999,3999,NO
INV-0204,108,LEEWAYHERTZ TECHNOLOGIES PRIVATE LIMITED,TTSPL6511,4BPXVM3,Dell Latitude 5420,2026-08,2026-08-01,2026-08-31,2849,2849,NO
INV-0204,108,LEEWAYHERTZ TECHNOLOGIES PRIVATE LIMITED,TTSPL4132,CND1234Z55,HP Elitebook X360 1040 G8,2026-08,2026-08-01,2026-08-31,2849,2849,NO
INV-0204,108,LEEWAYHERTZ TECHNOLOGIES PRIVATE LIMITED,TTSPL4738,JM970J3,Dell Latitude 5420,2026-08,2026-08-01,2026-08-31,2849,2849,NO
INV-0204,108,LEEWAYHERTZ TECHNOLOGIES PRIVATE LIMITED,TTSPL4364,2QTNSG3,Dell Precision 3561,2026-08,2026-08-01,2026-08-31,3999,3999,NO
INV-0204,108,LEEWAYHERTZ TECHNOLOGIES PRIVATE LIMITED,TTSPL4139,CND1234MBT,HP Elitebook X360 1040 G8,2026-08,2026-08-01,2026-08-31,2849,2849,NO
INV-0204,108,LEEWAYHERTZ TECHNOLOGIES PRIVATE LIMITED,TTSPL7069,T9NRCX03W47938A,Asus TUF Gaming A15,2026-08,2026-08-01,2026-08-31,3999,3999,NO
INV-0204,108,LEEWAYHERTZ TECHNOLOGIES PRIVATE LIMITED,TTSPL3491,F9XL2J3,Dell Latitude 5420,2026-08,2026-08-01,2026-08-31,2849,2849,NO
INV-0204,108,LEEWAYHERTZ TECHNOLOGIES PRIVATE LIMITED,TTSPL4429,KF67LX6NFQ,Apple Macbook Air,2026-08,2026-08-01,2026-08-31,4849,4849,NO
INV-0204,108,LEEWAYHERTZ TECHNOLOGIES PRIVATE LIMITED,TTSPL4319,KXKN2YHG6C,Apple Macbook Air,2026-08,2026-08-01,2026-08-31,4849,4849,NO
INV-0204,108,LEEWAYHERTZ TECHNOLOGIES PRIVATE LIMITED,TTSPL6375,T7NRCX062577300,Asus TUF Gaming A15,2026-08,2026-08-01,2026-08-31,3999,3999,NO
INV-0204,108,LEEWAYHERTZ TECHNOLOGIES PRIVATE LIMITED,TTSPL2580,FNDQGJ3,Dell Vostro 3500,2026-08,2026-08-01,2026-08-31,2849,2849,NO
INV-0204,108,LEEWAYHERTZ TECHNOLOGIES PRIVATE LIMITED,TTSPL5473,KG43CNPHC2,Apple Macbook Pro,2026-08,2026-08-01,2026-08-31,5499,5499,NO
INV-0204,108,LEEWAYHERTZ TECHNOLOGIES PRIVATE LIMITED,TTSPL3989,CND12404GN,HP Elitebook X360 1040 G8,2026-08,2026-08-01,2026-08-31,2849,2849,NO
INV-0204,108,LEEWAYHERTZ TECHNOLOGIES PRIVATE LIMITED,TTSPL4427,MW6GFXVN62,Apple Macbook Air,2026-08,2026-08-01,2026-08-31,4999,4999,NO
INV-0204,108,LEEWAYHERTZ TECHNOLOGIES PRIVATE LIMITED,TTSPL2464,F80JGJ3,Dell Vostro 3500,2026-08,2026-08-01,2026-08-31,2849,2849,NO
INV-0204,108,LEEWAYHERTZ TECHNOLOGIES PRIVATE LIMITED,TTSPL3997,CND1234MV3,HP Elitebook X360 1040 G8,2026-08,2026-08-01,2026-08-31,2849,2849,NO
INV-0204,108,LEEWAYHERTZ TECHNOLOGIES PRIVATE LIMITED,TTSPL4019,CND1234N6S,HP Elitebook X360 1040 G8,2026-08,2026-08-01,2026-08-31,2849,2849,NO
INV-0204,108,LEEWAYHERTZ TECHNOLOGIES PRIVATE LIMITED,TTSPL4190,CND1234Z79,HP Elitebook X360 1040 G8,2026-08,2026-08-01,2026-08-31,2849,2849,NO
INV-0204,108,LEEWAYHERTZ TECHNOLOGIES PRIVATE LIMITED,TTSPL4269,1RHKP93,Dell Latitude 5320,2026-08,2026-08-01,2026-08-31,2849,2849,NO
INV-0204,108,LEEWAYHERTZ TECHNOLOGIES PRIVATE LIMITED,TTSPL4249,CND12350XH,HP Elitebook X360 1040 G8,2026-08,2026-08-01,2026-08-31,2849,2849,NO
INV-0204,108,LEEWAYHERTZ TECHNOLOGIES PRIVATE LIMITED,TTSPL4346,J99JQM4132,Apple Macbook Air,2026-08,2026-08-01,2026-08-31,4849,4849,NO
INV-0204,108,LEEWAYHERTZ TECHNOLOGIES PRIVATE LIMITED,TTSPL4368,HQTNSG3,Dell Precision 3561,2026-08,2026-08-01,2026-08-31,3999,3999,NO
INV-0204,108,LEEWAYHERTZ TECHNOLOGIES PRIVATE LIMITED,TTSPL4391,CPTNSG3,Dell Precision 3561,2026-08,2026-08-01,2026-08-31,3999,3999,NO
INV-0204,108,LEEWAYHERTZ TECHNOLOGIES PRIVATE LIMITED,TTSPL3716,BZSXYD3,Dell Latitude 5420,2026-08,2026-08-01,2026-08-31,2849,2849,NO
INV-0204,108,LEEWAYHERTZ TECHNOLOGIES PRIVATE LIMITED,TTSPL4140,HZZLYY2,Dell Latitude 5501,2026-08,2026-08-01,2026-08-31,3499,3499,NO
INV-0204,108,LEEWAYHERTZ TECHNOLOGIES PRIVATE LIMITED,TTSPL5051,T4NRCX03L43517B,Asus TUF Gaming A15,2026-08,2026-08-01,2026-08-31,3999,3999,NO
INV-0204,108,LEEWAYHERTZ TECHNOLOGIES PRIVATE LIMITED,TTSPL3731,43QN3J3,Dell Latitude 5420,2026-08,2026-08-01,2026-08-31,2849,2849,NO
INV-0204,108,LEEWAYHERTZ TECHNOLOGIES PRIVATE LIMITED,TTSPL5523,D9H236561M,Apple Macbook Air,2026-08,2026-08-01,2026-08-31,4999,4999,NO
INV-0204,108,LEEWAYHERTZ TECHNOLOGIES PRIVATE LIMITED,TTSPL6204,T7NRCX06263530G,Asus TUF Gaming A15,2026-08,2026-08-01,2026-08-31,3999,3999,NO
INV-0204,108,LEEWAYHERTZ TECHNOLOGIES PRIVATE LIMITED,TTSPL4667,9T1N3F3,Dell Latitude 5420 (Touch Screen),2026-08,2026-08-01,2026-08-31,2849,2849,NO
INV-0204,108,LEEWAYHERTZ TECHNOLOGIES PRIVATE LIMITED,TTSPL5527,T7NRCX02X17029H,Asus TUF Gaming A15,2026-08,2026-08-01,2026-08-31,3999,3999,NO
INV-0204,108,LEEWAYHERTZ TECHNOLOGIES PRIVATE LIMITED,TTSPL6898,T9NRCX04E111387,Asus TUF Gaming A15,2026-08,2026-08-01,2026-08-31,3999,3999,NO
INV-0204,108,LEEWAYHERTZ TECHNOLOGIES PRIVATE LIMITED,TTSPL7113,L6N2W6CXP0,Apple Macbook Pro,2026-08,2026-08-01,2026-08-31,10000,10000,NO
INV-0204,108,LEEWAYHERTZ TECHNOLOGIES PRIVATE LIMITED,TTSPL3475,6ZF7ZD3,Dell Latitude 5420,2026-08,2026-08-01,2026-08-31,2849,2849,NO
INV-0204,108,LEEWAYHERTZ TECHNOLOGIES PRIVATE LIMITED,TTSPL3495,F7TJ1J3,Dell Latitude 5420,2026-08,2026-08-01,2026-08-31,2849,2849,NO
INV-0204,108,LEEWAYHERTZ TECHNOLOGIES PRIVATE LIMITED,TTSPL4303,4S6J3B3,Dell Latitude 5320,2026-08,2026-08-01,2026-08-31,2849,2849,NO
INV-0204,108,LEEWAYHERTZ TECHNOLOGIES PRIVATE LIMITED,TTSPL4114,CCDRC63,Dell Latitude 5310,2026-08,2026-08-01,2026-08-31,2849,2849,NO
INV-0204,108,LEEWAYHERTZ TECHNOLOGIES PRIVATE LIMITED,TTSPL4018,CND12350MM,HP Elitebook X360 1040 G8,2026-08,2026-08-01,2026-08-31,2849,2849,NO
INV-0204,108,LEEWAYHERTZ TECHNOLOGIES PRIVATE LIMITED,TTSPL4218,797JP73,Dell Latitude 5410,2026-08,2026-08-01,2026-08-31,2849,2849,NO
INV-0204,108,LEEWAYHERTZ TECHNOLOGIES PRIVATE LIMITED,TTSPL4897,T3NRCX01R620123,Asus TUF Gaming A15,2026-08,2026-08-01,2026-08-31,3999,3999,NO
INV-0204,108,LEEWAYHERTZ TECHNOLOGIES PRIVATE LIMITED,TTSPL7012,T7NRCX06235230B,Asus TUF Gaming A15,2026-08,2026-08-01,2026-08-31,3999,3999,NO
INV-0204,108,LEEWAYHERTZ TECHNOLOGIES PRIVATE LIMITED,TTSPL4130,CND1234M2V,HP Elitebook X360 1040 G8,2026-08,2026-08-01,2026-08-31,2849,2849,NO
INV-0204,108,LEEWAYHERTZ TECHNOLOGIES PRIVATE LIMITED,TTSPL4028,CND12403XX,HP Elitebook X360 1040 G8,2026-08,2026-08-01,2026-08-31,2849,2849,NO
INV-0204,108,LEEWAYHERTZ TECHNOLOGIES PRIVATE LIMITED,TTSPL5844,T7NRCX07V411314,Asus TUF Gaming A15,2026-08,2026-08-01,2026-08-31,3999,3999,NO
INV-0204,108,LEEWAYHERTZ TECHNOLOGIES PRIVATE LIMITED,TTSPL4251,CND1234MYT,HP Elitebook X360 1040 G8,2026-08,2026-08-01,2026-08-31,2849,2849,NO
INV-0204,108,LEEWAYHERTZ TECHNOLOGIES PRIVATE LIMITED,TTSPL4626,J9Z2BC3,Dell Latitude 5420 (Touch Screen),2026-08,2026-08-01,2026-08-31,2849,2849,NO
INV-0204,108,LEEWAYHERTZ TECHNOLOGIES PRIVATE LIMITED,TTSPL6427,T7NRCX062326309,Asus TUF Gaming A15,2026-08,2026-08-01,2026-08-31,3999,3999,NO
INV-0204,108,LEEWAYHERTZ TECHNOLOGIES PRIVATE LIMITED,TTSPL2898,QM416X1YN0,Apple Macbook Pro,2026-08,2026-08-01,2026-08-31,5349,5349,NO
INV-0204,108,LEEWAYHERTZ TECHNOLOGIES PRIVATE LIMITED,TTSPL4279,JX6LPW2JLQ,Apple Macbook Air,2026-08,2026-08-01,2026-08-31,4849,4849,NO
INV-0204,108,LEEWAYHERTZ TECHNOLOGIES PRIVATE LIMITED,TTSPL4370,JHX2Y5Y790,Apple Macbook Air,2026-08,2026-08-01,2026-08-31,4849,4849,NO
INV-0204,108,LEEWAYHERTZ TECHNOLOGIES PRIVATE LIMITED,TTSPL5778,20PXVM3,Dell Latitude 5420,2026-08,2026-08-01,2026-08-31,2849,2849,NO
INV-0204,108,LEEWAYHERTZ TECHNOLOGIES PRIVATE LIMITED,TTSPL7068,TANRCX02402642B,Asus TUF Gaming A15,2026-08,2026-08-01,2026-08-31,3999,3999,NO
INV-0204,108,LEEWAYHERTZ TECHNOLOGIES PRIVATE LIMITED,TTSPL4304,F5F7S93,Dell Latitude 5320,2026-08,2026-08-01,2026-08-31,2849,2849,NO
INV-0204,108,LEEWAYHERTZ TECHNOLOGIES PRIVATE LIMITED,TTSPL4424,JP7M1W2MKT,Apple Macbook Air,2026-08,2026-08-01,2026-08-31,4849,4849,NO
INV-0204,108,LEEWAYHERTZ TECHNOLOGIES PRIVATE LIMITED,TTSPL5024,T4NRCX04P65618B,Asus TUF Gaming A15,2026-08,2026-08-01,2026-08-31,3999,3999,NO
INV-0204,108,LEEWAYHERTZ TECHNOLOGIES PRIVATE LIMITED,TTSPL6248,T9NRCX03V222386,Asus TUF Gaming A15,2026-08,2026-08-01,2026-08-31,3999,3999,NO
INV-0204,108,LEEWAYHERTZ TECHNOLOGIES PRIVATE LIMITED,TTSPL5018,T4NRCX04T811186,Asus TUF Gaming A15,2026-08,2026-08-01,2026-08-31,3999,3999,NO
INV-0204,108,LEEWAYHERTZ TECHNOLOGIES PRIVATE LIMITED,TTSPL6512,GK75HK3,Dell Latitude 5420,2026-08,2026-08-01,2026-08-31,2849,2849,NO
INV-0204,108,LEEWAYHERTZ TECHNOLOGIES PRIVATE LIMITED,TTSPL2724,PF4GZYRX,Lenovo Ideapad Slim 3,2026-08,2026-08-01,2026-08-31,2849,2849,NO
INV-0204,108,LEEWAYHERTZ TECHNOLOGIES PRIVATE LIMITED,TTSPL4273,4TD7S93,Dell Latitude 5320,2026-08,2026-08-01,2026-08-31,2849,2849,NO
INV-0204,108,LEEWAYHERTZ TECHNOLOGIES PRIVATE LIMITED,TTSPL3855,FVFH97V5Q05D,Apple Macbook Pro,2026-08,2026-08-01,2026-08-31,5349,5349,NO
INV-0204,108,LEEWAYHERTZ TECHNOLOGIES PRIVATE LIMITED,TTSPL4172,CND123504M,HP Elitebook X360 1040 G8,2026-08,2026-08-01,2026-08-31,2849,2849,NO
INV-0204,108,LEEWAYHERTZ TECHNOLOGIES PRIVATE LIMITED,TTSPL3974,CND123519R,HP Elitebook X360 1040 G8,2026-08,2026-08-01,2026-08-31,2849,2849,NO
INV-0204,108,LEEWAYHERTZ TECHNOLOGIES PRIVATE LIMITED,TTSPL4862,FMQP43YH7J,Apple Macbook Air,2026-08,2026-08-01,2026-08-31,4849,4849,NO
INV-0204,108,LEEWAYHERTZ TECHNOLOGIES PRIVATE LIMITED,TTSPL4843,C3GVZH3,Dell Latitude 5420,2026-08,2026-08-01,2026-08-31,2849,2849,NO
INV-0204,108,LEEWAYHERTZ TECHNOLOGIES PRIVATE LIMITED,TTSPL4822,B2Y60J3,Dell Latitude 5420,2026-08,2026-08-01,2026-08-31,2850,2850,NO
INV-0204,108,LEEWAYHERTZ TECHNOLOGIES PRIVATE LIMITED,TTSPL7013,K2Y0Q2HKL9,Apple Macbook Pro,2026-08,2026-08-01,2026-08-31,9000,9000,NO
INV-0228,125,Aamore solutions,TTSPL1875,5CG5173DBX,HP Elitebook 840 G1,2026-08,2026-08-01,2026-08-31,1450,1450,NO
INV-0228,125,Aamore solutions,TTSPL4012,5CG5150YYT,HP Elitebook 840 G1,2026-08,2026-08-01,2026-08-31,1450,1450,NO
INV-0228,125,Aamore solutions,TTSPL1470,6636YZ1,Dell Latitude E7440,2026-08,2026-08-01,2026-08-31,1450,1450,NO
INV-0228,125,Aamore solutions,TTSPL2746,FF5NPF2,Dell Latitude E5470,2026-08,2026-08-01,2026-08-31,1450,1450,NO
INV-0228,125,Aamore solutions,TTSPL1834,5CG5101YQL,HP Elitebook 840 G1,2026-08,2026-08-01,2026-08-31,1450,1450,NO
INV-0228,125,Aamore solutions,TTSPL2609,48Z6FH2,Dell Latitude E5480,2026-08,2026-08-01,2026-08-31,1450,1450,NO
INV-0339,966,Leverage Edu,G-COTRUE1056,3WST812,Dell Laptop Latitude E3340,2026-08,2026-08-01,2026-08-31,1910,1910,NO
INV-0339,966,Leverage Edu,FIRMTRUE1569,4BZ8CG2,Dell Latitude E5470,2026-08,2026-08-01,2026-08-31,1910,1910,NO
INV-0339,966,Leverage Edu,1472,PC0151G3,Lenovo Laptop Thinkpad T440,2026-08,2026-08-01,2026-08-31,1910,1910,NO
INV-0339,966,Leverage Edu,YASHTRUE1417,23F7VD2,Dell Latitude E5470,2026-08,2026-08-01,2026-08-31,1910,1910,NO
INV-0339,966,Leverage Edu,TTSPL1865,76D7VD2,Dell Latitude E5470,2026-08,2026-08-01,2026-08-31,1910,1910,NO
INV-0339,966,Leverage Edu,TRU115,2XQN542,Dell Latitude E7250,2026-08,2026-08-01,2026-08-31,1910,1910,NO
INV-0339,966,Leverage Edu,TTSPL1979,5CG5151654,HP Elitebook 840 G1,2026-08,2026-08-01,2026-08-31,1910,1910,NO
INV-0339,966,Leverage Edu,TTSPL1982,FH8K542,Dell Latitude E7240,2026-08,2026-08-01,2026-08-31,1910,1910,NO
INV-0339,966,Leverage Edu,YASHTRUE1445,CNBLVD2,Dell Latitude E5470,2026-08,2026-08-01,2026-08-31,1910,1910,NO
INV-0339,966,Leverage Edu,YASHTRUE1464,566PFH2,Dell Latitude E5480,2026-08,2026-08-01,2026-08-31,1910,1910,NO
INV-0339,966,Leverage Edu,YASHTRUE1482,7PMTNH2,Dell Latitude E5480,2026-08,2026-08-01,2026-08-31,1910,1910,NO
INV-0339,966,Leverage Edu,RABYTRUE1538,6LPWH82,Dell Latitude E7440,2026-08,2026-08-01,2026-08-31,1910,1910,NO
INV-0339,966,Leverage Edu,YASHTRUE1444,JH6YVD2,Dell Latitude E5470,2026-08,2026-08-01,2026-08-31,1910,1910,NO
INV-0339,966,Leverage Edu,TTSPL2918,1K96QH2,Dell Latitude 7480,2026-08,2026-08-01,2026-08-31,1910,1910,NO
INV-0305,111,COSMOFEED TECHNOLOGIES PVT LTD,TTSPL6304,5L75HK3,Dell Latitude 5420,2026-08,2026-08-01,2026-08-31,2700,2700,NO
INV-0305,111,COSMOFEED TECHNOLOGIES PVT LTD,TTSPL6577,5CD112KFGW,HP Probook 440 G8,2026-08,2026-08-01,2026-08-31,1999,1999,NO
INV-0305,111,COSMOFEED TECHNOLOGIES PVT LTD,TTSPL3786,42FM893,Dell Latitude 5410,2026-08,2026-08-01,2026-08-31,1999,1999,NO
INV-0305,111,COSMOFEED TECHNOLOGIES PVT LTD,TTSPL5040,PC1FBAD3,Lenovo Thinkpad T490s,2026-08,2026-08-01,2026-08-31,1599,1599,NO
INV-0305,111,COSMOFEED TECHNOLOGIES PVT LTD,TTSPL7026,5CG2153H9F,HP Elitebook 830 G8,2026-08,2026-08-01,2026-08-31,2899,2899,NO
INV-0305,111,COSMOFEED TECHNOLOGIES PVT LTD,TTSPL2112,BX20NF2,Dell Latitude E5490,2026-08,2026-08-01,2026-08-31,1599,1599,NO
INV-0305,111,COSMOFEED TECHNOLOGIES PVT LTD,TTSPL5517,5CD128FV77,HP Probook 440 G8,2026-08,2026-08-01,2026-08-31,1999,1999,NO
INV-0305,111,COSMOFEED TECHNOLOGIES PVT LTD,TTSPL3180,PF21NHTG,T-490,2026-08,2026-08-01,2026-08-31,1599,1599,NO
INV-0305,111,COSMOFEED TECHNOLOGIES PVT LTD,TTSPL2846,68F0SQ2,Dell Latitude 7490,2026-08,2026-08-01,2026-08-31,1599,1599,NO
INV-0305,111,COSMOFEED TECHNOLOGIES PVT LTD,TTSPL5824,48PYCL3,Dell Latitude 3420,2026-08,2026-08-01,2026-08-31,1999,1999,NO
INV-0305,111,COSMOFEED TECHNOLOGIES PVT LTD,TTSPL5793,GSRZ1J3,Dell Latitude 5420,2026-08,2026-08-01,2026-08-31,2499,2499,NO
INV-0305,111,COSMOFEED TECHNOLOGIES PVT LTD,TTSPL5353,5CD1315XB1,HP Probook 440 G8,2026-08,2026-08-01,2026-08-31,1999,1999,NO
INV-0305,111,COSMOFEED TECHNOLOGIES PVT LTD,TTSPL6411,PG02VL7H,Lenovo Thinkpad E-14 Gen 2,2026-08,2026-08-01,2026-08-31,1999,1999,NO
INV-0305,111,COSMOFEED TECHNOLOGIES PVT LTD,TTSPL6534,D173C63,Dell Latitude 3410,2026-08,2026-08-01,2026-08-31,2299,2299,NO
INV-0305,111,COSMOFEED TECHNOLOGIES PVT LTD,TTSPL6996,5CG213DB9R,HP Elitebook 840 G8,2026-08,2026-08-01,2026-08-31,2899,2899,NO
INV-0305,111,COSMOFEED TECHNOLOGIES PVT LTD,TTSPL7027,5CG20713N8,HP Elitebook 830 G8,2026-08,2026-08-01,2026-08-31,2899,2899,NO
INV-0305,111,COSMOFEED TECHNOLOGIES PVT LTD,TTSPL7253,R914RLMW,Lenovo Thinkpad L13,2026-08,2026-08-01,2026-08-31,1999,1999,NO
INV-0305,111,COSMOFEED TECHNOLOGIES PVT LTD,TTSPL6845,5CG212FBJC,HP Elitebook 840 G8,2026-08,2026-08-01,2026-08-31,1999,1999,NO
INV-0305,111,COSMOFEED TECHNOLOGIES PVT LTD,TTSPL3806,5CG9420Y22,HP Elitebook 840 G6,2026-08,2026-08-01,2026-08-31,1599,1599,NO
INV-0305,111,COSMOFEED TECHNOLOGIES PVT LTD,TTSPL3776,GBQHDB3,Dell Latitude 5410,2026-08,2026-08-01,2026-08-31,2299,2299,NO
INV-0305,111,COSMOFEED TECHNOLOGIES PVT LTD,TTSPL4524,7NWL6G3,Dell Latitude 5420,2026-08,2026-08-01,2026-08-31,2499,2499,NO
INV-0305,111,COSMOFEED TECHNOLOGIES PVT LTD,TTSPL4394,PC26GWDF,Lenovo Thinkpad X-13,2026-08,2026-08-01,2026-08-31,1999,1999,NO
INV-0305,111,COSMOFEED TECHNOLOGIES PVT LTD,TTSPL2433,C75LGJ3,Dell Vostro 3500,2026-08,2026-08-01,2026-08-31,2699,2699,NO
INV-0305,111,COSMOFEED TECHNOLOGIES PVT LTD,TTSPL3057,4T7PZW2,Dell Latitude 7490,2026-08,2026-08-01,2026-08-31,1599,1599,NO
INV-0305,111,COSMOFEED TECHNOLOGIES PVT LTD,TTSPL4743,337F1J3,Dell Latitude 5420,2026-08,2026-08-01,2026-08-31,2699,2699,NO
INV-0305,111,COSMOFEED TECHNOLOGIES PVT LTD,TTSPL4375,PC28VSSH,Lenovo Thinkpad X-13,2026-08,2026-08-01,2026-08-31,1999,1999,NO
INV-0305,111,COSMOFEED TECHNOLOGIES PVT LTD,TTSPL3779,5Y2JDB3,Dell Latitude 5410,2026-08,2026-08-01,2026-08-31,1999,1999,NO
INV-0305,111,COSMOFEED TECHNOLOGIES PVT LTD,TTSPL7171,R913GZGG,Lenovo Lenovo Thinkpad L13,2026-07,2026-07-29,2026-07-31,1999,193.45,YES
INV-0305,111,COSMOFEED TECHNOLOGIES PVT LTD,TTSPL7171,R913GZGG,Lenovo Lenovo Thinkpad L13,2026-08,2026-08-01,2026-08-31,1999,1999,NO
INV-0305,111,COSMOFEED TECHNOLOGIES PVT LTD,TTSPL7010,5CG2146W4K,HP Elitebook 840 G8,2026-08,2026-08-01,2026-08-31,2899,2899,NO
INV-0305,111,COSMOFEED TECHNOLOGIES PVT LTD,TTSPL1459,5CD72091BX,HP Elitebook Folio 1040 G3,2026-08,2026-08-01,2026-08-31,999,999,NO
INV-0305,111,COSMOFEED TECHNOLOGIES PVT LTD,TTSPL3183,PF225G2H,T-490,2026-08,2026-08-01,2026-08-31,1599,1599,NO
INV-0305,111,COSMOFEED TECHNOLOGIES PVT LTD,TTSPL5720,1Q7LJG3,Dell Latitude 3420,2026-08,2026-08-01,2026-08-31,2499,2499,NO
INV-0305,111,COSMOFEED TECHNOLOGIES PVT LTD,TTSPL4523,CWF76G3,Dell Latitude 5420,2026-08,2026-08-01,2026-08-31,2399,2399,NO
INV-0305,111,COSMOFEED TECHNOLOGIES PVT LTD,TTSPL4315,HV4ZR93,Dell Latitude 5320 (Touch),2026-08,2026-08-01,2026-08-31,2399,2399,NO
INV-0305,111,COSMOFEED TECHNOLOGIES PVT LTD,TTSPL7240,R913GZFB,Lenovo Thinkpad L13,2026-08,2026-08-01,2026-08-31,1999,1999,NO
INV-0305,111,COSMOFEED TECHNOLOGIES PVT LTD,TTSPL7163,R913GZH9,Lenovo Thinkpad L13,2026-08,2026-08-01,2026-08-31,1999,1999,NO
INV-0305,111,COSMOFEED TECHNOLOGIES PVT LTD,TTSPL3661,35FZ7S2,Dell Latitude 7490,2026-08,2026-08-01,2026-08-31,1599,1599,NO
INV-0305,111,COSMOFEED TECHNOLOGIES PVT LTD,TTSPL4830,7LQWZH3,Dell Latitude 5420,2026-08,2026-08-01,2026-08-31,2699,2699,NO
INV-0305,111,COSMOFEED TECHNOLOGIES PVT LTD,TTSPL6563,5CD112LVCY,HP Probook 440 G8,2026-08,2026-08-01,2026-08-31,1999,1999,NO
INV-0305,111,COSMOFEED TECHNOLOGIES PVT LTD,TTSPL6992,5CG3050HHY,HP Elitebook 840 G8,2026-08,2026-08-01,2026-08-31,2899,2899,NO
INV-0305,111,COSMOFEED TECHNOLOGIES PVT LTD,TTSPL3664,9X6W4Q2,Dell Latitude 7490,2026-08,2026-08-01,2026-08-31,1599,1599,NO
INV-0305,111,COSMOFEED TECHNOLOGIES PVT LTD,TTSPL5350,5CD1315Y95,HP Probook 440 G8,2026-08,2026-08-01,2026-08-31,1999,1999,NO
INV-0227,113,CERTIFICATION EDUCATION PROVIDERS PRIVATE LIMITED,TTSPL6353,7VC6HK3,Dell Latitude 5420,2026-08,2026-08-01,2026-08-31,1999,1999,NO
INV-0227,113,CERTIFICATION EDUCATION PROVIDERS PRIVATE LIMITED,TTSPL6751,PG02WQQJ,Lenovo ThinkPad L14,2026-08,2026-08-01,2026-08-31,1599,1599,NO
INV-0227,113,CERTIFICATION EDUCATION PROVIDERS PRIVATE LIMITED,TTSPL4695,PF34K0KK,Lenovo Thinkpad T14,2026-08,2026-08-01,2026-08-31,1599,1599,NO
INV-0227,113,CERTIFICATION EDUCATION PROVIDERS PRIVATE LIMITED,TTSPL6786,FKJ0503,Dell Latitude 3410,2026-08,2026-08-01,2026-08-31,1599,1599,NO
INV-0227,113,CERTIFICATION EDUCATION PROVIDERS PRIVATE LIMITED,TTSPL4636,572P3F3,Dell Latitude 5420 (Touch Screen),2026-08,2026-08-01,2026-08-31,1999,1999,NO
INV-0227,113,CERTIFICATION EDUCATION PROVIDERS PRIVATE LIMITED,TTSPL6842,5CG213208R,Elitebook 840 G8,2026-07,2026-07-30,2026-07-31,1599,103.16,YES
INV-0227,113,CERTIFICATION EDUCATION PROVIDERS PRIVATE LIMITED,TTSPL6842,5CG213208R,Elitebook 840 G8,2026-08,2026-08-01,2026-08-31,1599,1599,NO
INV-0227,113,CERTIFICATION EDUCATION PROVIDERS PRIVATE LIMITED,TTSPL4632,6CG08C3,Latitude 5420 (Touch Screen),2026-07,2026-07-30,2026-07-31,1999,128.97,YES
INV-0227,113,CERTIFICATION EDUCATION PROVIDERS PRIVATE LIMITED,TTSPL4632,6CG08C3,Latitude 5420 (Touch Screen),2026-08,2026-08-01,2026-08-31,1999,1999,NO
INV-0227,113,CERTIFICATION EDUCATION PROVIDERS PRIVATE LIMITED,TTSPL4750,CTTVZH3,Dell Latitude 5420,2026-08,2026-08-01,2026-08-31,1999,1999,NO
INV-0227,113,CERTIFICATION EDUCATION PROVIDERS PRIVATE LIMITED,TTSPL4661,5XJ14M3,Dell Latitude 5420,2026-08,2026-08-01,2026-08-31,1999,1999,NO
INV-0227,113,CERTIFICATION EDUCATION PROVIDERS PRIVATE LIMITED,TTSPL4746,47T50J3,Dell Latitude 5420,2026-08,2026-08-01,2026-08-31,1999,1999,NO
INV-0227,113,CERTIFICATION EDUCATION PROVIDERS PRIVATE LIMITED,TTSPL4760,377F1J3,Dell Latitude 5420,2026-08,2026-08-01,2026-08-31,1999,1999,NO
INV-0227,113,CERTIFICATION EDUCATION PROVIDERS PRIVATE LIMITED,TTSPL4326,PF2R3B1C,Lenovo Thinkpad T14,2026-08,2026-08-01,2026-08-31,1999,1999,NO
INV-0227,113,CERTIFICATION EDUCATION PROVIDERS PRIVATE LIMITED,TTSPL4811,GZTXZH3,Dell Latitude 5420,2026-08,2026-08-01,2026-08-31,1999,1999,NO
INV-0227,113,CERTIFICATION EDUCATION PROVIDERS PRIVATE LIMITED,TTSPL4800,32C60J3,Dell Latitude 5420,2026-08,2026-08-01,2026-08-31,1999,1999,NO
INV-0227,113,CERTIFICATION EDUCATION PROVIDERS PRIVATE LIMITED,TTSPL6961,GF3M6G3,Dell Latitude 7420,2026-08,2026-08-01,2026-08-31,1999,1999,NO
INV-0227,113,CERTIFICATION EDUCATION PROVIDERS PRIVATE LIMITED,TTSPL4939,54GVZH3,Dell Latitude 5420,2026-08,2026-08-01,2026-08-31,1999,1999,NO
INV-0227,113,CERTIFICATION EDUCATION PROVIDERS PRIVATE LIMITED,TTSPL4666,6JCC4M3,Dell Latitude 5420 (Touch Screen),2026-08,2026-08-01,2026-08-31,1999,1999,NO
INV-0221,121,BERGEN ASSOCIATES PVT LTD.,TTSPLGR0106,4MBZ7Y2,Dell Latitude 7490,2026-08,2026-08-01,2026-08-31,2400,2400,NO
INV-0221,121,BERGEN ASSOCIATES PVT LTD.,TRU748,5CD7020237,HP Laptop Probook 430 G3,2026-08,2026-08-01,2026-08-31,1440,1440,NO
INV-0314,126,DAWNSUN EXIM CORPORATION,TTSPL2769,2J776H2,Dell Latitude E5470,2026-08,2026-08-01,2026-08-31,1699,1699,NO
INV-0314,126,DAWNSUN EXIM CORPORATION,TRU1395,PC0C77TD,Dell Latitude E7440,2026-08,2026-08-01,2026-08-31,1850,1850,NO
INV-0314,126,DAWNSUN EXIM CORPORATION,TTSPL1265,9654N32,Dell Latitude E7440,2026-08,2026-08-01,2026-08-31,2790,2790,NO
INV-0314,126,DAWNSUN EXIM CORPORATION,TTSPL1878,PC0C78BZ,Lenovo Laptop Thinkpad T450,2026-08,2026-08-01,2026-08-31,1850,1850,NO
INV-0314,126,DAWNSUN EXIM CORPORATION,-,J4ZM622,Dell Latitude 5450,2026-08,2026-08-01,2026-08-31,1850,1850,NO
INV-0314,126,DAWNSUN EXIM CORPORATION,TRU730,5CG5111FSX,HP ELITEBOOK 840G1,2026-08,2026-08-01,2026-08-31,1850,1850,NO
INV-0314,126,DAWNSUN EXIM CORPORATION,TTSPL3601,PF2E0ZQJ,Lenovo Thinkpad L14,2026-08,2026-08-01,2026-08-31,2299,2299,NO
INV-0314,126,DAWNSUN EXIM CORPORATION,TTSPL2441,5CD6223G6Y,HP Probook 440 G3,2026-08,2026-08-01,2026-08-31,2090,2090,NO
INV-0314,126,DAWNSUN EXIM CORPORATION,TTSPL3254,PC0BBAAX,Lenovo Thinkpad T450,2026-08,2026-08-01,2026-08-31,1699,1699,NO
INV-0365,129,Benchkart Services Private Limited,TTSPL1042,5CG514034J,HP Elitebook 840 G1,2026-08,2026-08-01,2026-08-31,1299,1299,NO
INV-0365,129,Benchkart Services Private Limited,TTSPL2935,D89KNN2,DELL Latitude 7480,2026-08,2026-08-01,2026-08-31,1299,1299,NO
INV-0365,129,Benchkart Services Private Limited,TTSPL1426,CND5184NMK,HP Laptop Probook 440 G2,2026-08,2026-08-01,2026-08-31,2290,2290,NO
INV-0365,129,Benchkart Services Private Limited,TTSPL3917,9C8P1N2,Dell Latitude 7480,2026-08,2026-08-01,2026-08-31,1299,1299,NO
INV-0365,129,Benchkart Services Private Limited,TTSPL1885,JPH8103HTJ,HP Elitebook 820 G3,2026-08,2026-08-01,2026-08-31,1299,1299,NO
INV-0365,129,Benchkart Services Private Limited,TTSPL2941,FGYK0N2,Dell Latitude 7480,2026-08,2026-08-01,2026-08-31,1299,1299,NO
INV-0365,129,Benchkart Services Private Limited,TTSPL3251,1FDHNH2,Dell Latitude E5480,2026-08,2026-08-01,2026-08-31,1299,1299,NO
INV-0365,129,Benchkart Services Private Limited,TTSPL5317,5SXRFW2,Dell Latitude 5300,2026-08,2026-08-01,2026-08-31,1349,1349,NO
INV-0365,129,Benchkart Services Private Limited,TTSPL1588,D3W7CG2,Dell Latitude E5470,2026-08,2026-08-01,2026-08-31,1299,1299,NO
INV-0365,129,Benchkart Services Private Limited,TTSPL2762,FT176H2,Dell Latitude 5470,2026-08,2026-08-01,2026-08-31,1299,1299,NO
INV-0270,138,Clanify Media Private Limited,TTSPL6672,5GLZP13,Dell Latitude 5400,2026-08,2026-08-01,2026-08-31,1200,1200,NO
INV-0270,138,Clanify Media Private Limited,TTSPL3239,PF26JSRW,Lenovo Thinkpad T490 (Touchscreen),2026-08,2026-08-01,2026-08-31,1200,1200,NO
INV-0270,138,Clanify Media Private Limited,TTSPL7487,5CG0273X3S,HP ProBook 640 G5,2026-07,2026-07-25,2026-07-31,1300,293.55,YES
INV-0270,138,Clanify Media Private Limited,TTSPL7487,5CG0273X3S,HP ProBook 640 G5,2026-08,2026-08-01,2026-08-31,1300,1300,NO
INV-0270,138,Clanify Media Private Limited,TTSPL7391,5CG0278BQ2,HP ProBook 640 G5,2026-07,2026-07-25,2026-07-31,1300,293.55,YES
INV-0270,138,Clanify Media Private Limited,TTSPL7391,5CG0278BQ2,HP ProBook 640 G5,2026-08,2026-08-01,2026-08-31,1300,1300,NO
INV-0270,138,Clanify Media Private Limited,TTSPL7478,5CG0278G3Y,HP ProBook 640 G5,2026-07,2026-07-25,2026-07-31,1300,293.55,YES
INV-0270,138,Clanify Media Private Limited,TTSPL7478,5CG0278G3Y,HP ProBook 640 G5,2026-08,2026-08-01,2026-08-31,1300,1300,NO
INV-0270,138,Clanify Media Private Limited,TTSPL7497,5CG0274G1K,HP ProBook 640 G5,2026-07,2026-07-25,2026-07-31,1300,293.55,YES
INV-0270,138,Clanify Media Private Limited,TTSPL7497,5CG0274G1K,HP ProBook 640 G5,2026-08,2026-08-01,2026-08-31,1300,1300,NO
INV-0270,138,Clanify Media Private Limited,TTSPL7483,5CG0278MBZ,HP ProBook 640 G5,2026-07,2026-07-25,2026-07-31,1300,293.55,YES
INV-0270,138,Clanify Media Private Limited,TTSPL7483,5CG0278MBZ,HP ProBook 640 G5,2026-08,2026-08-01,2026-08-31,1300,1300,NO
INV-0270,138,Clanify Media Private Limited,TTSPL7479,5CG0278L02,HP ProBook 640 G5,2026-07,2026-07-25,2026-07-31,1300,293.55,YES
INV-0270,138,Clanify Media Private Limited,TTSPL7479,5CG0278L02,HP ProBook 640 G5,2026-08,2026-08-01,2026-08-31,1300,1300,NO
INV-0270,138,Clanify Media Private Limited,TTSPL4963,PC1H12FE,Lenovo Thinkpad T490s,2026-08,2026-08-01,2026-08-31,1200,1200,NO
INV-0270,138,Clanify Media Private Limited,TTSPL4084,90TX303,Dell Latitude 5310,2026-08,2026-08-01,2026-08-31,1799,1799,NO
INV-0270,138,Clanify Media Private Limited,TTSPL3538,PC1NVVAD,lenovo Thinkpad X-13,2026-08,2026-08-01,2026-08-31,1799,1799,NO
INV-0270,138,Clanify Media Private Limited,TTSPL3578,PC1S0LAW,lenovo Thinkpad X-13,2026-08,2026-08-01,2026-08-31,1799,1799,NO
INV-0270,138,Clanify Media Private Limited,TTSPL6347,HJFNS93,Dell Latitude 3410,2026-08,2026-08-01,2026-08-31,1799,1799,NO
INV-0270,138,Clanify Media Private Limited,TTSPL3181,PF28Z9XF,Lenovo Thinkpad T490 (Touchscreen),2026-08,2026-08-01,2026-08-31,1200,1200,NO
INV-0270,138,Clanify Media Private Limited,TTSPL6281,7SKG463,Dell Latitude 3410,2026-08,2026-08-01,2026-08-31,1799,1799,NO
INV-0270,138,Clanify Media Private Limited,TTSPL5662,DC63C63,Dell Latitude 3410,2026-08,2026-08-01,2026-08-31,1799,1799,NO
INV-0332,139,Clickonik Digital Private Limited,TTSPL4910,PC16248Q,Lenovo Thinkpad T480s,2026-08,2026-08-01,2026-08-31,1599,1599,NO
INV-0332,139,Clickonik Digital Private Limited,TTSPL7406,5CG0278Q1C,ProBook 640 G5,2026-07,2026-07-27,2026-07-31,1599,257.9,YES
INV-0332,139,Clickonik Digital Private Limited,TTSPL7406,5CG0278Q1C,ProBook 640 G5,2026-08,2026-08-01,2026-08-31,1599,1599,NO
INV-0309,207,CARRUM MOBILITY SOLUTIONS PRIVATE LIMITED,,BG0BW93,Dell Latitude 3410,2026-08,2026-08-01,2026-08-31,0,0,NO
INV-0309,207,CARRUM MOBILITY SOLUTIONS PRIVATE LIMITED,TTSPL6456,8Q33C63,Dell Latitude 3410,2026-08,2026-08-01,2026-08-31,1500,1500,NO
INV-0309,207,CARRUM MOBILITY SOLUTIONS PRIVATE LIMITED,,F3QM763,Dell Latitude 3410,2026-08,2026-08-01,2026-08-31,0,0,NO
INV-0309,207,CARRUM MOBILITY SOLUTIONS PRIVATE LIMITED,TTSPL6914,PF2QDGLS,Lenovo Thinkpad T14,2026-08,2026-08-01,2026-08-31,1500,1500,NO
INV-0309,207,CARRUM MOBILITY SOLUTIONS PRIVATE LIMITED,TTSPL6726,G543C63,Dell Latitude 3410,2026-08,2026-08-01,2026-08-31,1500,1500,NO
INV-0309,207,CARRUM MOBILITY SOLUTIONS PRIVATE LIMITED,TTSPL6244,3KFNS93,Dell Latitude 3410,2026-08,2026-08-01,2026-08-31,1500,1500,NO
INV-0309,207,CARRUM MOBILITY SOLUTIONS PRIVATE LIMITED,TTSPL6067,10P5V93,Dell Latitude 3410,2026-08,2026-08-01,2026-08-31,1500,1500,NO
INV-0309,207,CARRUM MOBILITY SOLUTIONS PRIVATE LIMITED,TTSPL6782,JYP1T93,Dell Latitude 3410,2026-08,2026-08-01,2026-08-31,1500,1500,NO
INV-0309,207,CARRUM MOBILITY SOLUTIONS PRIVATE LIMITED,TTSPL6345,FMR1T93,Dell Latitude 3410,2026-08,2026-08-01,2026-08-31,1500,1500,NO
INV-0309,207,CARRUM MOBILITY SOLUTIONS PRIVATE LIMITED,TTSPL3787,7QJHDB3,Dell Latitude 5410,2026-08,2026-08-01,2026-08-31,1500,1500,NO
INV-0309,207,CARRUM MOBILITY SOLUTIONS PRIVATE LIMITED,TTSPL6080,CSSS103,Dell Latitude 3410,2026-08,2026-08-01,2026-08-31,1349,1349,NO
INV-0309,207,CARRUM MOBILITY SOLUTIONS PRIVATE LIMITED,TTSPL2987,58JVCB3,Latitude 5411,2026-07,2026-07-02,2026-07-31,1500,1451.61,YES
INV-0309,207,CARRUM MOBILITY SOLUTIONS PRIVATE LIMITED,TTSPL2987,58JVCB3,Latitude 5411,2026-08,2026-08-01,2026-08-31,1500,1500,NO
INV-0309,207,CARRUM MOBILITY SOLUTIONS PRIVATE LIMITED,TTSPL6543,7673C63,Dell Latitude 3410,2026-08,2026-08-01,2026-08-31,1500,1500,NO
INV-0309,207,CARRUM MOBILITY SOLUTIONS PRIVATE LIMITED,TTSPL6242,129Q463,Dell Latitude 3410,2026-08,2026-08-01,2026-08-31,1500,1500,NO
INV-0309,207,CARRUM MOBILITY SOLUTIONS PRIVATE LIMITED,TTSPL6235,8C63C63,Dell Latitude 3410,2026-08,2026-08-01,2026-08-31,1500,1500,NO
INV-0309,207,CARRUM MOBILITY SOLUTIONS PRIVATE LIMITED,TTSPL6467,4SS5103,Dell Latitude 3410,2026-08,2026-08-01,2026-08-31,1500,1500,NO
INV-0309,207,CARRUM MOBILITY SOLUTIONS PRIVATE LIMITED,TTSPL6486,2FQM763,Dell Latitude 3410,2026-08,2026-08-01,2026-08-31,1500,1500,NO
INV-0309,207,CARRUM MOBILITY SOLUTIONS PRIVATE LIMITED,TTSPL6736,3PP5V93,Dell Latitude 3410,2026-08,2026-08-01,2026-08-31,1500,1500,NO
INV-0309,207,CARRUM MOBILITY SOLUTIONS PRIVATE LIMITED,TTSPL6789,7YP1T93,Dell Latitude 3410,2026-08,2026-08-01,2026-08-31,1500,1500,NO
INV-0309,207,CARRUM MOBILITY SOLUTIONS PRIVATE LIMITED,TTSPL6605,4PYYJG3,Dell Latitude 3420,2026-08,2026-08-01,2026-08-31,1500,1500,NO
INV-0309,207,CARRUM MOBILITY SOLUTIONS PRIVATE LIMITED,TTSPL6633,2DK5QG3,Dell Latitude 3420,2026-08,2026-08-01,2026-08-31,1500,1500,NO
INV-0309,207,CARRUM MOBILITY SOLUTIONS PRIVATE LIMITED,TTSPL6626,FKF2QG3,Dell Latitude 3420,2026-08,2026-08-01,2026-08-31,1500,1500,NO
INV-0309,207,CARRUM MOBILITY SOLUTIONS PRIVATE LIMITED,TTSPL6290,FY73C63,Dell Latitude 3410,2026-08,2026-08-01,2026-08-31,1500,1500,NO
INV-0309,207,CARRUM MOBILITY SOLUTIONS PRIVATE LIMITED,TTSPL6448,79RM763,Dell Latitude 3410,2026-08,2026-08-01,2026-08-31,1500,1500,NO
INV-0309,207,CARRUM MOBILITY SOLUTIONS PRIVATE LIMITED,TTSPL6731,1DQM763,Dell Latitude 3410,2026-08,2026-08-01,2026-08-31,1500,1500,NO
INV-0309,207,CARRUM MOBILITY SOLUTIONS PRIVATE LIMITED,TTSPL6482,BPN6V93,Dell Latitude 3410,2026-08,2026-08-01,2026-08-31,1500,1500,NO
INV-0309,207,CARRUM MOBILITY SOLUTIONS PRIVATE LIMITED,TTSPL6210,51P5V93,Dell Latitude 3410,2026-08,2026-08-01,2026-08-31,1500,1500,NO
INV-0309,207,CARRUM MOBILITY SOLUTIONS PRIVATE LIMITED,TTSPL6332,JS88D63,Dell Latitude 3410,2026-08,2026-08-01,2026-08-31,1500,1500,NO
INV-0309,207,CARRUM MOBILITY SOLUTIONS PRIVATE LIMITED,TTSPL6462,4H0BW93,Dell Latitude 3410,2026-08,2026-08-01,2026-08-31,1500,1500,NO
INV-0309,207,CARRUM MOBILITY SOLUTIONS PRIVATE LIMITED,TTSPL6294,FXT3C63,Dell Latitude 3410,2026-08,2026-08-01,2026-08-31,1500,1500,NO
INV-0309,207,CARRUM MOBILITY SOLUTIONS PRIVATE LIMITED,TTSPL6549,JRSS103,Dell Latitude 3410,2026-08,2026-08-01,2026-08-31,1500,1500,NO
INV-0309,207,CARRUM MOBILITY SOLUTIONS PRIVATE LIMITED,TTSPL6732,DY23C63,Dell Latitude 3410,2026-08,2026-08-01,2026-08-31,1500,1500,NO
INV-0309,207,CARRUM MOBILITY SOLUTIONS PRIVATE LIMITED,TTSPL6011,4JP1T93,Dell Latitude 3410,2026-08,2026-08-01,2026-08-31,1500,1500,NO
INV-0309,207,CARRUM MOBILITY SOLUTIONS PRIVATE LIMITED,TTSPL6541,J90BW93,Dell Latitude 3410,2026-08,2026-08-01,2026-08-31,1500,1500,NO
INV-0309,207,CARRUM MOBILITY SOLUTIONS PRIVATE LIMITED,TTSPL6165,PF1BWVHC,Lenovo Thinkpad T14,2026-08,2026-08-01,2026-08-31,1500,1500,NO
INV-0309,207,CARRUM MOBILITY SOLUTIONS PRIVATE LIMITED,TTSPL6327,6B0BW93,Dell Latitude 3410,2026-08,2026-08-01,2026-08-31,1500,1500,NO
INV-0309,207,CARRUM MOBILITY SOLUTIONS PRIVATE LIMITED,TTSPL6911,PF22M2NY,Lenovo Thinkpad T14,2026-08,2026-08-01,2026-08-31,1500,1500,NO
INV-0309,207,CARRUM MOBILITY SOLUTIONS PRIVATE LIMITED,TTSPL6115,PF22M76P,Lenovo Thinkpad T14,2026-08,2026-08-01,2026-08-31,1500,1500,NO
INV-0309,207,CARRUM MOBILITY SOLUTIONS PRIVATE LIMITED,TTSPL6661,FDTM763,Dell Latitude 3410,2026-08,2026-08-01,2026-08-31,1500,1500,NO
INV-0309,207,CARRUM MOBILITY SOLUTIONS PRIVATE LIMITED,TTSPL6721,7GP5V93,Dell Latitude 3410,2026-08,2026-08-01,2026-08-31,1500,1500,NO
INV-0309,207,CARRUM MOBILITY SOLUTIONS PRIVATE LIMITED,TTSPL6777,17SM763,Dell Latitude 3410,2026-08,2026-08-01,2026-08-31,1500,1500,NO
INV-0309,207,CARRUM MOBILITY SOLUTIONS PRIVATE LIMITED,TTSPL6783,DQP5V93,Dell Latitude 3410,2026-08,2026-08-01,2026-08-31,1500,1500,NO
INV-0309,207,CARRUM MOBILITY SOLUTIONS PRIVATE LIMITED,TTSPL6262,4FQM763,Dell Latitude 3410,2026-08,2026-08-01,2026-08-31,1500,1500,NO
INV-0309,207,CARRUM MOBILITY SOLUTIONS PRIVATE LIMITED,TTSPL6286,DDQ1T93,Dell Latitude 3410,2026-08,2026-08-01,2026-08-31,1500,1500,NO
INV-0309,207,CARRUM MOBILITY SOLUTIONS PRIVATE LIMITED,TTSPL6494,HLN6V93,Dell Latitude 3410,2026-08,2026-08-01,2026-08-31,1500,1500,NO
INV-0309,207,CARRUM MOBILITY SOLUTIONS PRIVATE LIMITED,TTSPL6545,GGP5V93,Dell Latitude 3410,2026-08,2026-08-01,2026-08-31,1500,1500,NO
INV-0309,207,CARRUM MOBILITY SOLUTIONS PRIVATE LIMITED,TTSPL6506,87QS103,Dell Latitude 3410,2026-08,2026-08-01,2026-08-31,1500,1500,NO
INV-0309,207,CARRUM MOBILITY SOLUTIONS PRIVATE LIMITED,TTSPL6159,PF31SJMM,Lenovo Thinkpad T14,2026-08,2026-08-01,2026-08-31,1500,1500,NO
INV-0309,207,CARRUM MOBILITY SOLUTIONS PRIVATE LIMITED,TTSPL5160,PF1TAY1C,Lenovo Thinkpad T14,2026-08,2026-08-01,2026-08-31,1500,1500,NO
INV-0309,207,CARRUM MOBILITY SOLUTIONS PRIVATE LIMITED,TTSPL6239,F3Q5V93,Dell Latitude 3410,2026-08,2026-08-01,2026-08-31,1500,1500,NO
INV-0309,207,CARRUM MOBILITY SOLUTIONS PRIVATE LIMITED,TTSPL6903,PF1VL73L,Lenovo Thinkpad T14,2026-08,2026-08-01,2026-08-31,1500,1500,NO
INV-0309,207,CARRUM MOBILITY SOLUTIONS PRIVATE LIMITED,TTSPL6912,PF254LPC,Lenovo Thinkpad T14,2026-08,2026-08-01,2026-08-31,1500,1500,NO
INV-0309,207,CARRUM MOBILITY SOLUTIONS PRIVATE LIMITED,TTSPL4704,PF31MKPA,Lenovo Thinkpad T14,2026-08,2026-08-01,2026-08-31,1500,1500,NO
INV-0309,207,CARRUM MOBILITY SOLUTIONS PRIVATE LIMITED,TTSPL3008,JRDXL63,Dell Latitude 5410,2026-08,2026-08-01,2026-08-31,1500,1500,NO
INV-0309,207,CARRUM MOBILITY SOLUTIONS PRIVATE LIMITED,TTSPL3784,F13JDB3,Dell Latitude 5410,2026-08,2026-08-01,2026-08-31,1500,1500,NO
INV-0309,207,CARRUM MOBILITY SOLUTIONS PRIVATE LIMITED,TTSPL3798,867P693,Dell Latitude 5410,2026-08,2026-08-01,2026-08-31,1500,1500,NO
INV-0309,207,CARRUM MOBILITY SOLUTIONS PRIVATE LIMITED,TTSPL3038,B0DW373,Dell Latitude 5411,2026-08,2026-08-01,2026-08-31,1500,1500,NO
INV-0309,207,CARRUM MOBILITY SOLUTIONS PRIVATE LIMITED,TTSPL4187,GSGF0B3,Dell Latitude 5310,2026-08,2026-08-01,2026-08-31,1500,1500,NO
INV-0309,207,CARRUM MOBILITY SOLUTIONS PRIVATE LIMITED,TTSPL6054,DYR1T93,Dell Latitude 3410,2026-08,2026-08-01,2026-08-31,1500,1500,NO
INV-0309,207,CARRUM MOBILITY SOLUTIONS PRIVATE LIMITED,TTSPL3006,5SLCS73,Dell Latitude 5410,2026-08,2026-08-01,2026-08-31,1500,1500,NO
INV-0309,207,CARRUM MOBILITY SOLUTIONS PRIVATE LIMITED,TTSPL3101,16TJX53,Dell Latitude 5410,2026-08,2026-08-01,2026-08-31,1500,1500,NO
INV-0309,207,CARRUM MOBILITY SOLUTIONS PRIVATE LIMITED,TTSPL6493,F2PS103,Dell Latitude 3410,2026-08,2026-08-01,2026-08-31,1500,1500,NO
INV-0309,207,CARRUM MOBILITY SOLUTIONS PRIVATE LIMITED,TTSPL6146,PF1A5YST,Lenovo Thinkpad T14,2026-08,2026-08-01,2026-08-31,1500,1500,NO
INV-0309,207,CARRUM MOBILITY SOLUTIONS PRIVATE LIMITED,TTSPL6457,6RSS103,Dell Latitude 3410,2026-08,2026-08-01,2026-08-31,1500,1500,NO
INV-0309,207,CARRUM MOBILITY SOLUTIONS PRIVATE LIMITED,TTSPL6501,4C63C63,Dell Latitude 3410,2026-08,2026-08-01,2026-08-31,1500,1500,NO
INV-0309,207,CARRUM MOBILITY SOLUTIONS PRIVATE LIMITED,TTSPL6233,26SM763,Dell Latitude 3410,2026-08,2026-08-01,2026-08-31,1500,1500,NO
INV-0309,207,CARRUM MOBILITY SOLUTIONS PRIVATE LIMITED,TTSPL6446,93P6V93,Dell Latitude 3410,2026-08,2026-08-01,2026-08-31,1500,1500,NO
INV-0231,147,Dipanshu Mutreja,TTSPL5170,PG02Y0ET,Lenovo Thinkpad E14 (Gen 2),2026-08,2026-08-01,2026-08-31,1999,1999,NO
INV-0317,142,ENHANCED WAPP SYSTEMS INDIA PRIVATE LIMITED (HR),TTSPL3591,PC112ME5,Lenovo Thinkpad T480s,2026-08,2026-08-01,2026-08-31,2499,2499,NO
INV-0362,145,COAL BEAUTY PRIVATE LIMITED,TTSPL2752,7X3HQC2,Dell Latitude E5470,2026-08,2026-08-01,2026-08-31,1199,1199,NO
INV-0362,145,COAL BEAUTY PRIVATE LIMITED,TTSPL1053,3C4DQH2,Dell Latitude E7480,2026-08,2026-08-01,2026-08-31,1199,1199,NO
INV-0362,145,COAL BEAUTY PRIVATE LIMITED,TTSPL2668,PC0HB1CX,Lenovo Thinkpad T460,2026-08,2026-08-01,2026-08-31,1199,1199,NO
INV-0362,145,COAL BEAUTY PRIVATE LIMITED,TTSPL1007,DDK5ZM2,Dell Latitude 7480,2026-08,2026-08-01,2026-08-31,1199,1199,NO
INV-0362,145,COAL BEAUTY PRIVATE LIMITED,TTSPL1020,7496ZM2,Dell Latitude 7480,2026-08,2026-08-01,2026-08-31,1199,1199,NO
INV-0362,145,COAL BEAUTY PRIVATE LIMITED,TTSPL4152,4N6SLH2,Dell Latitude 7480,2026-08,2026-08-01,2026-08-31,1199,1199,NO
INV-0362,145,COAL BEAUTY PRIVATE LIMITED,TTSPL2579,GGY0M72,Dell Latitude E5470,2026-08,2026-08-01,2026-08-31,1199,1199,NO
INV-0362,145,COAL BEAUTY PRIVATE LIMITED,TTSPL1457,5CG6420BW4,HP Elitebook 820 G3,2026-08,2026-08-01,2026-08-31,1199,1199,NO
INV-0362,145,COAL BEAUTY PRIVATE LIMITED,TTSPL1783,5CG5111XJY,HP Elitebook Folio 9480m,2026-08,2026-08-01,2026-08-31,1199,1199,NO
INV-0322,157,B2C (Naveen Verma),TTSPL2404,PF0WDAPR,Lenovo Laptop Thinkpad T470,2026-08,2026-08-01,2026-08-31,1356,1356,NO
INV-0345,154,ALL INDIA ASIAN EDUCATIONAL FOUNDATION,TTSPL6654,8VRD2B3,Dell Latitude 3420,2026-08,2026-08-01,2026-08-31,1599,1599,NO
INV-0345,154,ALL INDIA ASIAN EDUCATIONAL FOUNDATION,TTSPL5772,8TXYJG3,Dell Latitude 3420,2026-08,2026-08-01,2026-08-31,1599,1599,NO
INV-0345,154,ALL INDIA ASIAN EDUCATIONAL FOUNDATION,TTSPL5800,9ZL1QM3,Dell Latitude 5420,2026-08,2026-08-01,2026-08-31,1599,1599,NO
INV-0345,154,ALL INDIA ASIAN EDUCATIONAL FOUNDATION,TTSPL5829,DPNXVM3,Dell Latitude 5420,2026-08,2026-08-01,2026-08-31,1599,1599,NO
INV-0345,154,ALL INDIA ASIAN EDUCATIONAL FOUNDATION,TTSPL5690,5CD112LW10,HP Probook 440 G8,2026-08,2026-08-01,2026-08-31,1599,1599,NO
INV-0345,154,ALL INDIA ASIAN EDUCATIONAL FOUNDATION,TTSPL5776,82B8SL3,Dell Latitude 3420,2026-08,2026-08-01,2026-08-31,1599,1599,NO
INV-0345,154,ALL INDIA ASIAN EDUCATIONAL FOUNDATION,TTSPL6062,BSST1B3,Dell Latitude 3420,2026-08,2026-08-01,2026-08-31,1599,1599,NO
INV-0345,154,ALL INDIA ASIAN EDUCATIONAL FOUNDATION,TTSPL5239,PG02SKCB,Lenovo Thinkpad E14 (Gen 2),2026-08,2026-08-01,2026-08-31,1599,1599,NO
INV-0345,154,ALL INDIA ASIAN EDUCATIONAL FOUNDATION,TTSPL4473,PC282ZEQ,Lenovo Thinkpad X-13,2026-08,2026-08-01,2026-08-31,1599,1599,NO
INV-0345,154,ALL INDIA ASIAN EDUCATIONAL FOUNDATION,TTSPL4382,PC2830BW,Lenovo Thinkpad X-13,2026-08,2026-08-01,2026-08-31,1599,1599,NO
INV-0345,154,ALL INDIA ASIAN EDUCATIONAL FOUNDATION,TTSPL5774,JHRD2B3,Dell Latitude 3420,2026-08,2026-08-01,2026-08-31,1599,1599,NO
INV-0345,154,ALL INDIA ASIAN EDUCATIONAL FOUNDATION,TTSPL4363,PC28HQ8Q,Lenovo Thinkpad X-13,2026-08,2026-08-01,2026-08-31,1599,1599,NO
INV-0345,154,ALL INDIA ASIAN EDUCATIONAL FOUNDATION,TTSPL5830,772G2B3,Dell Latitude 3420,2026-08,2026-08-01,2026-08-31,1599,1599,NO
INV-0345,154,ALL INDIA ASIAN EDUCATIONAL FOUNDATION,TTSPL5279,PG02SKA3,Lenovo Thinkpad E14 (Gen 2),2026-08,2026-08-01,2026-08-31,1599,1599,NO
INV-0345,154,ALL INDIA ASIAN EDUCATIONAL FOUNDATION,TTSPL5235,PG02SKCJ,Lenovo Thinkpad E14 (Gen 2),2026-08,2026-08-01,2026-08-31,1599,1599,NO
INV-0345,154,ALL INDIA ASIAN EDUCATIONAL FOUNDATION,TTSPL5269,PG02Y0EV,Lenovo Thinkpad E14 (Gen 2),2026-08,2026-08-01,2026-08-31,1599,1599,NO
INV-0345,154,ALL INDIA ASIAN EDUCATIONAL FOUNDATION,TTSPL5234,PG02Y0E4,Lenovo Thinkpad E14 (Gen 2),2026-08,2026-08-01,2026-08-31,1599,1599,NO
INV-0345,154,ALL INDIA ASIAN EDUCATIONAL FOUNDATION,TTSPL5714,7C14JL3,Dell Latitude 3420,2026-08,2026-08-01,2026-08-31,1599,1599,NO
INV-0345,154,ALL INDIA ASIAN EDUCATIONAL FOUNDATION,TTSPL5727,45QYCL3,Dell Latitude 3420,2026-08,2026-08-01,2026-08-31,1599,1599,NO
INV-0345,154,ALL INDIA ASIAN EDUCATIONAL FOUNDATION,TTSPL5832,DRQD2B3,Dell Latitude 3420,2026-08,2026-08-01,2026-08-31,1599,1599,NO
INV-0370,203,CDBASE SOLUTIONS INDIA PRIVATE LIMITED,TTSPL5827,1Q92QG3,Dell Latitude 3420,2026-08,2026-08-01,2026-08-31,2099,2099,NO
INV-0370,203,CDBASE SOLUTIONS INDIA PRIVATE LIMITED,TTSPL4332,PF2R1Q0K,Lenovo Thinkpad T14,2026-08,2026-08-01,2026-08-31,2099,2099,NO
INV-0370,203,CDBASE SOLUTIONS INDIA PRIVATE LIMITED,TTSPL4221,5VHPK63,Dell Latitude 5410,2026-08,2026-08-01,2026-08-31,2099,2099,NO
INV-0370,203,CDBASE SOLUTIONS INDIA PRIVATE LIMITED,TTSPL4115,GY7S303,Dell Latitude 5310,2026-08,2026-08-01,2026-08-31,2099,2099,NO
INV-0370,203,CDBASE SOLUTIONS INDIA PRIVATE LIMITED,TTSPL4073,42S8C63,Dell Latitude 5310,2026-08,2026-08-01,2026-08-31,2099,2099,NO
INV-0370,203,CDBASE SOLUTIONS INDIA PRIVATE LIMITED,TTSPL5236,PF3D20BN,Lenovo Thinkpad E14 (Gen 2),2026-08,2026-08-01,2026-08-31,2099,2099,NO
INV-0370,203,CDBASE SOLUTIONS INDIA PRIVATE LIMITED,TTSPL6857,PG02X910,Lenovo Thinkpad L14,2026-08,2026-08-01,2026-08-31,2099,2099,NO
INV-0370,203,CDBASE SOLUTIONS INDIA PRIVATE LIMITED,TTSPL4161,G1JV3F3,Dell Latitude 7310,2026-08,2026-08-01,2026-08-31,2099,2099,NO
INV-0370,203,CDBASE SOLUTIONS INDIA PRIVATE LIMITED,TTSPL4231,1JDFGB3,Dell Latitude 5410,2026-08,2026-08-01,2026-08-31,2099,2099,NO
INV-0370,203,CDBASE SOLUTIONS INDIA PRIVATE LIMITED,TTSPL6866,5CG2028599,HP Elitebook 840 G8,2026-08,2026-08-01,2026-08-31,2099,2099,NO
INV-0370,203,CDBASE SOLUTIONS INDIA PRIVATE LIMITED,TTSPL4348,PF2R0ZLE,Lenovo Thinkpad T14,2026-08,2026-08-01,2026-08-31,2099,2099,NO
INV-0370,203,CDBASE SOLUTIONS INDIA PRIVATE LIMITED,TTSPL7261,R913GZDL,Lenovo Thinkpad L13,2026-08,2026-08-01,2026-08-31,2099,2099,NO
INV-0370,203,CDBASE SOLUTIONS INDIA PRIVATE LIMITED,TTSPL7209,R914RLPW,Lenovo Thinkpad L13,2026-08,2026-08-01,2026-08-31,2099,2099,NO
INV-0370,203,CDBASE SOLUTIONS INDIA PRIVATE LIMITED,TTSPL6870,5CG2140ZB4,HP Elitebook 840 G8,2026-08,2026-08-01,2026-08-31,2099,2099,NO
INV-0370,203,CDBASE SOLUTIONS INDIA PRIVATE LIMITED,TTSPL4122,FCLRC63,Dell Latitude 5310,2026-08,2026-08-01,2026-08-31,2099,2099,NO
INV-0370,203,CDBASE SOLUTIONS INDIA PRIVATE LIMITED,TTSPL4345,PF2R391G,Lenovo Thinkpad T14,2026-08,2026-08-01,2026-08-31,2099,2099,NO
INV-0370,203,CDBASE SOLUTIONS INDIA PRIVATE LIMITED,TTSPL4404,PF262FR2,Lenovo Thinkpad T490,2026-08,2026-08-01,2026-08-31,2099,2099,NO
INV-0370,203,CDBASE SOLUTIONS INDIA PRIVATE LIMITED,TTSPL4324,PF2R27ME,Lenovo Thinkpad T14,2026-08,2026-08-01,2026-08-31,2099,2099,NO
INV-0370,203,CDBASE SOLUTIONS INDIA PRIVATE LIMITED,TTSPL4387,PC28VSRP,Lenovo Thinkpad X-13,2026-08,2026-08-01,2026-08-31,2099,2099,NO
INV-0370,203,CDBASE SOLUTIONS INDIA PRIVATE LIMITED,TTSPL4729,PF32FQ68,Lenovo Thinkpad T14,2026-08,2026-08-01,2026-08-31,2099,2099,NO
INV-0370,203,CDBASE SOLUTIONS INDIA PRIVATE LIMITED,TTSPL4395,PC27MNR5,Lenovo Thinkpad X-13,2026-08,2026-08-01,2026-08-31,2099,2099,NO
INV-0370,203,CDBASE SOLUTIONS INDIA PRIVATE LIMITED,TTSPL6649,HFPYCL3,Dell Latitude 3420,2026-08,2026-08-01,2026-08-31,2099,2099,NO
INV-0370,203,CDBASE SOLUTIONS INDIA PRIVATE LIMITED,TTSPL3353,5CG2260KNN,HP 240 G8,2026-08,2026-08-01,2026-08-31,2099,2099,NO
INV-0352,182,EXOTALENT CONSULTANCY SERVICES LLP,TTSPL4385,PC28HQ2R,Lenovo Thinkpad X-13,2026-08,2026-08-01,2026-08-31,1799,1799,NO
INV-0352,182,EXOTALENT CONSULTANCY SERVICES LLP,TTSPL3025,JH0J3G2,Dell Latitude E7470,2026-08,2026-08-01,2026-08-31,800,800,NO
INV-0352,182,EXOTALENT CONSULTANCY SERVICES LLP,TTSPL6438,8R6LRL3,Dell Latitude 3420,2026-08,2026-08-01,2026-08-31,2899,2899,NO
INV-0348,47,BPB Online LLP,TTSPL3619,2TK90201LV,HP Probook 640 G4,2026-08,2026-08-01,2026-08-31,1599,1599,NO
INV-0348,47,BPB Online LLP,TTSPL3630,GZTLPQ2,Dell Latitude 7490,2026-08,2026-08-01,2026-08-31,1599,1599,NO
INV-0348,47,BPB Online LLP,TTSPL3811,C0386S2,Dell Latitude 7490,2026-08,2026-08-01,2026-08-31,1599,1599,NO
INV-0348,47,BPB Online LLP,TTSPLGR0162,F59MFW2,Dell Latitude 3400,2026-08,2026-08-01,2026-08-31,1599,1599,NO
INV-0348,47,BPB Online LLP,TTSPL7160,R913GZFT,Lenovo Thinkpad L13,2026-08,2026-08-01,2026-08-31,1799,1799,NO
INV-0348,47,BPB Online LLP,TTSPL3941,C0592N2,Dell Latitude 7490,2026-08,2026-08-01,2026-08-31,1599,1599,NO
INV-0348,47,BPB Online LLP,TTSPL3464,88RMZQ2,Dell Latitude 5490,2026-08,2026-08-01,2026-08-31,1599,1599,NO
INV-0348,47,BPB Online LLP,TTSPLGR0132,4Y1ZMQ2,Dell Latitude 5490,2026-08,2026-08-01,2026-08-31,1599,1599,NO
INV-0348,47,BPB Online LLP,TTSPL3150,PF1CYQRH,Lenovo Thinkpad T490 (Touchscreen),2026-08,2026-08-01,2026-08-31,1599,1599,NO
INV-0348,47,BPB Online LLP,TTSPL3424,998V0Z2,Dell Latitude 7490,2026-08,2026-08-01,2026-08-31,1599,1599,NO
INV-0348,47,BPB Online LLP,TTSPL5649,5XN5V93,Dell Latitude 3410,2026-08,2026-08-01,2026-08-31,1599,1599,NO
INV-0348,47,BPB Online LLP,TTSPL2848,1P8XTP2,Dell Latitude 7490,2026-08,2026-08-01,2026-08-31,1599,1599,NO
INV-0348,47,BPB Online LLP,TTSPL2894,8NNCVN2,Dell Latitude 7490,2026-08,2026-08-01,2026-08-31,1599,1599,NO
INV-0348,47,BPB Online LLP,TTSPL7173,R913GZEB,Lenovo Thinkpad L13,2026-07,2026-07-07,2026-07-31,1799,1450.81,YES
INV-0348,47,BPB Online LLP,TTSPL7173,R913GZEB,Lenovo Thinkpad L13,2026-08,2026-08-01,2026-08-31,1799,1799,NO
INV-0348,47,BPB Online LLP,TTSPL7193,R913GZ8K,Lenovo Thinkpad L13,2026-07,2026-07-07,2026-07-31,1799,1450.81,YES
INV-0348,47,BPB Online LLP,TTSPL7193,R913GZ8K,Lenovo Thinkpad L13,2026-08,2026-08-01,2026-08-31,1799,1799,NO
INV-0348,47,BPB Online LLP,TTSPL4063,4G7Z5Q2,Dell Latitude 7490,2026-08,2026-08-01,2026-08-31,1599,1599,NO
INV-0348,47,BPB Online LLP,TTSPL2946,FPN88S2,Dell Latitude 7490,2026-08,2026-08-01,2026-08-31,1599,1599,NO
INV-0348,47,BPB Online LLP,TTSPL4071,BNZ9N13,Dell Latitude 5400,2026-08,2026-08-01,2026-08-31,1599,1599,NO
INV-0348,47,BPB Online LLP,TTSPL7190,R913GZ7R,Lenovo Thinkpad L13,2026-08,2026-08-01,2026-08-31,1799,1799,NO
INV-0348,47,BPB Online LLP,TTSPL7153,R913GZEX,Thinkpad L13,2026-08,2026-08-01,2026-08-31,1799,1799,NO
INV-0253,198,ASL GLOBAL ADVISORS PRIVATE LIMITED,TTSPL4991,PG04FH2X,Lenovo V14 (Gen 3),2026-08,2026-08-01,2026-08-31,2399,2399,NO
INV-0253,198,ASL GLOBAL ADVISORS PRIVATE LIMITED,TTSPL6984_B,5CG2146Y91_B,HP Elitebook 840 G8,2026-08,2026-08-01,2026-08-31,2399,2399,NO
INV-0253,198,ASL GLOBAL ADVISORS PRIVATE LIMITED,TTSPL7005,5CG2417KFM,HP Elitebook 840 G8,2026-08,2026-08-01,2026-08-31,2399,2399,NO
INV-0253,198,ASL GLOBAL ADVISORS PRIVATE LIMITED,TTSPL4824,427F1J3,Dell Latitude 5420,2026-08,2026-08-01,2026-08-31,2399,2399,NO
INV-0253,198,ASL GLOBAL ADVISORS PRIVATE LIMITED,TTSPL6999,5CG3102NCF,HP Elitebook 840 G8,2026-08,2026-08-01,2026-08-31,2399,2399,NO
INV-0253,198,ASL GLOBAL ADVISORS PRIVATE LIMITED,TTSPL4652,5XNC4M3,Dell Latitude 5420 (Touch Screen),2026-08,2026-08-01,2026-08-31,2399,2399,NO
INV-0253,198,ASL GLOBAL ADVISORS PRIVATE LIMITED,TTSPL6317,DR76HK3,Dell Latitude 5420,2026-08,2026-08-01,2026-08-31,2399,2399,NO
INV-0253,198,ASL GLOBAL ADVISORS PRIVATE LIMITED,TTSPL4979,PG04FH8Y,Lenovo V14 (Gen 3),2026-08,2026-08-01,2026-08-31,2399,2399,NO
INV-0253,198,ASL GLOBAL ADVISORS PRIVATE LIMITED,TTSPL5014,PG04FAH9,Lenovo V14 (Gen 3),2026-08,2026-08-01,2026-08-31,2399,2399,NO
INV-0253,198,ASL GLOBAL ADVISORS PRIVATE LIMITED,TTSPL5106,PG04GTGB,Lenovo V14 (Gen 3),2026-08,2026-08-01,2026-08-31,2399,2399,NO
INV-0253,198,ASL GLOBAL ADVISORS PRIVATE LIMITED,TTSPL5006,PF54RFCW,Lenovo V14 (Gen 3),2026-08,2026-08-01,2026-08-31,2399,2399,NO
INV-0253,198,ASL GLOBAL ADVISORS PRIVATE LIMITED,TTSPL4987,PG04FGYE,Lenovo V14 (Gen 3),2026-08,2026-08-01,2026-08-31,2399,2399,NO
INV-0253,198,ASL GLOBAL ADVISORS PRIVATE LIMITED,TTSPL4989,PG04FH2C,Lenovo V14 (Gen 3),2026-08,2026-08-01,2026-08-31,2399,2399,NO
INV-0310,199,BIOSKY SPACE INNOVATIONS PRIVATE LIMITED,TTSPL4645,D8CJ8C3,Dell Latitude 5420 (Touch Screen),2026-08,2026-08-01,2026-08-31,2899,2899,NO
INV-0310,199,BIOSKY SPACE INNOVATIONS PRIVATE LIMITED,TTSPL6253,8CPXVM3,Dell Latitude 5420,2026-08,2026-08-01,2026-08-31,2899,2899,NO
INV-0310,199,BIOSKY SPACE INNOVATIONS PRIVATE LIMITED,TTSPL6429,PF3B6M6K,Lenovo Legion 5,2026-08,2026-08-01,2026-08-31,7999,7999,NO
INV-0310,199,BIOSKY SPACE INNOVATIONS PRIVATE LIMITED,TTSPL3969,CND1262L3J,HP Elitebook X360 1040 G8,2026-08,2026-08-01,2026-08-31,2899,2899,NO
INV-0215,200,XSKY LOUNGE HOSPITALITY PRIVATE LIMITED,TTSPL4801,4D7F1J3,Dell Latitude 5420,2026-08,2026-08-01,2026-08-31,2222.57,2222.57,NO
INV-0215,200,XSKY LOUNGE HOSPITALITY PRIVATE LIMITED,TTSPL5785,FQ26HK3,Dell Latitude 5420,2026-08,2026-08-01,2026-08-31,2899,2899,NO
INV-0258,204,TRUE BUSINESS MINDS PRIVATE LIMITED,TTSPL6592,9WSFQ13,Dell Latitude 5400,2026-08,2026-08-01,2026-08-31,900,900,NO
INV-0258,204,TRUE BUSINESS MINDS PRIVATE LIMITED,TTSPL5534,B8J7JW2,Dell Latitude 5300,2026-08,2026-08-01,2026-08-31,900,900,NO
INV-0258,204,TRUE BUSINESS MINDS PRIVATE LIMITED,TTSPL3285,C8BJPQ2,Dell Latitude 7490,2026-08,2026-08-01,2026-08-31,900,900,NO
INV-0258,204,TRUE BUSINESS MINDS PRIVATE LIMITED,TTSPL2211,4L0HRT2,Dell Latitude 3400,2026-08,2026-08-01,2026-08-31,900,900,NO
INV-0258,204,TRUE BUSINESS MINDS PRIVATE LIMITED,TTSPL3270,GNB52X2,Dell Latitude 7490,2026-08,2026-08-01,2026-08-31,900,900,NO
INV-0258,204,TRUE BUSINESS MINDS PRIVATE LIMITED,TTSPL3066,CYP0SQ2,Dell Latitude 7490,2026-08,2026-08-01,2026-08-31,900,900,NO
INV-0258,204,TRUE BUSINESS MINDS PRIVATE LIMITED,TTSPL5480,GLQYVZ2,Dell Latitude 3400,2026-08,2026-08-01,2026-08-31,900,900,NO
INV-0258,204,TRUE BUSINESS MINDS PRIVATE LIMITED,TTSPL5310,1D2SXZ2,Dell Latitude 5300,2026-08,2026-08-01,2026-08-31,900,900,NO
INV-0258,204,TRUE BUSINESS MINDS PRIVATE LIMITED,TTSPL6715,FWWDQ13,Dell Latitude 5400,2026-08,2026-08-01,2026-08-31,900,900,NO
INV-0258,204,TRUE BUSINESS MINDS PRIVATE LIMITED,TTSPL1906,5CD8070NV7,HP Probook 440 G5,2026-08,2026-08-01,2026-08-31,900,900,NO
INV-0258,204,TRUE BUSINESS MINDS PRIVATE LIMITED,TTSPL3621,2TK90300P5,HP PROBOOK 640 G4,2026-08,2026-08-01,2026-08-31,900,900,NO
INV-0258,204,TRUE BUSINESS MINDS PRIVATE LIMITED,TTSPL3617,2TK90201YC,HP PROBOOK 640 G4,2026-08,2026-08-01,2026-08-31,900,900,NO
INV-0258,204,TRUE BUSINESS MINDS PRIVATE LIMITED,TTSPL5253,PC16244T,Lenovo Thinkpad T480s,2026-08,2026-08-01,2026-08-31,900,900,NO
INV-0258,204,TRUE BUSINESS MINDS PRIVATE LIMITED,TTSPL3622,5CG92194JK,HP PROBOOK 640 G4,2026-08,2026-08-01,2026-08-31,900,900,NO
INV-0347,211,Maxlence Digital (OPC) Private Limited,TTSPL4614,DV4FYD3,Dell Latitude 5420 (Touch Screen),2026-07,2026-07-15,2026-07-31,2750,1508.06,YES
INV-0347,211,Maxlence Digital (OPC) Private Limited,TTSPL4614,DV4FYD3,Dell Latitude 5420 (Touch Screen),2026-08,2026-08-01,2026-08-31,2750,2750,NO
INV-0347,211,Maxlence Digital (OPC) Private Limited,TTSPL5642,T4NRCX04T941181,TUF Gaming A15,2026-07,2026-07-27,2026-07-31,7400,1193.55,YES
INV-0347,211,Maxlence Digital (OPC) Private Limited,TTSPL5642,T4NRCX04T941181,TUF Gaming A15,2026-08,2026-08-01,2026-08-31,7400,7400,NO
INV-0344,218,SPRINGWELL MATTRESSES PRIVATE LIMITED,TTSPL3840,PC0ZTLAK,Lenovo Thinkpad T480s,2026-08,2026-08-01,2026-08-31,1499,1499,NO
INV-0321,224,B2C (Pranshu Sharma),TTSPL1074,4L64QF2,Dell Latitude E5470,2026-08,2026-08-01,2026-08-31,2966,2966,NO
INV-0277,216,SINGULARITY GAMES PRIVATE LIMITED,TTSPL6819,JFXX2K2JW4,Apple Macbook Air,2026-08,2026-08-01,2026-08-31,4999,4999,NO
INV-0277,216,SINGULARITY GAMES PRIVATE LIMITED,TTSPL7264,R913GZEH,Lenovo Thinkpad L13,2026-08,2026-08-01,2026-08-31,2199,2199,NO
INV-0277,216,SINGULARITY GAMES PRIVATE LIMITED,TTSPL6634,57ZYJG3,Dell Latitude 3420,2026-08,2026-08-01,2026-08-31,2199,2199,NO
INV-0277,216,SINGULARITY GAMES PRIVATE LIMITED,TTSPL4475,KX64XPW0VW,Apple Macbook Air,2026-07,2026-07-24,2026-07-31,5999,1548.13,YES
INV-0277,216,SINGULARITY GAMES PRIVATE LIMITED,TTSPL4475,KX64XPW0VW,Apple Macbook Air,2026-08,2026-08-01,2026-08-31,5999,5999,NO
INV-0338,217,SBNRI TECHNOLOGIES PRIVATE LIMITED (HR),TTSPL6764,20L94G3,Dell Latitude 7420,2026-08,2026-08-01,2026-08-31,2900,2900,NO
INV-0338,217,SBNRI TECHNOLOGIES PRIVATE LIMITED (HR),TTSPL6491,DHQS103,Dell Latitude 3410,2026-08,2026-08-01,2026-08-31,1499,1499,NO
INV-0338,217,SBNRI TECHNOLOGIES PRIVATE LIMITED (HR),TTSPL6985,5CG2140LBL,HP Elitebook 840 G8,2026-08,2026-08-01,2026-08-31,2799,2799,NO
INV-0338,217,SBNRI TECHNOLOGIES PRIVATE LIMITED (HR),TTSPL6885,5CG2144P93,HP Elitebook 840 G8,2026-08,2026-08-01,2026-08-31,2900,2900,NO
INV-0238,226,ALLYVENTURE (INDIA) PRIVATE LIMITED,TTSPL6348,BC63C63,Dell Latitude 3410,2026-08,2026-08-01,2026-08-31,1999,1999,NO
INV-0238,226,ALLYVENTURE (INDIA) PRIVATE LIMITED,TTSPL6245,6FVM763,Dell Latitude 3410,2026-08,2026-08-01,2026-08-31,1999,1999,NO
INV-0238,226,ALLYVENTURE (INDIA) PRIVATE LIMITED,TTSPL6659,21P5V93,Dell Latitude 3420,2026-08,2026-08-01,2026-08-31,1999,1999,NO
INV-0238,226,ALLYVENTURE (INDIA) PRIVATE LIMITED,TTSPL6485,219Q463,Dell Latitude 3410,2026-08,2026-08-01,2026-08-31,1999,1999,NO
INV-0184,229,ENCUBATE TECH PRIVATE LIMITED,TTSPL6993,5CG2400DLG,HP Elitebook 840 G8,2026-08,2026-08-01,2026-08-31,2599,2599,NO
INV-0184,229,ENCUBATE TECH PRIVATE LIMITED,TTSPL7001,5CG31302F7,HP Elitebook 840 G8,2026-08,2026-08-01,2026-08-31,2599,2599,NO
INV-0197,237,DIVINEHINDU LIFESTYLE PRIVATE LIMITED,TTSPL3819,PF0LLUQ1,Lenovo Thinkpad L-460,2026-08,2026-08-01,2026-08-31,580.65,580.65,NO
INV-0197,237,DIVINEHINDU LIFESTYLE PRIVATE LIMITED,TTSPL1609,C8X9CG2,Dell Latitude E5470,2026-08,2026-08-01,2026-08-31,580.65,580.65,NO
INV-0229,240,Scoopalicious (OPC) Private limited,TTSPL4941,KM1QYQ7VFD,Apple Macbook Air,2026-08,2026-08-01,2026-08-31,5999,5999,NO
INV-0294,241,JUVENTAS CLOTHING TECHNOLOGIES PRIVATE LIMITED,TTSPL5433,F3W7103,Dell Latitude 3400,2026-08,2026-08-01,2026-08-31,1100,1100,NO
INV-0294,241,JUVENTAS CLOTHING TECHNOLOGIES PRIVATE LIMITED,TTSPL5446,BMQYVZ2,Dell Latitude 3400,2026-08,2026-08-01,2026-08-31,1100,1100,NO
INV-0294,241,JUVENTAS CLOTHING TECHNOLOGIES PRIVATE LIMITED,TTSPL3069,5WDYQQ2,Dell Latitude 7490,2026-08,2026-08-01,2026-08-31,1100,1100,NO
INV-0315,243,ZENITHIA GARDEN OF JOY PRIVATE LIMITED,TTSPL3186,PF227WKY,Lenovo Thinkpad T490,2026-08,2026-08-01,2026-08-31,1399,1399,NO
INV-0247,244,FROSTPRIME LOGISTICS LLP,TTSPL6720,J9RM763,Dell Latitude 3410,2026-08,2026-08-01,2026-08-31,1599,1599,NO
INV-0247,244,FROSTPRIME LOGISTICS LLP,TTSPL6508,H643C63,Dell Latitude 3410,2026-08,2026-08-01,2026-08-31,1599,1599,NO
INV-0247,244,FROSTPRIME LOGISTICS LLP,TTSPL4001,145KM53,Dell Latitude 5410,2026-08,2026-08-01,2026-08-31,1599,1599,NO
INV-0247,244,FROSTPRIME LOGISTICS LLP,TTSPL3814,6YCW693,Dell Latitude 5410,2026-08,2026-08-01,2026-08-31,1799,1799,NO
INV-0326,247,Talent Skillsvarsity Private Limited,TTSPL4203,5CG70808HL,HP Elitebook 840 G3,2026-08,2026-08-01,2026-08-31,1017,1017,NO
INV-0326,247,Talent Skillsvarsity Private Limited,TTSPL1455,5CG6420B8W,HP Elitebook 820 G3,2026-08,2026-08-01,2026-08-31,1017,1017,NO
INV-0257,251,EVERSOFT TECHNOLOGIES PRIVATE LIMITED,TTSPL2016_B,CJNL7S2_B,Dell Latitude 5490,2026-08,2026-08-01,2026-08-31,1199,1199,NO
INV-0257,251,EVERSOFT TECHNOLOGIES PRIVATE LIMITED,TTSPL2624,2397K13,Dell Latitude 5400,2026-08,2026-08-01,2026-08-31,1199,1199,NO
INV-0257,251,EVERSOFT TECHNOLOGIES PRIVATE LIMITED,TTSPL5033,PC164BDW,Lenovo Thinkpad T480s,2026-08,2026-08-01,2026-08-31,1199,1199,NO
INV-0257,251,EVERSOFT TECHNOLOGIES PRIVATE LIMITED,TTSPL5045,PC1H122M,Lenovo Thinkpad T490s,2026-08,2026-08-01,2026-08-31,1199,1199,NO
INV-0257,251,EVERSOFT TECHNOLOGIES PRIVATE LIMITED,TTSPL3816,15N13KM,Dell Latitude 7490,2026-08,2026-08-01,2026-08-31,1199,1199,NO
INV-0257,251,EVERSOFT TECHNOLOGIES PRIVATE LIMITED,TTSPL3555,2TK95009H2,HP Probook 640 G5,2026-08,2026-08-01,2026-08-31,1199,1199,NO
INV-0257,251,EVERSOFT TECHNOLOGIES PRIVATE LIMITED,TTSPL3427,PC1EZAJN,Lenovo Thinkpad X390,2026-08,2026-08-01,2026-08-31,1199,1199,NO
INV-0257,251,EVERSOFT TECHNOLOGIES PRIVATE LIMITED,TTSPL5264,PF21TNVZ,Lenovo Thinkpad T490,2026-08,2026-08-01,2026-08-31,1199,1199,NO
INV-0257,251,EVERSOFT TECHNOLOGIES PRIVATE LIMITED,TTSPL4952,PC16247G,Lenovo Thinkpad T480s,2026-08,2026-08-01,2026-08-31,1199,1199,NO
INV-0257,251,EVERSOFT TECHNOLOGIES PRIVATE LIMITED,TTSPL6670,3SSZP13,Dell Latitude 5400,2026-08,2026-08-01,2026-08-31,1199,1199,NO
INV-0257,251,EVERSOFT TECHNOLOGIES PRIVATE LIMITED,TTSPL3660,2ZCBSQ2,Dell Latitude 7490,2026-08,2026-08-01,2026-08-31,1199,1199,NO
INV-0264,255,Amar Amba Finance Hire Purchase Private Limited,TTSPL6669,21QM763,Dell Latitude 3410,2026-08,2026-08-01,2026-08-31,1349,1349,NO
INV-0264,255,Amar Amba Finance Hire Purchase Private Limited,TTSPL2863,GYRXZF2,Dell Latitude E7470,2026-08,2026-08-01,2026-08-31,1,1,NO
INV-0264,255,Amar Amba Finance Hire Purchase Private Limited,TTSPL3571,PC1S0M5L,Lenovo Thinkpad X-13,2026-08,2026-08-01,2026-08-31,1349,1349,NO
INV-0264,255,Amar Amba Finance Hire Purchase Private Limited,TTSPL6668,7BRM763,Dell Latitude 3410,2026-08,2026-08-01,2026-08-31,1349,1349,NO
INV-0264,255,Amar Amba Finance Hire Purchase Private Limited,TTSPL5684,29PK5B3,Dell Latitude 3410,2026-08,2026-08-01,2026-08-31,1349,1349,NO
INV-0264,255,Amar Amba Finance Hire Purchase Private Limited,TTSPL5645,2LFNS93,Dell Latitude 3410,2026-08,2026-08-01,2026-08-31,1349,1349,NO
INV-0264,255,Amar Amba Finance Hire Purchase Private Limited,TTSPL6655,H673C63,Dell Latitude 3410,2026-08,2026-08-01,2026-08-31,1349,1349,NO
INV-0264,255,Amar Amba Finance Hire Purchase Private Limited,TTSPL5329,5CD204F3YY,HP Probook 440 G8,2026-08,2026-08-01,2026-08-31,1899,1899,NO
INV-0264,255,Amar Amba Finance Hire Purchase Private Limited,TTSPL3772,7SJHDB3,Dell Latitude 5410,2026-08,2026-08-01,2026-08-31,1349,1349,NO
INV-0192,258,SOM PRO FACILITIES INDIA PRIVATE LIMITED,TTSPL6279,7G0BW93,Dell Latitude 3410,2026-08,2026-08-01,2026-08-31,1349,1349,NO
INV-0192,258,SOM PRO FACILITIES INDIA PRIVATE LIMITED,TTSPL4448,PF2BTT13,Lenovo Thinkpad L14,2026-08,2026-08-01,2026-08-31,1349,1349,NO
INV-0192,258,SOM PRO FACILITIES INDIA PRIVATE LIMITED,TTSPL6551,J0QM763,Dell Latitude 3410,2026-08,2026-08-01,2026-08-31,1349,1349,NO
INV-0192,258,SOM PRO FACILITIES INDIA PRIVATE LIMITED,TTSPL6449,FRSS103,Dell Latitude 3410,2026-08,2026-08-01,2026-08-31,1349,1349,NO
INV-0192,258,SOM PRO FACILITIES INDIA PRIVATE LIMITED,TTSPL6665,8P33C63,Dell Latitude 3410,2026-08,2026-08-01,2026-08-31,1349,1349,NO
INV-0248,259,CIPHERBEAT LLP,TTSPL3706,PF2E1FAZ,Lenovo Thinkpad L14,2026-08,2026-08-01,2026-08-31,1699,1699,NO
INV-0328,260,PRO-ALIGN SECURITY INDIA PRIVATE LIMITED,TTSPL6719,6643C63,Dell Latitude 3410,2026-08,2026-08-01,2026-08-31,1349,1349,NO
INV-0328,260,PRO-ALIGN SECURITY INDIA PRIVATE LIMITED,TTSPL6480,2C7BC63,Dell Latitude 3410,2026-08,2026-08-01,2026-08-31,1349,1349,NO
INV-0328,260,PRO-ALIGN SECURITY INDIA PRIVATE LIMITED,TTSPL6470,439Q463,Dell Latitude 3410,2026-08,2026-08-01,2026-08-31,1349,1349,NO
INV-0328,260,PRO-ALIGN SECURITY INDIA PRIVATE LIMITED,TTSPL6787,HHP5V93,Dell Latitude 3410,2026-08,2026-08-01,2026-08-31,1349,1349,NO
INV-0328,260,PRO-ALIGN SECURITY INDIA PRIVATE LIMITED,TTSPL6084,3W73C63,Dell Latitude 3410,2026-08,2026-08-01,2026-08-31,1349,1349,NO
INV-0328,260,PRO-ALIGN SECURITY INDIA PRIVATE LIMITED,TTSPL6530,7DTM763,Dell Latitude 3410,2026-08,2026-08-01,2026-08-31,1349,1349,NO
INV-0328,260,PRO-ALIGN SECURITY INDIA PRIVATE LIMITED,TTSPL6331,3843C63,Dell Latitude 3410,2026-08,2026-08-01,2026-08-31,1349,1349,NO
INV-0328,260,PRO-ALIGN SECURITY INDIA PRIVATE LIMITED,TTSPL6498,CJP5V93,Dell Latitude 3410,2026-08,2026-08-01,2026-08-31,1349,1349,NO
INV-0328,260,PRO-ALIGN SECURITY INDIA PRIVATE LIMITED,TTSPL6258,FFVCW93,Dell Latitude 3410,2026-08,2026-08-01,2026-08-31,1349,1349,NO
INV-0328,260,PRO-ALIGN SECURITY INDIA PRIVATE LIMITED,TTSPL5890,PF22BMFS,Lenovo Thinkpad T14,2026-08,2026-08-01,2026-08-31,1349,1349,NO
INV-0328,260,PRO-ALIGN SECURITY INDIA PRIVATE LIMITED,TTSPL6450,J433C63,Dell Latitude 3410,2026-08,2026-08-01,2026-08-31,1349,1349,NO
INV-0328,260,PRO-ALIGN SECURITY INDIA PRIVATE LIMITED,TTSPL6447,BKQS103,Dell Latitude 3410,2026-08,2026-08-01,2026-08-31,1349,1349,NO
INV-0328,260,PRO-ALIGN SECURITY INDIA PRIVATE LIMITED,TTSPL6490,8HQS103,Dell Latitude 3410,2026-08,2026-08-01,2026-08-31,1349,1349,NO
INV-0205,263,Khushi Housing Solutions Private Limited,TTSPL5454,C4P6XWRD6H,Apple Macbook Pro,2026-08,2026-08-01,2026-08-31,8999,8999,NO
INV-0303,265,4 PROSPER TECHNOLOGIES PRIVATE LIMITED,TTSPL5437,J9X7JW2,Dell Latitude 3400,2026-08,2026-08-01,2026-08-31,1400,1400,NO
INV-0303,265,4 PROSPER TECHNOLOGIES PRIVATE LIMITED,TTSPL3650,576X7S2,Dell Latitude 7490,2026-08,2026-08-01,2026-08-31,1400,1400,NO
INV-0303,265,4 PROSPER TECHNOLOGIES PRIVATE LIMITED,TTSPL6082,D6SM763,Dell Latitude 3410,2026-08,2026-08-01,2026-08-31,1799,1799,NO
INV-0303,265,4 PROSPER TECHNOLOGIES PRIVATE LIMITED,TTSPL6915,PF1BXD3B,Lenovo Thinkpad T14,2026-08,2026-08-01,2026-08-31,1799,1799,NO
INV-0303,265,4 PROSPER TECHNOLOGIES PRIVATE LIMITED,TTSPL3070,88MLVT2,Dell Latitude 7490,2026-08,2026-08-01,2026-08-31,1400,1400,NO
INV-0303,265,4 PROSPER TECHNOLOGIES PRIVATE LIMITED,TTSPL3396,5ZHP8S2,Dell Latitude 7490,2026-08,2026-08-01,2026-08-31,1400,1400,NO
INV-0303,265,4 PROSPER TECHNOLOGIES PRIVATE LIMITED,TTSPL3399,8CM88Y2,Dell Latitude 7490,2026-08,2026-08-01,2026-08-31,1400,1400,NO
INV-0303,265,4 PROSPER TECHNOLOGIES PRIVATE LIMITED,TTSPL4444,PF2ALHNP,Lenovo Thinkpad L14,2026-08,2026-08-01,2026-08-31,1799,1799,NO
INV-0303,265,4 PROSPER TECHNOLOGIES PRIVATE LIMITED,TTSPL2139,7TQP3X2,Dell Latitude 5490,2026-08,2026-08-01,2026-08-31,1400,1400,NO
INV-0303,265,4 PROSPER TECHNOLOGIES PRIVATE LIMITED,TTSPL4927,PC162475,Lenovo Thinkpad T480s,2026-08,2026-08-01,2026-08-31,1400,1400,NO
INV-0303,265,4 PROSPER TECHNOLOGIES PRIVATE LIMITED,TTSPL1039,84NBQH2,Dell Latitude 7480,2026-08,2026-08-01,2026-08-31,1400,1400,NO
INV-0303,265,4 PROSPER TECHNOLOGIES PRIVATE LIMITED,TTSPL4947,PC1FBABY,Lenovo Thinkpad T490s,2026-08,2026-08-01,2026-08-31,1400,1400,NO
INV-0303,265,4 PROSPER TECHNOLOGIES PRIVATE LIMITED,TTSPL5379,9Q5SWZ2,Dell Latitude 3400,2026-08,2026-08-01,2026-08-31,1400,1400,NO
INV-0303,265,4 PROSPER TECHNOLOGIES PRIVATE LIMITED,TTSPL3665,HND58S2,Dell Latitude 7490,2026-08,2026-08-01,2026-08-31,1400,1400,NO
INV-0303,265,4 PROSPER TECHNOLOGIES PRIVATE LIMITED,TTSPL3556,2TK02206XW,HP PROBOOK 640 G5,2026-08,2026-08-01,2026-08-31,1400,1400,NO
INV-0303,265,4 PROSPER TECHNOLOGIES PRIVATE LIMITED,TTSPL4955,PC1DFHGB,Lenovo Thinkpad T490s,2026-08,2026-08-01,2026-08-31,1400,1400,NO
INV-0303,265,4 PROSPER TECHNOLOGIES PRIVATE LIMITED,TTSPL5483,2DRHWZ2,Dell Latitude 3400,2026-08,2026-08-01,2026-08-31,1400,1400,NO
INV-0303,265,4 PROSPER TECHNOLOGIES PRIVATE LIMITED,TTSPL3677,5CG92506LL,HP Elitebook 840 G6,2026-08,2026-08-01,2026-08-31,1400,1400,NO
INV-0303,265,4 PROSPER TECHNOLOGIES PRIVATE LIMITED,TTSPL4912,PC1GXHYD,Lenovo Thinkpad T490s,2026-08,2026-08-01,2026-08-31,1400,1400,NO
INV-0303,265,4 PROSPER TECHNOLOGIES PRIVATE LIMITED,TTSPL3644,16QBVN2,Dell Latitude 7490,2026-08,2026-08-01,2026-08-31,1400,1400,NO
INV-0303,265,4 PROSPER TECHNOLOGIES PRIVATE LIMITED,TTSPL5665,9PCSN73,Dell Latitude 5400,2026-08,2026-08-01,2026-08-31,1400,1400,NO
INV-0303,265,4 PROSPER TECHNOLOGIES PRIVATE LIMITED,TTSPL3669,2YM26Q2,Dell Latitude 7490,2026-08,2026-08-01,2026-08-31,1400,1400,NO
INV-0303,265,4 PROSPER TECHNOLOGIES PRIVATE LIMITED,TTSPL3931,GM12MQ2,Dell Latitude 7490,2026-08,2026-08-01,2026-08-31,1400,1400,NO
INV-0219,280,scaleglobal,TTSPL7514,HVRC3F3,Latitude 5420,2026-07,2026-07-31,2026-07-31,1833.33,59.14,YES
INV-0219,280,scaleglobal,TTSPL7514,HVRC3F3,Latitude 5420,2026-08,2026-08-01,2026-08-31,1833.33,1833.33,NO
INV-0243,281,Sturmfrei Hospitality Pvt. Ltd,TTSPL5845,NO S/N-ERP3073,Assemble NA,2026-08,2026-08-01,2026-08-31,7499,7499,NO
INV-0243,281,Sturmfrei Hospitality Pvt. Ltd,TTSPL7244,R913GZ80,Lenovo Thinkpad L13,2026-08,2026-08-01,2026-08-31,1999,1999,NO
INV-0243,281,Sturmfrei Hospitality Pvt. Ltd,TTSPL7169,R913GZ7A,Lenovo Thinkpad L13,2026-08,2026-08-01,2026-08-31,1999,1999,NO
INV-0243,281,Sturmfrei Hospitality Pvt. Ltd,TTSPL7229,R913GZ9K,Lenovo Thinkpad L13,2026-08,2026-08-01,2026-08-31,1999,1999,NO
INV-0243,281,Sturmfrei Hospitality Pvt. Ltd,TTSPL4785,H4NXZH3,Dell Latitude 5420,2026-08,2026-08-01,2026-08-31,2999,2999,NO
INV-0369,143,BRAINBOX NETWORK,TTSPL3844,613CVN2,Dell Latitude 7490,2026-08,2026-08-01,2026-08-31,1750,1750,NO
INV-0369,143,BRAINBOX NETWORK,TTSPL1983,PC0152DG,Lenovo Laptop Thinkpad T440,2026-08,2026-08-01,2026-08-31,1750,1750,NO
INV-0369,143,BRAINBOX NETWORK,TTSPL6676_A,3T2FL13_A,Dell Latitude 5400,2026-08,2026-08-01,2026-08-31,1750,1750,NO
INV-0369,143,BRAINBOX NETWORK,TTSPL6706,GBK5QG3,Dell Latitude 3420,2026-08,2026-08-01,2026-08-31,1800,1800,NO
INV-0369,143,BRAINBOX NETWORK,TTSPL6590,8MVDQ13,Dell Latitude 5400,2026-08,2026-08-01,2026-08-31,1750,1750,NO
INV-0369,143,BRAINBOX NETWORK,TTSPL6473,C1QM763,Dell Latitude 3410,2026-08,2026-08-01,2026-08-31,1800,1800,NO
INV-0369,143,BRAINBOX NETWORK,TTSPL2366,146JX52,Dell Latitude E7250,2026-08,2026-08-01,2026-08-31,1890,1890,NO
INV-0369,143,BRAINBOX NETWORK,TTSPL6573,PC1X7F4D,Lenovo Thinkpad T14s,2026-08,2026-08-01,2026-08-31,1750,1750,NO
INV-0369,143,BRAINBOX NETWORK,TTSPL1486,C0VM622,Dell Latitude E7240,2026-08,2026-08-01,2026-08-31,1750,1750,NO
INV-0369,143,BRAINBOX NETWORK,TTSPL3830,1NL8102,Dell Latitude E7240,2026-08,2026-08-01,2026-08-31,1750,1750,NO
INV-0369,143,BRAINBOX NETWORK,TTSPL2626,1Q74PV2,Dell Latitude 5490,2026-08,2026-08-01,2026-08-31,1750,1750,NO
INV-0369,143,BRAINBOX NETWORK,TTSPL5593,PF2GNQWD,Lenovo Thinkpad T14,2026-08,2026-08-01,2026-08-31,1800,1800,NO
INV-0369,143,BRAINBOX NETWORK,TTSPL3187,PF26J5SF,Lenovo Thinkpad T490 (Touchscreen),2026-08,2026-08-01,2026-08-31,1750,1750,NO
INV-0369,143,BRAINBOX NETWORK,TTSPL6459,3F3BW93,Dell Latitude 3410,2026-08,2026-08-01,2026-08-31,1700,1700,NO
INV-0369,143,BRAINBOX NETWORK,TTSPL7454,JS716G3,Latitude 5420,2026-07,2026-07-30,2026-07-31,1800,116.13,YES
INV-0369,143,BRAINBOX NETWORK,TTSPL7454,JS716G3,Latitude 5420,2026-08,2026-08-01,2026-08-31,1800,1800,NO
INV-0369,143,BRAINBOX NETWORK,TTSPL6293,DBP1T93,Dell Dell Latitude 3410,2026-07,2026-07-16,2026-07-31,1800,929.03,YES
INV-0369,143,BRAINBOX NETWORK,TTSPL6293,DBP1T93,Dell Dell Latitude 3410,2026-08,2026-08-01,2026-08-31,1800,1800,NO
INV-0369,143,BRAINBOX NETWORK,,CN-0657PN-64180-548-046B,Dell Monitor,2026-07,2026-07-17,2026-07-31,1,0.48,YES
INV-0369,143,BRAINBOX NETWORK,,CN-0657PN-64180-548-046B,Dell Monitor,2026-08,2026-08-01,2026-08-31,1,1,NO
INV-0292,219,Technians Softech Pvt.Ltd,TTSPL6007,JHQTKG3,Dell Latitude 3420,2026-08,2026-08-01,2026-08-31,2199,2199,NO
INV-0292,219,Technians Softech Pvt.Ltd,TTSPL5318,24HTHG3,Dell Latitude 3420,2026-08,2026-08-01,2026-08-31,2199,2199,NO
INV-0292,219,Technians Softech Pvt.Ltd,TTSPL5321,B7W4JG3,Dell Latitude 3420,2026-08,2026-08-01,2026-08-31,2199,2199,NO
INV-0292,219,Technians Softech Pvt.Ltd,TTSPL7438,3QNSZH3,Latitude 5420,2026-07,2026-07-13,2026-07-31,2199,1347.77,YES
INV-0292,219,Technians Softech Pvt.Ltd,TTSPL7438,3QNSZH3,Latitude 5420,2026-08,2026-08-01,2026-08-31,2199,2199,NO
INV-0292,219,Technians Softech Pvt.Ltd,TTSPL7435,5Q7Y5G3,Latitude 5420,2026-07,2026-07-13,2026-07-31,2199,1347.77,YES
INV-0292,219,Technians Softech Pvt.Ltd,TTSPL7435,5Q7Y5G3,Latitude 5420,2026-08,2026-08-01,2026-08-31,2199,2199,NO
INV-0292,219,Technians Softech Pvt.Ltd,TTSPL4719,PF3509R4,Lenovo Thinkpad T14,2026-07,2026-07-13,2026-07-31,2199,1347.77,YES
INV-0292,219,Technians Softech Pvt.Ltd,TTSPL4719,PF3509R4,Lenovo Thinkpad T14,2026-08,2026-08-01,2026-08-31,2199,2199,NO
INV-0198,101,ASCENT RISK & RESILIENCE SOFTWARE PRIVATE LIMITED,TTSPL6370,583S0T3,Dell Latitude 7330,2026-08,2026-08-01,2026-08-31,3500,3500,NO
INV-0198,101,ASCENT RISK & RESILIENCE SOFTWARE PRIVATE LIMITED,TTSPL4308,JRF53B3,Dell Latitude 5320,2026-08,2026-08-01,2026-08-31,3500,3500,NO
INV-0198,101,ASCENT RISK & RESILIENCE SOFTWARE PRIVATE LIMITED,TTSPL6818,BRZ66G3,Dell Latitude 7420,2026-08,2026-08-01,2026-08-31,3499,3499,NO
INV-0198,101,ASCENT RISK & RESILIENCE SOFTWARE PRIVATE LIMITED,TTSPL5054,PF5E77BB,Lenovo V14 (Gen 3),2026-08,2026-08-01,2026-08-31,3500,3500,NO
INV-0198,101,ASCENT RISK & RESILIENCE SOFTWARE PRIVATE LIMITED,TTSPL5057,PF56QWY7,Lenovo V14 (Gen 3),2026-08,2026-08-01,2026-08-31,3500,3500,NO
INV-0198,101,ASCENT RISK & RESILIENCE SOFTWARE PRIVATE LIMITED,TTSPL4362,PC28HQ0E,Lenovo Thinkpad X-13,2026-08,2026-08-01,2026-08-31,2500,2500,NO
INV-0198,101,ASCENT RISK & RESILIENCE SOFTWARE PRIVATE LIMITED,TTSPL3719,1M381J3,Dell Latitude 5420,2026-08,2026-08-01,2026-08-31,3499,3499,NO
INV-0198,101,ASCENT RISK & RESILIENCE SOFTWARE PRIVATE LIMITED,TTSPL4974,PG04FAHK,Lenovo V14 (Gen 3),2026-08,2026-08-01,2026-08-31,2500,2500,NO
INV-0198,101,ASCENT RISK & RESILIENCE SOFTWARE PRIVATE LIMITED,TTSPL5059,PF56LJRV,Lenovo V14 (Gen 3),2026-08,2026-08-01,2026-08-31,3500,3500,NO
INV-0198,101,ASCENT RISK & RESILIENCE SOFTWARE PRIVATE LIMITED,TTSPL5109,PF53CLN9,Lenovo V14 (Gen 3),2026-08,2026-08-01,2026-08-31,2500,2500,NO
INV-0198,101,ASCENT RISK & RESILIENCE SOFTWARE PRIVATE LIMITED,TTSPL5121,PF55FX4L,Lenovo V14 (Gen 3),2026-08,2026-08-01,2026-08-31,2500,2500,NO
INV-0198,101,ASCENT RISK & RESILIENCE SOFTWARE PRIVATE LIMITED,TTSPL3986,CND1234MFM,HP Elitebook X360 1040 G8,2026-08,2026-08-01,2026-08-31,3500,3500,NO
INV-0198,101,ASCENT RISK & RESILIENCE SOFTWARE PRIVATE LIMITED,TTSPL4195,CND1235182,HP Elitebook X360 1040 G8,2026-08,2026-08-01,2026-08-31,3500,3500,NO
INV-0198,101,ASCENT RISK & RESILIENCE SOFTWARE PRIVATE LIMITED,TTSPL6372,33TP3T3,Dell Latitude 7330,2026-08,2026-08-01,2026-08-31,3500,3500,NO
INV-0198,101,ASCENT RISK & RESILIENCE SOFTWARE PRIVATE LIMITED,TTSPL6366,FQ6PKR3,Dell Latitude 7430,2026-08,2026-08-01,2026-08-31,2500,2500,NO
INV-0198,101,ASCENT RISK & RESILIENCE SOFTWARE PRIVATE LIMITED,TTSPL6804,7T043F3,Dell Latitude 5420,2026-08,2026-08-01,2026-08-31,3499,3499,NO
INV-0198,101,ASCENT RISK & RESILIENCE SOFTWARE PRIVATE LIMITED,TTSPL7459,J80R9Y3,Latitude 7440,2026-07,2026-07-29,2026-07-31,3700,358.06,YES
INV-0198,101,ASCENT RISK & RESILIENCE SOFTWARE PRIVATE LIMITED,TTSPL7459,J80R9Y3,Latitude 7440,2026-08,2026-08-01,2026-08-31,3700,3700,NO
INV-0198,101,ASCENT RISK & RESILIENCE SOFTWARE PRIVATE LIMITED,TTSPL7457,9CTQ9Y3,Latitude 7440,2026-07,2026-07-29,2026-07-31,3700,358.06,YES
INV-0198,101,ASCENT RISK & RESILIENCE SOFTWARE PRIVATE LIMITED,TTSPL7457,9CTQ9Y3,Latitude 7440,2026-08,2026-08-01,2026-08-31,3700,3700,NO
INV-0198,101,ASCENT RISK & RESILIENCE SOFTWARE PRIVATE LIMITED,TTSPL6883,5CG3050JKJ,HP Elitebook 840 G8,2026-07,2026-07-11,2026-07-31,3500,2370.97,YES
INV-0198,101,ASCENT RISK & RESILIENCE SOFTWARE PRIVATE LIMITED,TTSPL6883,5CG3050JKJ,HP Elitebook 840 G8,2026-08,2026-08-01,2026-08-31,3500,3500,NO
INV-0198,101,ASCENT RISK & RESILIENCE SOFTWARE PRIVATE LIMITED,TTSPL4769,8W8XZH3,Dell Latitude 5420,2026-07,2026-07-02,2026-07-31,3500,3387.1,YES
INV-0198,101,ASCENT RISK & RESILIENCE SOFTWARE PRIVATE LIMITED,TTSPL4769,8W8XZH3,Dell Latitude 5420,2026-08,2026-08-01,2026-08-31,3500,3500,NO
INV-0198,101,ASCENT RISK & RESILIENCE SOFTWARE PRIVATE LIMITED,TTSPL4825,JGGXZH3,Dell Latitude 5420,2026-07,2026-07-02,2026-07-31,3500,3387.1,YES
INV-0198,101,ASCENT RISK & RESILIENCE SOFTWARE PRIVATE LIMITED,TTSPL4825,JGGXZH3,Dell Latitude 5420,2026-08,2026-08-01,2026-08-31,3500,3500,NO
INV-0198,101,ASCENT RISK & RESILIENCE SOFTWARE PRIVATE LIMITED,TTSPL6513,18PXVM3,Dell Latitude 5420,2026-07,2026-07-14,2026-07-31,3500,2032.26,YES
INV-0198,101,ASCENT RISK & RESILIENCE SOFTWARE PRIVATE LIMITED,TTSPL6513,18PXVM3,Dell Latitude 5420,2026-08,2026-08-01,2026-08-31,3500,3500,NO
INV-0198,101,ASCENT RISK & RESILIENCE SOFTWARE PRIVATE LIMITED,TTSPL6811,J7QB043,Dell Latitude 5420,2026-07,2026-07-02,2026-07-31,3500,3387.1,YES
INV-0198,101,ASCENT RISK & RESILIENCE SOFTWARE PRIVATE LIMITED,TTSPL6811,J7QB043,Dell Latitude 5420,2026-08,2026-08-01,2026-08-31,3500,3500,NO
INV-0198,101,ASCENT RISK & RESILIENCE SOFTWARE PRIVATE LIMITED,TTSPL4011,CND1234MV6,HP Elitebook X360 1040 G8,2026-07,2026-07-14,2026-07-31,3500,2032.26,YES
INV-0198,101,ASCENT RISK & RESILIENCE SOFTWARE PRIVATE LIMITED,TTSPL4011,CND1234MV6,HP Elitebook X360 1040 G8,2026-08,2026-08-01,2026-08-31,3500,3500,NO
INV-0198,101,ASCENT RISK & RESILIENCE SOFTWARE PRIVATE LIMITED,TTSPL3484,964H3F3,Dell Latitude 5420,2026-07,2026-07-14,2026-07-31,3500,2032.26,YES
INV-0198,101,ASCENT RISK & RESILIENCE SOFTWARE PRIVATE LIMITED,TTSPL3484,964H3F3,Dell Latitude 5420,2026-08,2026-08-01,2026-08-31,3500,3500,NO
INV-0198,101,ASCENT RISK & RESILIENCE SOFTWARE PRIVATE LIMITED,TTSPL6932,5CG20286Z6,HP Elitebook 840 G8,2026-07,2026-07-07,2026-07-31,3500,2822.58,YES
INV-0198,101,ASCENT RISK & RESILIENCE SOFTWARE PRIVATE LIMITED,TTSPL6932,5CG20286Z6,HP Elitebook 840 G8,2026-08,2026-08-01,2026-08-31,3500,3500,NO
INV-0198,101,ASCENT RISK & RESILIENCE SOFTWARE PRIVATE LIMITED,TTSPL7007,5CG31302WC,HP Elitebook 840 G8,2026-07,2026-07-07,2026-07-31,3500,2822.58,YES
INV-0198,101,ASCENT RISK & RESILIENCE SOFTWARE PRIVATE LIMITED,TTSPL7007,5CG31302WC,HP Elitebook 840 G8,2026-08,2026-08-01,2026-08-31,3500,3500,NO
INV-0198,101,ASCENT RISK & RESILIENCE SOFTWARE PRIVATE LIMITED,TTSPL4029,CND124038K,HP Elitebook X360 1040 G8,2026-07,2026-07-14,2026-07-31,3500,2032.26,YES
INV-0198,101,ASCENT RISK & RESILIENCE SOFTWARE PRIVATE LIMITED,TTSPL4029,CND124038K,HP Elitebook X360 1040 G8,2026-08,2026-08-01,2026-08-31,3500,3500,NO
INV-0198,101,ASCENT RISK & RESILIENCE SOFTWARE PRIVATE LIMITED,TTSPL6989,5CG2028CDZ,HP Elitebook 840 G8,2026-07,2026-07-07,2026-07-31,3500,2822.58,YES
INV-0198,101,ASCENT RISK & RESILIENCE SOFTWARE PRIVATE LIMITED,TTSPL6989,5CG2028CDZ,HP Elitebook 840 G8,2026-08,2026-08-01,2026-08-31,3500,3500,NO
INV-0198,101,ASCENT RISK & RESILIENCE SOFTWARE PRIVATE LIMITED,TTSPL3737,F6CK1J3,Dell Latitude 5420,2026-07,2026-07-07,2026-07-31,3500,2822.58,YES
INV-0198,101,ASCENT RISK & RESILIENCE SOFTWARE PRIVATE LIMITED,TTSPL3737,F6CK1J3,Dell Latitude 5420,2026-08,2026-08-01,2026-08-31,3500,3500,NO
INV-0198,101,ASCENT RISK & RESILIENCE SOFTWARE PRIVATE LIMITED,TTSPL7420,DXK2GY3,Latitude 7440,2026-07,2026-07-29,2026-07-31,3700,358.06,YES
INV-0198,101,ASCENT RISK & RESILIENCE SOFTWARE PRIVATE LIMITED,TTSPL7420,DXK2GY3,Latitude 7440,2026-08,2026-08-01,2026-08-31,3700,3700,NO
INV-0198,101,ASCENT RISK & RESILIENCE SOFTWARE PRIVATE LIMITED,TTSPL6861,5CG1404S2V,HP Elitebook 840 G8,2026-08,2026-08-01,2026-08-31,3500,3500,NO
INV-0198,101,ASCENT RISK & RESILIENCE SOFTWARE PRIVATE LIMITED,TTSPL5128,PG04GTDY,Lenovo V14 (Gen 3),2026-08,2026-08-01,2026-08-31,2500,2500,NO
INV-0198,101,ASCENT RISK & RESILIENCE SOFTWARE PRIVATE LIMITED,TTSPL3783,1KYQ793,Dell Latitude 5410,2026-08,2026-08-01,2026-08-31,2500,2500,NO
INV-0198,101,ASCENT RISK & RESILIENCE SOFTWARE PRIVATE LIMITED,TTSPL4262,CND1234ZL8,HP Elitebook X360 1040 G8,2026-08,2026-08-01,2026-08-31,3500,3500,NO
INV-0198,101,ASCENT RISK & RESILIENCE SOFTWARE PRIVATE LIMITED,TTSPL5512,5CD4438VS4,HP Probook 450 G10,2026-08,2026-08-01,2026-08-31,4199,4199,NO
INV-0198,101,ASCENT RISK & RESILIENCE SOFTWARE PRIVATE LIMITED,TTSPL3469,9KRL2J3,Dell Latitude 5420,2026-08,2026-08-01,2026-08-31,3500,3500,NO
INV-0198,101,ASCENT RISK & RESILIENCE SOFTWARE PRIVATE LIMITED,TTSPL5786,42TH2J3,Dell Latitude 5420,2026-08,2026-08-01,2026-08-31,3500,3500,NO
INV-0198,101,ASCENT RISK & RESILIENCE SOFTWARE PRIVATE LIMITED,TTSPL4474,F5FP0MJKGL,Apple Macbook Air,2026-08,2026-08-01,2026-08-31,5499,5499,NO
INV-0198,101,ASCENT RISK & RESILIENCE SOFTWARE PRIVATE LIMITED,TTSPL4307,GRF53B3,Dell Latitude 5320,2026-08,2026-08-01,2026-08-31,3500,3500,NO
INV-0198,101,ASCENT RISK & RESILIENCE SOFTWARE PRIVATE LIMITED,TTSPL5223,DY1JPJXD0J,Apple Macbook Air,2026-08,2026-08-01,2026-08-31,5000,5000,NO
INV-0198,101,ASCENT RISK & RESILIENCE SOFTWARE PRIVATE LIMITED,TTSPL4300,66Z95B3,Dell Latitude 5320,2026-08,2026-08-01,2026-08-31,3499,3499,NO
INV-0198,101,ASCENT RISK & RESILIENCE SOFTWARE PRIVATE LIMITED,TTSPL6048,5CD0511GLN,HP Probook 430 G8,2026-08,2026-08-01,2026-08-31,2499,2499,NO
INV-0198,101,ASCENT RISK & RESILIENCE SOFTWARE PRIVATE LIMITED,TTSPL6354,GKWB2J3,Dell Latitude 5420,2026-08,2026-08-01,2026-08-31,3499,3499,NO
INV-0198,101,ASCENT RISK & RESILIENCE SOFTWARE PRIVATE LIMITED,TTSPL7042,5CG1412PLH,HP Elitebook 830 G8,2026-08,2026-08-01,2026-08-31,3499,3499,NO
INV-0198,101,ASCENT RISK & RESILIENCE SOFTWARE PRIVATE LIMITED,TTSPL4087,F1TX303,Dell Latitude 5310,2026-08,2026-08-01,2026-08-31,2500,2500,NO
INV-0198,101,ASCENT RISK & RESILIENCE SOFTWARE PRIVATE LIMITED,TTSPL4296,CND1387HC7,HP Elitebook X360 1030 G8,2026-08,2026-08-01,2026-08-31,3500,3500,NO
INV-0198,101,ASCENT RISK & RESILIENCE SOFTWARE PRIVATE LIMITED,TTSPL4297,CND1387HCK,HP Elitebook X360 1030 G8,2026-08,2026-08-01,2026-08-31,3500,3500,NO
INV-0198,101,ASCENT RISK & RESILIENCE SOFTWARE PRIVATE LIMITED,TTSPL4299,CND1387HCD,HP Elitebook X360 1030 G8,2026-08,2026-08-01,2026-08-31,3500,3500,NO
INV-0198,101,ASCENT RISK & RESILIENCE SOFTWARE PRIVATE LIMITED,TTSPL4358,PC2830BE,Lenovo Thinkpad X-13,2026-08,2026-08-01,2026-08-31,2500,2500,NO
INV-0198,101,ASCENT RISK & RESILIENCE SOFTWARE PRIVATE LIMITED,TTSPL3477,F5R92J3,Dell Latitude 5420,2026-08,2026-08-01,2026-08-31,3999,3999,NO
INV-0198,101,ASCENT RISK & RESILIENCE SOFTWARE PRIVATE LIMITED,TTSPL4782,48K60J3,Dell Latitude 5420,2026-08,2026-08-01,2026-08-31,3499,3499,NO
INV-0198,101,ASCENT RISK & RESILIENCE SOFTWARE PRIVATE LIMITED,TTSPL4815,4B3XZH3,Dell Latitude 5420,2026-08,2026-08-01,2026-08-31,3500,3500,NO
INV-0198,101,ASCENT RISK & RESILIENCE SOFTWARE PRIVATE LIMITED,TTSPL6679,5CG211BCTT,HP Probook 840 G8,2026-08,2026-08-01,2026-08-31,3500,3500,NO
INV-0198,101,ASCENT RISK & RESILIENCE SOFTWARE PRIVATE LIMITED,TTSPL6848,5CG2010G23,HP Elitebook 840 G8,2026-08,2026-08-01,2026-08-31,3500,3500,NO
INV-0198,101,ASCENT RISK & RESILIENCE SOFTWARE PRIVATE LIMITED,TTSPL3182,PF227WN2,T-490,2026-08,2026-08-01,2026-08-31,2500,2500,NO
INV-0198,101,ASCENT RISK & RESILIENCE SOFTWARE PRIVATE LIMITED,TTSPL3059,MNNMBNV,Dell Latitude 5410,2026-08,2026-08-01,2026-08-31,2500,2500,NO
INV-0198,101,ASCENT RISK & RESILIENCE SOFTWARE PRIVATE LIMITED,TTSPL4248,5RWFFL3,Dell Latitude 5320,2026-08,2026-08-01,2026-08-31,3500,3500,NO
INV-0198,101,ASCENT RISK & RESILIENCE SOFTWARE PRIVATE LIMITED,TTSPL4940,CND1260XR7,HP Elitebook X360 1040 G7,2026-08,2026-08-01,2026-08-31,3499,3499,NO
INV-0198,101,ASCENT RISK & RESILIENCE SOFTWARE PRIVATE LIMITED,TTSPL4009,CND1234ZYM,HP Elitebook X360 1040 G8,2026-08,2026-08-01,2026-08-31,3499,3499,NO
INV-0198,101,ASCENT RISK & RESILIENCE SOFTWARE PRIVATE LIMITED,TTSPL4612,G235BC3,Dell Latitude 5420 (Touch Screen),2026-08,2026-08-01,2026-08-31,3500,3500,NO
INV-0198,101,ASCENT RISK & RESILIENCE SOFTWARE PRIVATE LIMITED,TTSPL6813,95M72F3,Dell Latitude 5420,2026-08,2026-08-01,2026-08-31,3499,3499,NO
INV-0198,101,ASCENT RISK & RESILIENCE SOFTWARE PRIVATE LIMITED,TTSPL4758,D5GVZH3,Dell Latitude 5420,2026-08,2026-08-01,2026-08-31,3500,3500,NO
INV-0198,101,ASCENT RISK & RESILIENCE SOFTWARE PRIVATE LIMITED,TTSPL4638,5HSWCK3,Dell Latitude 5420,2026-08,2026-08-01,2026-08-31,3500,3500,NO
INV-0198,101,ASCENT RISK & RESILIENCE SOFTWARE PRIVATE LIMITED,TTSPL5138,5CD211D3WJ,HP Probook 440 G8,2026-08,2026-08-01,2026-08-31,3499,3499,NO
INV-0198,101,ASCENT RISK & RESILIENCE SOFTWARE PRIVATE LIMITED,TTSPL6442,5CD13757BP,HP Probook 440 G8,2026-08,2026-08-01,2026-08-31,3499,3499,NO
INV-0198,101,ASCENT RISK & RESILIENCE SOFTWARE PRIVATE LIMITED,TTSPL6416,PG02JQ5F,Lenovo Thinkpad E14 (Gen 2),2026-08,2026-08-01,2026-08-31,2499,2499,NO
INV-0198,101,ASCENT RISK & RESILIENCE SOFTWARE PRIVATE LIMITED,TTSPL6967,H3FF4G3,Dell Latitude 7420,2026-08,2026-08-01,2026-08-31,3499,3499,NO
INV-0198,101,ASCENT RISK & RESILIENCE SOFTWARE PRIVATE LIMITED,TTSPL7020,8C076G3,Dell Latitude 7420,2026-08,2026-08-01,2026-08-31,3499,3499,NO
INV-0198,101,ASCENT RISK & RESILIENCE SOFTWARE PRIVATE LIMITED,TTSPL6977,3LG66L3,Dell Latitude 7420,2026-08,2026-08-01,2026-08-31,3499,3499,NO
INV-0198,101,ASCENT RISK & RESILIENCE SOFTWARE PRIVATE LIMITED,TTSPL7003,5CG31304L7,HP Elitebook 840 G8,2026-08,2026-08-01,2026-08-31,3499,3499,NO
INV-0198,101,ASCENT RISK & RESILIENCE SOFTWARE PRIVATE LIMITED,TTSPL7004,5CG2312P62,HP Elitebook 840 G8,2026-08,2026-08-01,2026-08-31,3499,3499,NO
INV-0198,101,ASCENT RISK & RESILIENCE SOFTWARE PRIVATE LIMITED,TTSPL7030,5CG1417LKX,HP Elitebook 830 G8,2026-08,2026-08-01,2026-08-31,3499,3499,NO
INV-0198,101,ASCENT RISK & RESILIENCE SOFTWARE PRIVATE LIMITED,TTSPL4030,CND124043Y,HP Elitebook X360 1040 G8,2026-08,2026-08-01,2026-08-31,3500,3500,NO
INV-0198,101,ASCENT RISK & RESILIENCE SOFTWARE PRIVATE LIMITED,TTSPL4277,B9Y95B3,Dell Latitude 5320,2026-08,2026-08-01,2026-08-31,3500,3500,NO
INV-0198,101,ASCENT RISK & RESILIENCE SOFTWARE PRIVATE LIMITED,TTSPL4607,G7W2BC3,Dell Latitude 5420 (Touch Screen),2026-08,2026-08-01,2026-08-31,3499,3499,NO
INV-0198,101,ASCENT RISK & RESILIENCE SOFTWARE PRIVATE LIMITED,TTSPL4292,8RHKP93,Dell Latitude 5320,2026-08,2026-08-01,2026-08-31,3500,3500,NO
INV-0198,101,ASCENT RISK & RESILIENCE SOFTWARE PRIVATE LIMITED,TTSPL4752,BRQWZH3,Dell Latitude 5420,2026-08,2026-08-01,2026-08-31,3500,3500,NO
INV-0198,101,ASCENT RISK & RESILIENCE SOFTWARE PRIVATE LIMITED,TTSPL6683,5CG2121W5D,HP Elitebook  840 G8,2026-08,2026-08-01,2026-08-31,3500,3500,NO
INV-0198,101,ASCENT RISK & RESILIENCE SOFTWARE PRIVATE LIMITED,TTSPL3734,JYH42F3,Dell Latitude 5420,2026-08,2026-08-01,2026-08-31,3999,3999,NO
INV-0198,101,ASCENT RISK & RESILIENCE SOFTWARE PRIVATE LIMITED,TTSPL4192,CND1361TQL,HP Elitebook X360 1040 G8,2026-08,2026-08-01,2026-08-31,3500,3500,NO
INV-0198,101,ASCENT RISK & RESILIENCE SOFTWARE PRIVATE LIMITED,TTSPL5699,D1M1QM3,Dell Latitude 5420,2026-08,2026-08-01,2026-08-31,2499,2499,NO
INV-0198,101,ASCENT RISK & RESILIENCE SOFTWARE PRIVATE LIMITED,TTSPL5695,JMN4HK3,Dell Latitude 5420,2026-08,2026-08-01,2026-08-31,3499,3499,NO
INV-0198,101,ASCENT RISK & RESILIENCE SOFTWARE PRIVATE LIMITED,TTSPL5692,7DWG2J3,Dell Latitude 5420,2026-08,2026-08-01,2026-08-31,3499,3499,NO
INV-0198,101,ASCENT RISK & RESILIENCE SOFTWARE PRIVATE LIMITED,TTSPL5342,1PTVXT3,Dell Latitude 5430,2026-08,2026-08-01,2026-08-31,2499,2499,NO
INV-0198,101,ASCENT RISK & RESILIENCE SOFTWARE PRIVATE LIMITED,TTSPL6959,4TFB4G3,Dell Latitude 7420,2026-08,2026-08-01,2026-08-31,3500,3500,NO
INV-0198,101,ASCENT RISK & RESILIENCE SOFTWARE PRIVATE LIMITED,TTSPL6966,JTM66G3,Dell Latitude 7420,2026-08,2026-08-01,2026-08-31,3499,3499,NO
INV-0198,101,ASCENT RISK & RESILIENCE SOFTWARE PRIVATE LIMITED,TTSPL7000,5CG2028BPF,HP Elitebook 840 G8,2026-08,2026-08-01,2026-08-31,3499,3499,NO
INV-0198,101,ASCENT RISK & RESILIENCE SOFTWARE PRIVATE LIMITED,TTSPL3977,J4YN8S3,Dell Latitude 3420,2026-08,2026-08-01,2026-08-31,1,1,NO
INV-0198,101,ASCENT RISK & RESILIENCE SOFTWARE PRIVATE LIMITED,TTSPL6299,7N2K2J3,Dell Latitude 5420,2026-08,2026-08-01,2026-08-31,3500,3500,NO
INV-0274,10,Trailytics Global Services Private Limited,TTSPL4086,46Q9763,Dell Latitude 5310,2026-08,2026-08-01,2026-08-31,2499,2499,NO
INV-0274,10,Trailytics Global Services Private Limited,TTSPL4069,J4KHW33,Dell Latitude 5400,2026-08,2026-08-01,2026-08-31,2499,2499,NO
INV-0274,10,Trailytics Global Services Private Limited,TTSPL4793,HQ370J3,Dell Latitude 5420,2026-08,2026-08-01,2026-08-31,3199,3199,NO
INV-0274,10,Trailytics Global Services Private Limited,TTSPL3077,PF3TC9JJ,Lenovo Ideapad 3,2026-08,2026-08-01,2026-08-31,2999,2999,NO
INV-0274,10,Trailytics Global Services Private Limited,TTSPL4617,90Q6PQ3,Dell Latitude 5420 (Touch Screen),2026-08,2026-08-01,2026-08-31,3199,3199,NO
INV-0274,10,Trailytics Global Services Private Limited,TTSPL2727,GPY1SQ2,Dell Latitude 7490,2026-08,2026-08-01,2026-08-31,2190,2190,NO
INV-0274,10,Trailytics Global Services Private Limited,TTSPL3467,FRMW1J3,Dell Latitude 5420,2026-08,2026-08-01,2026-08-31,2999,2999,NO
INV-0274,10,Trailytics Global Services Private Limited,TTSPL3718,3457ZD3,Dell Latitude 5420,2026-08,2026-08-01,2026-08-31,2999,2999,NO
INV-0358,64,RAK Fitness Consumer Private Limited,TTSPL3330,44HYZF2,Dell Latitude E7470,2026-08,2026-08-01,2026-08-31,1099,1099,NO
INV-0358,64,RAK Fitness Consumer Private Limited,TTSPL3667,8DVY5Q2,Dell Latitude 7490,2026-08,2026-08-01,2026-08-31,1799,1799,NO
INV-0358,64,RAK Fitness Consumer Private Limited,TTSPL3185,PF227WM9,Lenovo Thinkpad T490 (Touchscreen),2026-08,2026-08-01,2026-08-31,1599,1599,NO
INV-0358,64,RAK Fitness Consumer Private Limited,TTSPL3245,BY4F3Z2,Dell Latitude 7400 (Touch Screen),2026-08,2026-08-01,2026-08-31,2599,2599,NO
INV-0358,64,RAK Fitness Consumer Private Limited,TTSPL2247,5CD93463NV,HP Elitebook X360 1030 G3,2026-08,2026-08-01,2026-08-31,2999,2999,NO
INV-0358,64,RAK Fitness Consumer Private Limited,TTSPL2662,5CD9203M5P,HP Elitebook X360 1030 G3,2026-08,2026-08-01,2026-08-31,2799,2799,NO
INV-0358,64,RAK Fitness Consumer Private Limited,TTSPL3329,GP71CWC7QR,Apple Macbook Pro,2026-08,2026-08-01,2026-08-31,7499,7499,NO
INV-0358,64,RAK Fitness Consumer Private Limited,TTSPL7112,CK45QFYTJX,Apple Macbook Pro,2026-08,2026-08-01,2026-08-31,10000,10000,NO
INV-0358,64,RAK Fitness Consumer Private Limited,TTSPL6860,JJF6R7T3MG,Apple Macbook Pro,2026-08,2026-08-01,2026-08-31,11000,11000,NO
INV-0358,64,RAK Fitness Consumer Private Limited,TTSPL4902,BXBD8S2,Dell Latitude 5490,2026-08,2026-08-01,2026-08-31,1599,1599,NO
INV-0358,64,RAK Fitness Consumer Private Limited,TTSPL4781,8NKYZH3,Dell Latitude 5420,2026-08,2026-08-01,2026-08-31,2500,2500,NO
INV-0358,64,RAK Fitness Consumer Private Limited,TTSPL4518,JV2X9K3,Dell Latitude 5420 (Touch Screen),2026-08,2026-08-01,2026-08-31,2500,2500,NO
INV-0358,64,RAK Fitness Consumer Private Limited,TTSPL4707,PF349CXY,Lenovo Thinkpad T14,2026-08,2026-08-01,2026-08-31,1099,1099,NO
INV-0256,242,ZYKRR TECHNOLOGIES PRIVATE LIMITED,TTSPL4660,9X05BC3,Dell Latitude 5420 (Touch Screen),2026-08,2026-08-01,2026-08-31,2899,2899,NO
INV-0256,242,ZYKRR TECHNOLOGIES PRIVATE LIMITED,TTSPL4773,6TJ60J3,Dell Latitude 5420,2026-08,2026-08-01,2026-08-31,2899,2899,NO
INV-0256,242,ZYKRR TECHNOLOGIES PRIVATE LIMITED,TTSPL4310,GS4ZR93,Dell Latitude 5320 (Touch),2026-08,2026-08-01,2026-08-31,2899,2899,NO
INV-0256,242,ZYKRR TECHNOLOGIES PRIVATE LIMITED,TTSPL6856,PG02J9EB,Lenovo Thinkpad L14,2026-08,2026-08-01,2026-08-31,1999,1999,NO
INV-0256,242,ZYKRR TECHNOLOGIES PRIVATE LIMITED,TTSPL7248,R913GZ4D,Lenovo Thinkpad L13,2026-07,2026-07-02,2026-07-31,1999,1934.52,YES
INV-0256,242,ZYKRR TECHNOLOGIES PRIVATE LIMITED,TTSPL7248,R913GZ4D,Lenovo Thinkpad L13,2026-08,2026-08-01,2026-08-31,1999,1999,NO
INV-0256,242,ZYKRR TECHNOLOGIES PRIVATE LIMITED,TTSPL5722,66PYCL3,Dell Latitude 3420,2026-07,2026-07-02,2026-07-31,1999,1934.52,YES
INV-0256,242,ZYKRR TECHNOLOGIES PRIVATE LIMITED,TTSPL5722,66PYCL3,Dell Latitude 3420,2026-08,2026-08-01,2026-08-31,1999,1999,NO
INV-0256,242,ZYKRR TECHNOLOGIES PRIVATE LIMITED,TTSPL7270,R913GZE0,Lenovo Thinkpad L13,2026-07,2026-07-02,2026-07-31,1999,1934.52,YES
INV-0256,242,ZYKRR TECHNOLOGIES PRIVATE LIMITED,TTSPL7270,R913GZE0,Lenovo Thinkpad L13,2026-08,2026-08-01,2026-08-31,1999,1999,NO
INV-0256,242,ZYKRR TECHNOLOGIES PRIVATE LIMITED,TTSPL6561,5CD112KFBN,HP Probook 440 G8,2026-07,2026-07-06,2026-07-31,1999,1676.58,YES
INV-0256,242,ZYKRR TECHNOLOGIES PRIVATE LIMITED,TTSPL6561,5CD112KFBN,HP Probook 440 G8,2026-08,2026-08-01,2026-08-31,1999,1999,NO
INV-0256,242,ZYKRR TECHNOLOGIES PRIVATE LIMITED,TTSPL7224,R913GZE9,Lenovo Thinkpad L13,2026-07,2026-07-02,2026-07-31,1999,1934.52,YES
INV-0256,242,ZYKRR TECHNOLOGIES PRIVATE LIMITED,TTSPL7224,R913GZE9,Lenovo Thinkpad L13,2026-08,2026-08-01,2026-08-31,1999,1999,NO
INV-0256,242,ZYKRR TECHNOLOGIES PRIVATE LIMITED,TTSPL7206,R913GZ7V,Lenovo Thinkpad L13,2026-07,2026-07-06,2026-07-31,1999,1676.58,YES
INV-0256,242,ZYKRR TECHNOLOGIES PRIVATE LIMITED,TTSPL7206,R913GZ7V,Lenovo Thinkpad L13,2026-08,2026-08-01,2026-08-31,1999,1999,NO
INV-0256,242,ZYKRR TECHNOLOGIES PRIVATE LIMITED,TTSPL3733,F24Z2J3,Dell Latitude 5420,2026-07,2026-07-07,2026-07-31,2899,2337.9,YES
INV-0256,242,ZYKRR TECHNOLOGIES PRIVATE LIMITED,TTSPL3733,F24Z2J3,Dell Latitude 5420,2026-08,2026-08-01,2026-08-31,2899,2899,NO
INV-0256,242,ZYKRR TECHNOLOGIES PRIVATE LIMITED,TTSPL7236,R913GZ57,Lenovo Thinkpad L13,2026-07,2026-07-06,2026-07-31,1999,1676.58,YES
INV-0256,242,ZYKRR TECHNOLOGIES PRIVATE LIMITED,TTSPL7236,R913GZ57,Lenovo Thinkpad L13,2026-08,2026-08-01,2026-08-31,1999,1999,NO
INV-0256,242,ZYKRR TECHNOLOGIES PRIVATE LIMITED,TTSPL4602,7H518C3,Dell Latitude 5420,2026-07,2026-07-07,2026-07-31,2899,2337.9,YES
INV-0256,242,ZYKRR TECHNOLOGIES PRIVATE LIMITED,TTSPL4602,7H518C3,Dell Latitude 5420,2026-08,2026-08-01,2026-08-31,2899,2899,NO
INV-0256,242,ZYKRR TECHNOLOGIES PRIVATE LIMITED,TTSPL4498,2DBK6D3,Dell Latitude 5420,2026-08,2026-08-01,2026-08-31,1999,1999,NO
INV-0256,242,ZYKRR TECHNOLOGIES PRIVATE LIMITED,TTSPL5703,4Q92QG3,Dell Latitude 3420,2026-08,2026-08-01,2026-08-31,1999,1999,NO
INV-0256,242,ZYKRR TECHNOLOGIES PRIVATE LIMITED,TTSPL6854,PG02J45J,Lenovo Thinkpad L14,2026-08,2026-08-01,2026-08-31,1999,1999,NO
INV-0256,242,ZYKRR TECHNOLOGIES PRIVATE LIMITED,TTSPL4936,5CD131C7HD,HP Probook 440 G8,2026-08,2026-08-01,2026-08-31,1999,1999,NO
INV-0256,242,ZYKRR TECHNOLOGIES PRIVATE LIMITED,TTSPL6965,12V66G3,Dell Latitude 7420,2026-08,2026-08-01,2026-08-31,2899,2899,NO
INV-0256,242,ZYKRR TECHNOLOGIES PRIVATE LIMITED,TTSPL6648,20RD2B3,Dell Latitude 3420,2026-08,2026-08-01,2026-08-31,1999,1999,NO
INV-0256,242,ZYKRR TECHNOLOGIES PRIVATE LIMITED,TTSPL3978,DXXFKS3,Dell Latitude 3420,2026-08,2026-08-01,2026-08-31,1999,1999,NO
INV-0256,242,ZYKRR TECHNOLOGIES PRIVATE LIMITED,TTSPL6604,59K5QG3,Dell Latitude 3420,2026-08,2026-08-01,2026-08-31,1999,1999,NO
INV-0256,242,ZYKRR TECHNOLOGIES PRIVATE LIMITED,TTSPL6078,5CD112KF9Z,HP Probook 440 G8,2026-08,2026-08-01,2026-08-31,1999,1999,NO
INV-0256,242,ZYKRR TECHNOLOGIES PRIVATE LIMITED,TTSPL5354,5CD146NB0H,HP Probook 440 G8,2026-08,2026-08-01,2026-08-31,1999,1999,NO
INV-0256,242,ZYKRR TECHNOLOGIES PRIVATE LIMITED,TTSPL7335,1L11GK3,Dell Latitude 5420,2026-08,2026-08-01,2026-08-31,1999,1999,NO
INV-0256,242,ZYKRR TECHNOLOGIES PRIVATE LIMITED,TTSPL7200,R913GZJ1,Lenovo Thinkpad L13,2026-08,2026-08-01,2026-08-31,1999,1999,NO
INV-0256,242,ZYKRR TECHNOLOGIES PRIVATE LIMITED,TTSPL7203,R913GZAZ,Lenovo Thinkpad L13,2026-08,2026-08-01,2026-08-31,1999,1999,NO
INV-0256,242,ZYKRR TECHNOLOGIES PRIVATE LIMITED,TTSPL7259,R913GZCG,Lenovo Thinkpad L13,2026-08,2026-08-01,2026-08-31,1999,1999,NO
INV-0256,242,ZYKRR TECHNOLOGIES PRIVATE LIMITED,TTSPL7207,R913EBMS,Lenovo Thinkpad L13,2026-08,2026-08-01,2026-08-31,1999,1999,NO
INV-0256,242,ZYKRR TECHNOLOGIES PRIVATE LIMITED,TTSPL7241,R913GZ71,Lenovo Thinkpad L13,2026-08,2026-08-01,2026-08-31,1999,1999,NO
INV-0256,242,ZYKRR TECHNOLOGIES PRIVATE LIMITED,TTSPL7269,R913GZFD,Lenovo Thinkpad L13,2026-08,2026-08-01,2026-08-31,1999,1999,NO
INV-0256,242,ZYKRR TECHNOLOGIES PRIVATE LIMITED,TTSPL7279,R913GZ3C,Lenovo Thinkpad L13,2026-08,2026-08-01,2026-08-31,1999,1999,NO
INV-0256,242,ZYKRR TECHNOLOGIES PRIVATE LIMITED,TTSPL7268,R913GZC3,Lenovo Thinkpad L13,2026-08,2026-08-01,2026-08-31,1999,1999,NO
INV-0256,242,ZYKRR TECHNOLOGIES PRIVATE LIMITED,TTSPL4553,40JM8D3,Dell Latitude 5420,2026-08,2026-08-01,2026-08-31,1999,1999,NO
INV-0256,242,ZYKRR TECHNOLOGIES PRIVATE LIMITED,TTSPL6218,4805HK3,Dell Latitude 5420,2026-08,2026-08-01,2026-08-31,2899,2899,NO
INV-0256,242,ZYKRR TECHNOLOGIES PRIVATE LIMITED,TTSPL4787,B4KWZH3,Dell Latitude 5420,2026-08,2026-08-01,2026-08-31,2899,2899,NO
INV-0256,242,ZYKRR TECHNOLOGIES PRIVATE LIMITED,TTSPL6991,5CG1405DB7,HP Elitebook 840 G8,2026-08,2026-08-01,2026-08-31,2899,2899,NO
INV-0256,242,ZYKRR TECHNOLOGIES PRIVATE LIMITED,TTSPL6686,5CG211BFVG,HP EliteBook 840 G8,2026-08,2026-08-01,2026-08-31,2899,2899,NO
INV-0319,41,SLEEP MANAGEMENT PRIVATE LIMITED(New),TTSPL3582,5CG9106BTP,HP Elitebook 840 G5,2026-08,2026-08-01,2026-08-31,1999,1999,NO
INV-0319,41,SLEEP MANAGEMENT PRIVATE LIMITED(New),TTSPL5941,PG02R01M,Lenovo Thinkpad E14,2026-08,2026-08-01,2026-08-31,1999,1999,NO
INV-0319,41,SLEEP MANAGEMENT PRIVATE LIMITED(New),TTSPL7302,GP5S9C3,Dell Latitude 5420,2026-08,2026-08-01,2026-08-31,1999,1999,NO
INV-0319,41,SLEEP MANAGEMENT PRIVATE LIMITED(New),TTSPL5501,HR77C6X2DK,Apple Macbook Air,2026-08,2026-08-01,2026-08-31,5599,5599,NO
INV-0319,41,SLEEP MANAGEMENT PRIVATE LIMITED(New),TTSPL6395,PG02JQML,Lenovo Thinkpad E-14 Gen 2,2026-08,2026-08-01,2026-08-31,1999,1999,NO
INV-0319,41,SLEEP MANAGEMENT PRIVATE LIMITED(New),TTSPL6640,HLYYJG3,Dell Latitude 3420,2026-08,2026-08-01,2026-08-31,1999,1999,NO
INV-0319,41,SLEEP MANAGEMENT PRIVATE LIMITED(New),TTSPL6693,JQRD2B3,Dell Latitude 3420,2026-08,2026-08-01,2026-08-31,1999,1999,NO
INV-0319,41,SLEEP MANAGEMENT PRIVATE LIMITED(New),TTSPL2595,CXGQGJ3,Dell Vostro 3500,2026-08,2026-08-01,2026-08-31,2999,2999,NO
INV-0319,41,SLEEP MANAGEMENT PRIVATE LIMITED(New),TTSPL5271,PG02SKEB,Lenovo Thinkpad E14 (Gen 2),2026-08,2026-08-01,2026-08-31,1999,1999,NO
INV-0319,41,SLEEP MANAGEMENT PRIVATE LIMITED(New),TTSPL3437,D3Q1F63,Dell Latitude 5310,2026-08,2026-08-01,2026-08-31,1,1,NO
INV-0319,41,SLEEP MANAGEMENT PRIVATE LIMITED(New),TTSPL5333,5CD1315XSN,HP Probook 440 G8,2026-08,2026-08-01,2026-08-31,1999,1999,NO
INV-0319,41,SLEEP MANAGEMENT PRIVATE LIMITED(New),TTSPL6476,6JP5V93,Dell Latitude 3410,2026-08,2026-08-01,2026-08-31,1899,1899,NO
INV-0319,41,SLEEP MANAGEMENT PRIVATE LIMITED(New),TTSPL6619,PG02YB0A,Lenovo Thinkpad E-14 Gen 2,2026-08,2026-08-01,2026-08-31,1999,1999,NO
INV-0319,41,SLEEP MANAGEMENT PRIVATE LIMITED(New),TTSPL4373,PC261MJC,Lenovo Thinkpad X-13,2026-08,2026-08-01,2026-08-31,1999,1999,NO
INV-0319,41,SLEEP MANAGEMENT PRIVATE LIMITED(New),TTSPL6057,T7NRCX062643303,Asus TUF Gaming A15,2026-08,2026-08-01,2026-08-31,5399,5399,NO
INV-0319,41,SLEEP MANAGEMENT PRIVATE LIMITED(New),TTSPL5519,5CD138LWJC,HP Probook 440 G8,2026-08,2026-08-01,2026-08-31,1999,1999,NO
INV-0319,41,SLEEP MANAGEMENT PRIVATE LIMITED(New),TTSPL6547,B29Q463,Dell Latitude 3410,2026-08,2026-08-01,2026-08-31,1899,1899,NO
INV-0319,41,SLEEP MANAGEMENT PRIVATE LIMITED(New),TTSPL7254,R913GZ69,Lenovo Thinkpad L13,2026-08,2026-08-01,2026-08-31,1999,1999,NO
INV-0319,41,SLEEP MANAGEMENT PRIVATE LIMITED(New),TTSPL7165,R913GZ6X,Lenovo Thinkpad L13,2026-08,2026-08-01,2026-08-31,1999,1999,NO
INV-0319,41,SLEEP MANAGEMENT PRIVATE LIMITED(New),TTSPL7296,5Q6R2F3,Dell Latitude 5420,2026-08,2026-08-01,2026-08-31,1999,1999,NO
INV-0319,41,SLEEP MANAGEMENT PRIVATE LIMITED(New),TTSPL3636,J5N28S2,Dell Latitude 7490,2026-08,2026-08-01,2026-08-31,1499,1499,NO
INV-0319,41,SLEEP MANAGEMENT PRIVATE LIMITED(New),TTSPL5455,PF38DF7V,Lenovo Thinkpad T14 (Touchscreen),2026-08,2026-08-01,2026-08-31,1999,1999,NO
INV-0319,41,SLEEP MANAGEMENT PRIVATE LIMITED(New),TTSPL5167,PF3DD6P0,Lenovo Thinkpad E14 (Gen 2),2026-08,2026-08-01,2026-08-31,1999,1999,NO
INV-0319,41,SLEEP MANAGEMENT PRIVATE LIMITED(New),TTSPL5257,CNNGZH3,Dell Latitude 5420,2026-08,2026-08-01,2026-08-31,1999,1999,NO
INV-0319,41,SLEEP MANAGEMENT PRIVATE LIMITED(New),TTSPL5726,CKQYCL3,Dell Latitude 3420,2026-08,2026-08-01,2026-08-31,1999,1999,NO
INV-0319,41,SLEEP MANAGEMENT PRIVATE LIMITED(New),TTSPL6699,7SST1B3,Dell Latitude 3420,2026-08,2026-08-01,2026-08-31,1999,1999,NO
INV-0319,41,SLEEP MANAGEMENT PRIVATE LIMITED(New),TTSPL5502,JVXDN644DJ,Apple Macbook Air,2026-08,2026-08-01,2026-08-31,5599,5599,NO
INV-0319,41,SLEEP MANAGEMENT PRIVATE LIMITED(New),TTSPL4827,JRX60J3,Dell Latitude 5420,2026-08,2026-08-01,2026-08-31,2999,2999,NO
INV-0319,41,SLEEP MANAGEMENT PRIVATE LIMITED(New),TTSPL6613,8TJ5QG3,Dell Latitude 3420,2026-08,2026-08-01,2026-08-31,1999,1999,NO
INV-0319,41,SLEEP MANAGEMENT PRIVATE LIMITED(New),TTSPL5614,PF3B6X06,Lenovo Thinkpad E14,2026-08,2026-08-01,2026-08-31,1999,1999,NO
INV-0319,41,SLEEP MANAGEMENT PRIVATE LIMITED(New),TTSPL6578,5CD112LVZ0,HP Probook 440 G8,2026-08,2026-08-01,2026-08-31,1999,1999,NO
INV-0319,41,SLEEP MANAGEMENT PRIVATE LIMITED(New),TTSPL3583,5CG9113C26,HP Elitebook 840 G5,2026-08,2026-08-01,2026-08-31,1899,1899,NO
INV-0319,41,SLEEP MANAGEMENT PRIVATE LIMITED(New),TTSPL3145,PF1X6WRS,Lenovo Thinkpad T490 (Touchscreen),2026-08,2026-08-01,2026-08-31,1499,1499,NO
INV-0319,41,SLEEP MANAGEMENT PRIVATE LIMITED(New),TTSPL6383,PG02HVPX,Lenovo Thinkpad E-14 Gen 2,2026-08,2026-08-01,2026-08-31,1999,1999,NO
INV-0319,41,SLEEP MANAGEMENT PRIVATE LIMITED(New),TTSPL6615,4XNYCL3,Dell Latitude 3420,2026-08,2026-08-01,2026-08-31,1999,1999,NO
INV-0319,41,SLEEP MANAGEMENT PRIVATE LIMITED(New),TTSPL5357,5CD204F3YG,HP Probook 440 G8,2026-08,2026-08-01,2026-08-31,1999,1999,NO
INV-0319,41,SLEEP MANAGEMENT PRIVATE LIMITED(New),TTSPL5071,JZ6MXD3,Dell Latitude 5420,2026-08,2026-08-01,2026-08-31,1999,1999,NO
INV-0319,41,SLEEP MANAGEMENT PRIVATE LIMITED(New),TTSPL3699,PF2E0GKK,Lenovo Thinkpad L14,2026-08,2026-08-01,2026-08-31,1999,1999,NO
INV-0319,41,SLEEP MANAGEMENT PRIVATE LIMITED(New),TTSPL5711,6S64JL3,Dell Latitude 3420,2026-08,2026-08-01,2026-08-31,1999,1999,NO
INV-0319,41,SLEEP MANAGEMENT PRIVATE LIMITED(New),TTSPL7531,4W5T2F3,Latitude 5420,2026-07,2026-07-29,2026-07-31,1999,193.45,YES
INV-0319,41,SLEEP MANAGEMENT PRIVATE LIMITED(New),TTSPL7531,4W5T2F3,Latitude 5420,2026-08,2026-08-01,2026-08-31,1999,1999,NO
INV-0319,41,SLEEP MANAGEMENT PRIVATE LIMITED(New),TTSPL7517,F8SV9K3,Latitude 5420,2026-07,2026-07-30,2026-07-31,1999,128.97,YES
INV-0319,41,SLEEP MANAGEMENT PRIVATE LIMITED(New),TTSPL7517,F8SV9K3,Latitude 5420,2026-08,2026-08-01,2026-08-31,1999,1999,NO
INV-0319,41,SLEEP MANAGEMENT PRIVATE LIMITED(New),TTSPL7556,61XP6J3,Latitude 5420,2026-07,2026-07-30,2026-07-31,1999,128.97,YES
INV-0319,41,SLEEP MANAGEMENT PRIVATE LIMITED(New),TTSPL7556,61XP6J3,Latitude 5420,2026-08,2026-08-01,2026-08-31,1999,1999,NO
INV-0319,41,SLEEP MANAGEMENT PRIVATE LIMITED(New),TTSPL7553,4V8B2F3,Latitude 5420,2026-07,2026-07-31,2026-07-31,1999,64.48,YES
INV-0319,41,SLEEP MANAGEMENT PRIVATE LIMITED(New),TTSPL7553,4V8B2F3,Latitude 5420,2026-08,2026-08-01,2026-08-31,1999,1999,NO
INV-0319,41,SLEEP MANAGEMENT PRIVATE LIMITED(New),TTSPL7557,3FYJZH3,Latitude 5420,2026-07,2026-07-30,2026-07-31,1999,128.97,YES
INV-0319,41,SLEEP MANAGEMENT PRIVATE LIMITED(New),TTSPL7557,3FYJZH3,Latitude 5420,2026-08,2026-08-01,2026-08-31,1999,1999,NO
INV-0319,41,SLEEP MANAGEMENT PRIVATE LIMITED(New),TTSPL7021,5CG4052X0X,HP Elitebook 840 G10,2026-07,2026-07-10,2026-07-31,4500,3193.55,YES
INV-0319,41,SLEEP MANAGEMENT PRIVATE LIMITED(New),TTSPL7021,5CG4052X0X,HP Elitebook 840 G10,2026-08,2026-08-01,2026-08-31,4500,4500,NO
INV-0319,41,SLEEP MANAGEMENT PRIVATE LIMITED(New),TTSPL7521,FTYL6J3,Latitude 5420,2026-07,2026-07-31,2026-07-31,1999,64.48,YES
INV-0319,41,SLEEP MANAGEMENT PRIVATE LIMITED(New),TTSPL7521,FTYL6J3,Latitude 5420,2026-08,2026-08-01,2026-08-31,1999,1999,NO
INV-0319,41,SLEEP MANAGEMENT PRIVATE LIMITED(New),TTSPL7436,76MF6G3,Latitude 5420,2026-07,2026-07-31,2026-07-31,1999,64.48,YES
INV-0319,41,SLEEP MANAGEMENT PRIVATE LIMITED(New),TTSPL7436,76MF6G3,Latitude 5420,2026-08,2026-08-01,2026-08-31,1999,1999,NO
INV-0319,41,SLEEP MANAGEMENT PRIVATE LIMITED(New),TTSPL7350,2TK24609WX,HP ELITEBOOK 640 G9,2026-07,2026-07-07,2026-07-31,2699,2176.61,YES
INV-0319,41,SLEEP MANAGEMENT PRIVATE LIMITED(New),TTSPL7350,2TK24609WX,HP ELITEBOOK 640 G9,2026-08,2026-08-01,2026-08-31,2699,2699,NO
INV-0319,41,SLEEP MANAGEMENT PRIVATE LIMITED(New),TTSPL5803,9Q834J3,Dell Latitude 5420,2026-08,2026-08-01,2026-08-31,1999,1999,NO
INV-0319,41,SLEEP MANAGEMENT PRIVATE LIMITED(New),TTSPL6601,5FK5QG3,Dell Latitude 3420,2026-08,2026-08-01,2026-08-31,1999,1999,NO
INV-0319,41,SLEEP MANAGEMENT PRIVATE LIMITED(New),TTSPL5332,5CD204F3Z6,HP Probook 440 G8,2026-08,2026-08-01,2026-08-31,1999,1999,NO
INV-0319,41,SLEEP MANAGEMENT PRIVATE LIMITED(New),TTSPL6386,PG02VJPX,Lenovo Thinkpad E-14 Gen 2,2026-08,2026-08-01,2026-08-31,1999,1999,NO
INV-0319,41,SLEEP MANAGEMENT PRIVATE LIMITED(New),TTSPL6009,CBRD2B3,Dell Latitude 3420,2026-08,2026-08-01,2026-08-31,1999,1999,NO
INV-0319,41,SLEEP MANAGEMENT PRIVATE LIMITED(New),TTSPL6066,1LTT1B3,Dell Latitude 3420,2026-08,2026-08-01,2026-08-31,1999,1999,NO
INV-0319,41,SLEEP MANAGEMENT PRIVATE LIMITED(New),TTSPL6624,99ZYJG3,Dell Latitude 3420,2026-08,2026-08-01,2026-08-31,1999,1999,NO
INV-0319,41,SLEEP MANAGEMENT PRIVATE LIMITED(New),TTSPL5363,5CD147H0SB,HP Probook 440 G8,2026-08,2026-08-01,2026-08-31,1999,1999,NO
INV-0319,41,SLEEP MANAGEMENT PRIVATE LIMITED(New),TTSPL5360,5CD1411HHH,HP Probook 440 G8,2026-08,2026-08-01,2026-08-31,1999,1999,NO
INV-0319,41,SLEEP MANAGEMENT PRIVATE LIMITED(New),TTSPL6418,PG02HYE3,Lenovo Thinkpad E-14 Gen 2,2026-08,2026-08-01,2026-08-31,1999,1999,NO
INV-0319,41,SLEEP MANAGEMENT PRIVATE LIMITED(New),TTSPL5148,PF20TG4F,Lenovo Thinkpad T14,2026-08,2026-08-01,2026-08-31,1999,1999,NO
INV-0319,41,SLEEP MANAGEMENT PRIVATE LIMITED(New),TTSPL3568,PC1NVAXC,Lenovo Thinkpad X-13,2026-08,2026-08-01,2026-08-31,1999,1999,NO
INV-0319,41,SLEEP MANAGEMENT PRIVATE LIMITED(New),TTSPL4540,C9YQ1J3,Dell Latitude 5420,2026-08,2026-08-01,2026-08-31,1999,1999,NO
INV-0319,41,SLEEP MANAGEMENT PRIVATE LIMITED(New),TTSPL4561,64TD3F3,Dell Latitude 5420,2026-08,2026-08-01,2026-08-31,1999,1999,NO
INV-0319,41,SLEEP MANAGEMENT PRIVATE LIMITED(New),TTSPL6384,PG02YB0J,Lenovo Thinkpad E-14 Gen 2,2026-08,2026-08-01,2026-08-31,1999,1999,NO
INV-0319,41,SLEEP MANAGEMENT PRIVATE LIMITED(New),TTSPL5351,5CD138LYQP,HP Probook 440 G8,2026-08,2026-08-01,2026-08-31,1999,1999,NO
INV-0319,41,SLEEP MANAGEMENT PRIVATE LIMITED(New),TTSPL4714,PF32HQTY,Lenovo Thinkpad T14,2026-08,2026-08-01,2026-08-31,1999,1999,NO
INV-0319,41,SLEEP MANAGEMENT PRIVATE LIMITED(New),TTSPL5267,PF3FA6CG,Lenovo Thinkpad E-14 Gen 2,2026-08,2026-08-01,2026-08-31,1999,1999,NO
INV-0319,41,SLEEP MANAGEMENT PRIVATE LIMITED(New),TTSPL6859,PG02J3MH,Lenovo Thinkpad L14,2026-08,2026-08-01,2026-08-31,1999,1999,NO
INV-0319,41,SLEEP MANAGEMENT PRIVATE LIMITED(New),TTSPL5325,5CD1411HJD,HP Probook 440 G8,2026-08,2026-08-01,2026-08-31,1999,1999,NO
INV-0319,41,SLEEP MANAGEMENT PRIVATE LIMITED(New),TTSPL3090,PF3SWY21,Lenovo Ideapad 3,2026-08,2026-08-01,2026-08-31,3799,3799,NO
INV-0319,41,SLEEP MANAGEMENT PRIVATE LIMITED(New),TTSPL5130,5CD211D3TW,HP Probook 440 G8,2026-08,2026-08-01,2026-08-31,2999,2999,NO
INV-0319,41,SLEEP MANAGEMENT PRIVATE LIMITED(New),TTSPL5942,PG037G6G,Lenovo Thinkpad E14,2026-08,2026-08-01,2026-08-31,1999,1999,NO
INV-0319,41,SLEEP MANAGEMENT PRIVATE LIMITED(New),TTSPL7164,R913GZD1,Lenovo Thinkpad L13,2026-08,2026-08-01,2026-08-31,1999,1999,NO
INV-0319,41,SLEEP MANAGEMENT PRIVATE LIMITED(New),TTSPL7333,9LCNFK3,Dell Latitude 5420,2026-08,2026-08-01,2026-08-31,1999,1999,NO
INV-0319,41,SLEEP MANAGEMENT PRIVATE LIMITED(New),TTSPL7330,J5ZBBK3,Dell Latitude 5420,2026-08,2026-08-01,2026-08-31,1999,1999,NO
INV-0319,41,SLEEP MANAGEMENT PRIVATE LIMITED(New),TTSPL5775,8TZBRG3,Dell Latitude 3420,2026-08,2026-08-01,2026-08-31,1999,1999,NO
INV-0319,41,SLEEP MANAGEMENT PRIVATE LIMITED(New),TTSPL4556,6KQ41F3,Dell Latitude 5420,2026-08,2026-08-01,2026-08-31,1999,1999,NO
INV-0319,41,SLEEP MANAGEMENT PRIVATE LIMITED(New),TTSPL6566,5CD3031PKV,HP Probook 440 G8,2026-08,2026-08-01,2026-08-31,1999,1999,NO
INV-0319,41,SLEEP MANAGEMENT PRIVATE LIMITED(New),TTSPL6414,PG02YB1V,Lenovo Thinkpad E-14 Gen 2,2026-08,2026-08-01,2026-08-31,1999,1999,NO
INV-0319,41,SLEEP MANAGEMENT PRIVATE LIMITED(New),TTSPL5237,PG02Y0FM,Lenovo Thinkpad E14 (Gen 2),2026-08,2026-08-01,2026-08-31,1999,1999,NO
INV-0319,41,SLEEP MANAGEMENT PRIVATE LIMITED(New),TTSPL6407,PG02YB19,Lenovo Thinkpad E14,2026-08,2026-08-01,2026-08-31,1999,1999,NO
INV-0319,41,SLEEP MANAGEMENT PRIVATE LIMITED(New),TTSPL5625,PG02S34L,Lenovo Thinkpad E14,2026-08,2026-08-01,2026-08-31,1999,1999,NO
INV-0319,41,SLEEP MANAGEMENT PRIVATE LIMITED(New),TTSPL5634,PG02SKET,Lenovo Thinkpad E14,2026-08,2026-08-01,2026-08-31,1999,1999,NO
INV-0319,41,SLEEP MANAGEMENT PRIVATE LIMITED(New),TTSPL5820,7NHBFG3,Dell Latitude 3420,2026-08,2026-08-01,2026-08-31,1999,1999,NO
INV-0319,41,SLEEP MANAGEMENT PRIVATE LIMITED(New),TTSPL5268,PG02Y0GJ,Lenovo Thinkpad E14 (Gen 2),2026-08,2026-08-01,2026-08-31,1999,1999,NO
INV-0319,41,SLEEP MANAGEMENT PRIVATE LIMITED(New),TTSPL6636,DCPYCL3,Dell Latitude 3420,2026-08,2026-08-01,2026-08-31,1999,1999,NO
INV-0319,41,SLEEP MANAGEMENT PRIVATE LIMITED(New),TTSPL5724,5TZ3JL3,Dell Latitude 3420,2026-08,2026-08-01,2026-08-31,1999,1999,NO
INV-0319,41,SLEEP MANAGEMENT PRIVATE LIMITED(New),TTSPL5330,5CD1315Y4G,HP Probook 440 G8,2026-08,2026-08-01,2026-08-31,1999,1999,NO
INV-0319,41,SLEEP MANAGEMENT PRIVATE LIMITED(New),TTSPL5383,B4971F3,Dell Latitude 5420,2026-08,2026-08-01,2026-08-31,1999,1999,NO
INV-0319,41,SLEEP MANAGEMENT PRIVATE LIMITED(New),TTSPL6855,PG02X88K,Lenovo Thinkpad L14,2026-08,2026-08-01,2026-08-31,1999,1999,NO
INV-0319,41,SLEEP MANAGEMENT PRIVATE LIMITED(New),TTSPL5361,5CD1315YTZ,HP Probook 440 G8,2026-08,2026-08-01,2026-08-31,1999,1999,NO
INV-0319,41,SLEEP MANAGEMENT PRIVATE LIMITED(New),TTSPL6050,5CD112LV8Y,HP Probook 440 G8,2026-08,2026-08-01,2026-08-31,1999,1999,NO
INV-0319,41,SLEEP MANAGEMENT PRIVATE LIMITED(New),TTSPL5777,BZQD2B3,Dell Latitude 3420,2026-08,2026-08-01,2026-08-31,1999,1999,NO
INV-0319,41,SLEEP MANAGEMENT PRIVATE LIMITED(New),TTSPL2993,5W5VN73,Dell Latitude 5410,2026-08,2026-08-01,2026-08-31,1,1,NO
INV-0293,252,Girish Srikrishna Paranjpe,TTSPL3341,5CG225561F,HP 240 G8,2026-08,2026-08-01,2026-08-31,2100,2100,NO
INV-0293,252,Girish Srikrishna Paranjpe,TTSPL6399,PG02YB0K,Lenovo Thinkpad E-14 Gen 2,2026-08,2026-08-01,2026-08-31,2100,2100,NO
INV-0293,252,Girish Srikrishna Paranjpe,TTSPL6396,PG02JQEK,Lenovo Thinkpad E-14 Gen 2,2026-08,2026-08-01,2026-08-31,2100,2100,NO
INV-0293,252,Girish Srikrishna Paranjpe,TTSPL5396,5CHVZH3,Dell Latitude 5420 (Touch Screen),2026-08,2026-08-01,2026-08-31,2100,2100,NO
INV-0293,252,Girish Srikrishna Paranjpe,TTSPL7294,88LQ5G3,Dell Latitude 5420,2026-08,2026-08-01,2026-08-31,2100,2100,NO
INV-0293,252,Girish Srikrishna Paranjpe,TTSPL6950,7TMT0T3,Dell Latitude 7330,2026-07,2026-07-10,2026-07-31,3999,2838,YES
INV-0293,252,Girish Srikrishna Paranjpe,TTSPL6950,7TMT0T3,Dell Latitude 7330,2026-08,2026-08-01,2026-08-31,3999,3999,NO
INV-0236,15,SAATHI WORLDAPP PRIVATE LIMITED,TTSPL5229,PG02SK9T,Lenovo Thinkpad E14 (Gen 2),2026-08,2026-08-01,2026-08-31,1500,1500,NO
INV-0236,15,SAATHI WORLDAPP PRIVATE LIMITED,TTSPL5302,5CD204F3YL,HP Probook 440 G8,2026-08,2026-08-01,2026-08-31,1500,1500,NO
INV-0236,15,SAATHI WORLDAPP PRIVATE LIMITED,TTSPL5184,PG02Y0DM,Lenovo Thinkpad E14 (Gen 2),2026-08,2026-08-01,2026-08-31,1500,1500,NO
INV-0236,15,SAATHI WORLDAPP PRIVATE LIMITED,TTSPL5369,5CD204F3WD,HP Probook 440 G8,2026-08,2026-08-01,2026-08-31,1500,1500,NO
INV-0295,36,KULSYS TECHNOLOGIES PRIVATE LIMITED,TTSPL4823,FDGVZH3,Dell Latitude 5420,2026-08,2026-08-01,2026-08-31,3500,3500,NO
INV-0295,36,KULSYS TECHNOLOGIES PRIVATE LIMITED,TTSPL6982,5CG31300N4,HP Elitebook 840 G8,2026-08,2026-08-01,2026-08-31,2699,2699,NO
INV-0295,36,KULSYS TECHNOLOGIES PRIVATE LIMITED,TTSPL4756,4BY60J3,Dell Latitude 5420,2026-08,2026-08-01,2026-08-31,2699,2699,NO
INV-0295,36,KULSYS TECHNOLOGIES PRIVATE LIMITED,TTSPL6300,HW76HK3,Dell Latitude 5420,2026-08,2026-08-01,2026-08-31,2699,2699,NO
INV-0295,36,KULSYS TECHNOLOGIES PRIVATE LIMITED,TTSPL3476,FFPT3J3,Dell Latitude 5420,2026-08,2026-08-01,2026-08-31,2699,2699,NO
INV-0295,36,KULSYS TECHNOLOGIES PRIVATE LIMITED,TTSPL7015,T9NRCX05E930384,Asus TUF Gaming A15,2026-08,2026-08-01,2026-08-31,6000,6000,NO
INV-0295,36,KULSYS TECHNOLOGIES PRIVATE LIMITED,TTSPL4657,66RM3F3,Dell Latitude 5420 (Touch Screen),2026-07,2026-07-07,2026-07-31,3500,2822.58,YES
INV-0295,36,KULSYS TECHNOLOGIES PRIVATE LIMITED,TTSPL4657,66RM3F3,Dell Latitude 5420 (Touch Screen),2026-08,2026-08-01,2026-08-31,3500,3500,NO
INV-0295,36,KULSYS TECHNOLOGIES PRIVATE LIMITED,TTSPL4764,HZ2XZH3,Dell Latitude 5420,2026-07,2026-07-07,2026-07-31,3500,2822.58,YES
INV-0295,36,KULSYS TECHNOLOGIES PRIVATE LIMITED,TTSPL4764,HZ2XZH3,Dell Latitude 5420,2026-08,2026-08-01,2026-08-31,3500,3500,NO
INV-0359,185,DROR SERVICES PRIVATE LIMITED,TTSPL4386,PC282ZS4,Lenovo Thinkpad X-13,2026-08,2026-08-01,2026-08-31,1999,1999,NO
INV-0359,185,DROR SERVICES PRIVATE LIMITED,TTSPL6334,64Q5V93,Dell Latitude 3410,2026-08,2026-08-01,2026-08-31,1599,1599,NO
INV-0359,185,DROR SERVICES PRIVATE LIMITED,TTSPL3642,7G078S2,Dell Latitude 7490,2026-08,2026-08-01,2026-08-31,1199,1199,NO
INV-0359,185,DROR SERVICES PRIVATE LIMITED,TTSPL6503,951WB93,Dell Latitude 3410,2026-08,2026-08-01,2026-08-31,1599,1599,NO
INV-0359,185,DROR SERVICES PRIVATE LIMITED,TTSPL3781,6BQHDB3,Dell Latitude 5410,2026-07,2026-07-10,2026-07-31,1999,1418.65,YES
INV-0359,185,DROR SERVICES PRIVATE LIMITED,TTSPL3781,6BQHDB3,Dell Latitude 5410,2026-08,2026-08-01,2026-08-31,1999,1999,NO
INV-0359,185,DROR SERVICES PRIVATE LIMITED,TTSPL6728,B1PS103,Dell Latitude 3410,2026-08,2026-08-01,2026-08-31,1599,1599,NO
INV-0359,185,DROR SERVICES PRIVATE LIMITED,TTSPL7238,R913GZHH,Thinkpad L13,2026-08,2026-08-01,2026-08-31,1999,1999,NO
INV-0359,185,DROR SERVICES PRIVATE LIMITED,TTSPL6500,JB7BC63,Dell Latitude 3410,2026-08,2026-08-01,2026-08-31,1599,1599,NO
INV-0359,185,DROR SERVICES PRIVATE LIMITED,TTSPL6240,9DTM763,Dell Latitude 3410,2026-08,2026-08-01,2026-08-31,1599,1599,NO
INV-0359,185,DROR SERVICES PRIVATE LIMITED,TTSPL3516,B6VP6Y2,Dell Latitude 7490,2026-08,2026-08-01,2026-08-31,1599,1599,NO
INV-0359,185,DROR SERVICES PRIVATE LIMITED,TTSPL6904,PF22M9DK,Lenovo Thinkpad T14,2026-08,2026-08-01,2026-08-31,1599,1599,NO
INV-0359,185,DROR SERVICES PRIVATE LIMITED,TTSPL4705,PF31MY69,Lenovo Thinkpad T14,2026-08,2026-08-01,2026-08-31,1599,1599,NO
INV-0359,185,DROR SERVICES PRIVATE LIMITED,TTSPL6341,BQ33C63,Dell Latitude 3410,2026-08,2026-08-01,2026-08-31,1599,1599,NO
INV-0359,185,DROR SERVICES PRIVATE LIMITED,TTSPL5058,PF56JY8A,Lenovo V14 (Gen 3),2026-08,2026-08-01,2026-08-31,3999,3999,NO
INV-0359,185,DROR SERVICES PRIVATE LIMITED,TTSPL6453,3Z23C63,Dell Latitude 3410,2026-08,2026-08-01,2026-08-31,1599,1599,NO
INV-0359,185,DROR SERVICES PRIVATE LIMITED,TTSPL5660,B9P1T93,Dell Latitude 3410,2026-08,2026-08-01,2026-08-31,1599,1599,NO
INV-0359,185,DROR SERVICES PRIVATE LIMITED,TTSPL2446,2CTXJZ2,DELL Inspiron 3493,2026-08,2026-08-01,2026-08-31,1599,1599,NO
INV-0359,185,DROR SERVICES PRIVATE LIMITED,TTSPL7221,R913EBMT,Lenovo Thinkpad L13,2026-08,2026-08-01,2026-08-31,1999,1999,NO
INV-0359,185,DROR SERVICES PRIVATE LIMITED,TTSPL5293,PF1SV0AJ,Lenovo Thinkpad T14,2026-08,2026-08-01,2026-08-31,1599,1599,NO
INV-0359,185,DROR SERVICES PRIVATE LIMITED,TTSPL7176,R913GZ7D,Lenovo Thinkpad L13,2026-08,2026-08-01,2026-08-31,1999,1999,NO
INV-0260,913,LEARNINGPAD EDUCATION SOLUTIONS PRIVATE LIMITED,TTSPL4516,8GXNBK3,Dell Latitude 5420 (Touch Screen),2026-08,2026-08-01,2026-08-31,2399,2399,NO
INV-0260,913,LEARNINGPAD EDUCATION SOLUTIONS PRIVATE LIMITED,TTSPL4754,FWQWZH3,Dell Latitude 5420,2026-08,2026-08-01,2026-08-31,2399,2399,NO
INV-0259,921,Max LT Technologies,TTSPL3576,PC1S0L7J,Lenovo Thinkpad X-13,2026-08,2026-08-01,2026-08-31,1999,1999,NO
INV-0279,958,SCALE BUSINESS SERVICES PRIVATE LIMITED,TTSPL7195,R913GZ6S,Lenovo Thinkpad L13,2026-08,2026-08-01,2026-08-31,2200,2200,NO
INV-0279,958,SCALE BUSINESS SERVICES PRIVATE LIMITED,TTSPL7212,R913EBN7,Lenovo Thinkpad L13,2026-08,2026-08-01,2026-08-31,2200,2200,NO
INV-0279,958,SCALE BUSINESS SERVICES PRIVATE LIMITED,TTSPL7245,R913GZ4E,Lenovo Thinkpad L13,2026-08,2026-08-01,2026-08-31,2200,2200,NO
INV-0279,958,SCALE BUSINESS SERVICES PRIVATE LIMITED,TTSPL7228,R913GZFN,Lenovo Thinkpad L13,2026-08,2026-08-01,2026-08-31,2200,2200,NO
INV-0279,958,SCALE BUSINESS SERVICES PRIVATE LIMITED,TTSPL7188,R914RLRK,Lenovo Thinkpad L13,2026-08,2026-08-01,2026-08-31,2200,2200,NO
INV-0234,196,MERVICE INFOTECH PRIVATE LIMITED,TTSPL6484,4TKG463,Dell Latitude 3410,2026-08,2026-08-01,2026-08-31,1499,1499,NO
INV-0234,196,MERVICE INFOTECH PRIVATE LIMITED,TTSPL6234,509SC63,Dell Latitude 3410,2026-08,2026-08-01,2026-08-31,1499,1499,NO
INV-0234,196,MERVICE INFOTECH PRIVATE LIMITED,TTSPL6227,FSP1T93,Dell Latitude 3410,2026-07,2026-07-11,2026-07-31,1499,1015.45,YES
INV-0234,196,MERVICE INFOTECH PRIVATE LIMITED,TTSPL6227,FSP1T93,Dell Latitude 3410,2026-08,2026-08-01,2026-08-31,1499,1499,NO
INV-0234,196,MERVICE INFOTECH PRIVATE LIMITED,TTSPL6734,73QM763,Dell Latitude 3410,2026-07,2026-07-11,2026-07-31,1499,1015.45,YES
INV-0234,196,MERVICE INFOTECH PRIVATE LIMITED,TTSPL6734,73QM763,Dell Latitude 3410,2026-08,2026-08-01,2026-08-31,1499,1499,NO
INV-0234,196,MERVICE INFOTECH PRIVATE LIMITED,TTSPL6280,GFTM763,Dell Latitude 3410,2026-07,2026-07-11,2026-07-31,1499,1015.45,YES
INV-0234,196,MERVICE INFOTECH PRIVATE LIMITED,TTSPL6280,GFTM763,Dell Latitude 3410,2026-08,2026-08-01,2026-08-31,1499,1499,NO
INV-0234,196,MERVICE INFOTECH PRIVATE LIMITED,TTSPL4438,PF2APG8A,Lenovo Thinkpad L14,2026-07,2026-07-10,2026-07-31,1499,1063.81,YES
INV-0234,196,MERVICE INFOTECH PRIVATE LIMITED,TTSPL4438,PF2APG8A,Lenovo Thinkpad L14,2026-08,2026-08-01,2026-08-31,1499,1499,NO
INV-0234,196,MERVICE INFOTECH PRIVATE LIMITED,TTSPL5159,PF2R5QP3,Lenovo Thinkpad T14,2026-07,2026-07-10,2026-07-31,1499,1063.81,YES
INV-0234,196,MERVICE INFOTECH PRIVATE LIMITED,TTSPL5159,PF2R5QP3,Lenovo Thinkpad T14,2026-08,2026-08-01,2026-08-31,1499,1499,NO
INV-0234,196,MERVICE INFOTECH PRIVATE LIMITED,TTSPL6289,1TKG463,Dell Latitude 3410,2026-08,2026-08-01,2026-08-31,1499,1499,NO
INV-0234,196,MERVICE INFOTECH PRIVATE LIMITED,TTSPL5644,6V6X503,Dell Latitude 3410,2026-08,2026-08-01,2026-08-31,1499,1499,NO
INV-0234,196,MERVICE INFOTECH PRIVATE LIMITED,TTSPL6274,6BQ1T93,Dell Latitude 3410,2026-08,2026-08-01,2026-08-31,1499,1499,NO
INV-0234,196,MERVICE INFOTECH PRIVATE LIMITED,TTSPL6085,GN83C63,Dell Latitude 3410,2026-08,2026-08-01,2026-08-31,1499,1499,NO
INV-0234,196,MERVICE INFOTECH PRIVATE LIMITED,TTSPL6277,CG0BW93,Dell Latitude 3410,2026-08,2026-08-01,2026-08-31,1699,1699,NO
INV-0234,196,MERVICE INFOTECH PRIVATE LIMITED,TTSPL6283,1P83C63,Dell Latitude 3410,2026-08,2026-08-01,2026-08-31,1499,1499,NO
INV-0234,196,MERVICE INFOTECH PRIVATE LIMITED,TTSPL6343,8BRM763,Dell Latitude 3410,2026-08,2026-08-01,2026-08-31,1499,1499,NO
INV-0234,196,MERVICE INFOTECH PRIVATE LIMITED,TTSPL6474,JJ0BW93,Dell Latitude 3410,2026-08,2026-08-01,2026-08-31,1499,1499,NO
INV-0234,196,MERVICE INFOTECH PRIVATE LIMITED,TTSPL6532,H2P5V93,Dell Latitude 3410,2026-08,2026-08-01,2026-08-31,1499,1499,NO
INV-0234,196,MERVICE INFOTECH PRIVATE LIMITED,TTSPL6550,4HVM763,Dell Latitude 3410,2026-08,2026-08-01,2026-08-31,1499,1499,NO
INV-0234,196,MERVICE INFOTECH PRIVATE LIMITED,TTSPL1866,CNG1422L2P,HP Compaq 8200 Elite,2026-08,2026-08-01,2026-08-31,1499,1499,NO
INV-0234,196,MERVICE INFOTECH PRIVATE LIMITED,TTSPL6784,8RKG463,Dell Latitude 3410,2026-08,2026-08-01,2026-08-31,1499,1499,NO
INV-0252,131,Beom Commerce Private Limited,TTSPL5042,PC1FBACA,Lenovo Thinkpad T490s,2026-08,2026-08-01,2026-08-31,950,950,NO
INV-0252,131,Beom Commerce Private Limited,TTSPL4943,PC1FBABZ,Lenovo Thinkpad T490s,2026-08,2026-08-01,2026-08-31,950,950,NO
INV-0252,131,Beom Commerce Private Limited,TTSPL5208,PC0VNSU5,Lenovo Thinkpad T480s,2026-08,2026-08-01,2026-08-31,950,950,NO
INV-0252,131,Beom Commerce Private Limited,TTSPL5494,3NRD3J3,Dell Latitude 5420,2026-08,2026-08-01,2026-08-31,1525,1525,NO
INV-0252,131,Beom Commerce Private Limited,TTSPL7528,5L491J3,Latitude 5420,2026-07,2026-07-24,2026-07-31,1525,393.55,YES
INV-0252,131,Beom Commerce Private Limited,TTSPL7528,5L491J3,Latitude 5420,2026-08,2026-08-01,2026-08-31,1525,1525,NO
INV-0252,131,Beom Commerce Private Limited,TTSPL7504,FGHJ2F3,Latitude 5420,2026-07,2026-07-24,2026-07-31,1525,393.55,YES
INV-0252,131,Beom Commerce Private Limited,TTSPL7504,FGHJ2F3,Latitude 5420,2026-08,2026-08-01,2026-08-31,1525,1525,NO
INV-0252,131,Beom Commerce Private Limited,TTSPL7485,5CG0278FK8,HP ProBook 640 G5,2026-07,2026-07-31,2026-07-31,1250,40.32,YES
INV-0252,131,Beom Commerce Private Limited,TTSPL7485,5CG0278FK8,HP ProBook 640 G5,2026-08,2026-08-01,2026-08-31,1250,1250,NO
INV-0191,959,QUREX HEALTH PRIVATE LIMITED,TTSPL3933,15JBSQ2,Dell Latitude 7490,2026-07,2026-07-16,2026-07-31,1399,722.06,YES
INV-0191,959,QUREX HEALTH PRIVATE LIMITED,TTSPL3933,15JBSQ2,Dell Latitude 7490,2026-08,2026-08-01,2026-08-31,1399,1399,NO
INV-0191,959,QUREX HEALTH PRIVATE LIMITED,TTSPL3944,D066QN2,Dell Dell Latitude 7490,2026-07,2026-07-16,2026-07-31,1399,722.06,YES
INV-0191,959,QUREX HEALTH PRIVATE LIMITED,TTSPL3944,D066QN2,Dell Dell Latitude 7490,2026-08,2026-08-01,2026-08-31,1399,1399,NO
INV-0191,959,QUREX HEALTH PRIVATE LIMITED,TTSPL3056,3D2CSN2,Latitude 7490,2026-07,2026-07-29,2026-07-31,1399,135.39,YES
INV-0191,959,QUREX HEALTH PRIVATE LIMITED,TTSPL3056,3D2CSN2,Latitude 7490,2026-08,2026-08-01,2026-08-31,1399,1399,NO
INV-0191,959,QUREX HEALTH PRIVATE LIMITED,TTSPL5682,4V2FL13,Dell Dell Latitude 5400,2026-07,2026-07-17,2026-07-31,1399,676.94,YES
INV-0191,959,QUREX HEALTH PRIVATE LIMITED,TTSPL5682,4V2FL13,Dell Dell Latitude 5400,2026-08,2026-08-01,2026-08-31,1399,1399,NO
INV-0191,959,QUREX HEALTH PRIVATE LIMITED,TTSPL7526,40YYZH3,Latitude 5420,2026-07,2026-07-23,2026-07-31,1999,580.35,YES
INV-0191,959,QUREX HEALTH PRIVATE LIMITED,TTSPL7526,40YYZH3,Latitude 5420,2026-08,2026-08-01,2026-08-31,1999,1999,NO
INV-0350,20,Research Nester Private Limited,TTSPL2893,CCS9VN2,Dell Latitude 7490,2026-08,2026-08-01,2026-08-31,1099,1099,NO
INV-0350,20,Research Nester Private Limited,TTSPL6716,2BSZP13,Dell Latitude 5400,2026-08,2026-08-01,2026-08-31,1099,1099,NO
INV-0350,20,Research Nester Private Limited,TTSPL3050,8ZSVZW2,Dell Latitude 7490,2026-08,2026-08-01,2026-08-31,1099,1099,NO
INV-0350,20,Research Nester Private Limited,TTSPL1005,H7YCQH2,Dell Latitude E7480,2026-08,2026-08-01,2026-08-31,1099,1099,NO
INV-0350,20,Research Nester Private Limited,TTSPL4944,PC1GXHZ1,Lenovo Thinkpad T490s,2026-08,2026-08-01,2026-08-31,1099,1099,NO
INV-0350,20,Research Nester Private Limited,TTSPL1536,6CR6086GJ0,HP Elitedesk 800 G2,2026-08,2026-08-01,2026-08-31,599,599,NO
INV-0350,20,Research Nester Private Limited,TTSPL6261,DM93C63,Dell Latitude 3410,2026-08,2026-08-01,2026-08-31,1099,1099,NO
INV-0350,20,Research Nester Private Limited,TTSPL2025,CL5YMQ2,Dell Latitude 5490,2026-08,2026-08-01,2026-08-31,1099,1099,NO
INV-0350,20,Research Nester Private Limited,TTSPL1012,5CG43709VG,HP Elitebook 840 G1,2026-08,2026-08-01,2026-08-31,899,899,NO
INV-0350,20,Research Nester Private Limited,TTSPL1971,CDDNHR2,Dell Latitude 5490,2026-08,2026-08-01,2026-08-31,1099,1099,NO
INV-0350,20,Research Nester Private Limited,TTSPL5705,CSZ3JL3,Dell Latitude 3420,2026-08,2026-08-01,2026-08-31,1300,1300,NO
INV-0350,20,Research Nester Private Limited,TTSPL3457,JH5XQV2,Dell Latitude 5490,2026-08,2026-08-01,2026-08-31,1099,1099,NO
INV-0350,20,Research Nester Private Limited,TTSPL4951,PC1FB9HA,Lenovo Thinkpad T490s,2026-08,2026-08-01,2026-08-31,1099,1099,NO
INV-0350,20,Research Nester Private Limited,TTSPL3615,2TK85003QZ,HP Probook 640 G4,2026-08,2026-08-01,2026-08-31,1099,1099,NO
INV-0350,20,Research Nester Private Limited,TTSPL1079,H878CG2,Dell Latitude E5470,2026-08,2026-08-01,2026-08-31,899,899,NO
INV-0350,20,Research Nester Private Limited,TTSPL1276,5CG72304WW,HP Elitebook 840 G3,2026-08,2026-08-01,2026-08-31,899,899,NO
INV-0350,20,Research Nester Private Limited,TTSPL2625,1LD4NF2,Dell Latitude 7490 (Touch Screen),2026-08,2026-08-01,2026-08-31,1099,1099,NO
INV-0350,20,Research Nester Private Limited,TTSPL4209,BMM57Y2,Dell Latitude 5400,2026-08,2026-08-01,2026-08-31,1100,1100,NO
INV-0350,20,Research Nester Private Limited,TTSPL3658,3ZKZ5Q2,Dell Latitude 7490,2026-08,2026-08-01,2026-08-31,1099,1099,NO
INV-0350,20,Research Nester Private Limited,TTSPL3929,GFTKSQ2,Dell Latitude 7490,2026-08,2026-08-01,2026-08-31,1099,1099,NO
INV-0350,20,Research Nester Private Limited,TTSPL5431,FBVHWZ2,Dell Latitude 3400,2026-08,2026-08-01,2026-08-31,1299,1299,NO
INV-0350,20,Research Nester Private Limited,TTSPL4035,5CG91054KZ,HP Elitebook 840 G5,2026-08,2026-08-01,2026-08-31,1199,1199,NO
INV-0350,20,Research Nester Private Limited,TTSPL3618,2TK023059J,HP Probook 640 G5,2026-08,2026-08-01,2026-08-31,1099,1099,NO
INV-0350,20,Research Nester Private Limited,TTSPL3463,CNFF1X2,Dell Latitude 5490,2026-08,2026-08-01,2026-08-31,1099,1099,NO
INV-0350,20,Research Nester Private Limited,TTSPL2909,G40Z7S2,Dell Latitude 7480,2026-08,2026-08-01,2026-08-31,899,899,NO
INV-0350,20,Research Nester Private Limited,TTSPL3028,HHX5SF2,Dell Latitude E7470,2026-08,2026-08-01,2026-08-31,899,899,NO
INV-0350,20,Research Nester Private Limited,TTSPL2045,L900526,Lenovo ThinkCenter M90p\n,2026-08,2026-08-01,2026-08-31,599,599,NO
INV-0350,20,Research Nester Private Limited,TTSPL7489,5CG027484L,HP ProBook 640 G5,2026-07,2026-07-25,2026-07-31,1250,282.26,YES
INV-0350,20,Research Nester Private Limited,TTSPL7489,5CG027484L,HP ProBook 640 G5,2026-08,2026-08-01,2026-08-31,1250,1250,NO
INV-0350,20,Research Nester Private Limited,TTSPL5673,986YN73,Dell Latitude 5400,2026-07,2026-07-09,2026-07-31,1099,815.39,YES
INV-0350,20,Research Nester Private Limited,TTSPL5673,986YN73,Dell Latitude 5400,2026-08,2026-08-01,2026-08-31,1099,1099,NO
INV-0350,20,Research Nester Private Limited,TTSPL4881,6Q123X2,Dell Latitude 7490,2026-08,2026-08-01,2026-08-31,1099,1099,NO
INV-0350,20,Research Nester Private Limited,TTSPL4942,PC1H12JM,Lenovo Thinkpad T490s,2026-08,2026-08-01,2026-08-31,1099,1099,NO
INV-0350,20,Research Nester Private Limited,TTSPL5676,JT4SYY2,Dell Latitude 5400,2026-08,2026-08-01,2026-08-31,1099,1099,NO
INV-0350,20,Research Nester Private Limited,TTSPL3620,2TK85104WK,HP Probook 640 G4,2026-08,2026-08-01,2026-08-31,1199,1199,NO
INV-0350,20,Research Nester Private Limited,TTSPL2731,PC0GAJBR,Lenovo Thinkpad T460,2026-08,2026-08-01,2026-08-31,899,899,NO
INV-0350,20,Research Nester Private Limited,TTSPL3672,7J048S2,Dell Latitude 7490,2026-08,2026-08-01,2026-08-31,1099,1099,NO
INV-0350,20,Research Nester Private Limited,TTSPLGR0157,PF0XTT4G,Lenovo Thinkpad T470 (Touch Screen),2026-08,2026-08-01,2026-08-31,1099,1099,NO
INV-0350,20,Research Nester Private Limited,TTSPL3027,8H7RDC2,Dell Latitude E7470,2026-08,2026-08-01,2026-08-31,899,899,NO
INV-0350,20,Research Nester Private Limited,TTSPL2121,7MTWF02,Dell OptiPlex 3020,2026-08,2026-08-01,2026-08-31,599,599,NO
INV-0350,20,Research Nester Private Limited,TTSPL2956,G595WD2,Dell Latitude E7470,2026-08,2026-08-01,2026-08-31,899,899,NO
INV-0350,20,Research Nester Private Limited,TTSPL1036,2B5CQH2,Dell Latitude 7480,2026-08,2026-08-01,2026-08-31,899,899,NO
INV-0350,20,Research Nester Private Limited,TTSPLGR0147,5CG7125CFP,HP Elitebook 820 G3,2026-08,2026-08-01,2026-08-31,899,899,NO
INV-0350,20,Research Nester Private Limited,TTSPL1826,5CG7021WWB,HP Elitebook 820 G3,2026-08,2026-08-01,2026-08-31,899,899,NO
INV-0350,20,Research Nester Private Limited,TTSPL2937,DK2Z4Q2,Dell Latitude 7490,2026-08,2026-08-01,2026-08-31,1099,1099,NO
INV-0350,20,Research Nester Private Limited,TTSPL3686,5CG8528NWG,HP Elitebook 840 G5,2026-08,2026-08-01,2026-08-31,1099,1099,NO
INV-0350,20,Research Nester Private Limited,TTSPL2570,R82MWCX,Lenovo ThinkCenter M90p\n,2026-08,2026-08-01,2026-08-31,599,599,NO
INV-0350,20,Research Nester Private Limited,TTSPL2915,BP9ZJM2,Dell Latitude 7480,2026-08,2026-08-01,2026-08-31,899,899,NO
INV-0350,20,Research Nester Private Limited,TTSPL5212,PF26Y9YE,Lenovo Thinkpad T490,2026-08,2026-08-01,2026-08-31,1099,1099,NO
INV-0350,20,Research Nester Private Limited,TTSPL5034,PC0VNSTY,Lenovo Thinkpad T480s,2026-08,2026-08-01,2026-08-31,1099,1099,NO
INV-0350,20,Research Nester Private Limited,TTSPL4677,38X25Q2,Dell Latitude 7490,2026-08,2026-08-01,2026-08-31,1099,1099,NO
INV-0350,20,Research Nester Private Limited,TTSPL2950,63V3PC2,Dell Latitude E7470,2026-08,2026-08-01,2026-08-31,899,899,NO
INV-0350,20,Research Nester Private Limited,TTSPL5035,PC164BHG,Lenovo Thinkpad T480s,2026-08,2026-08-01,2026-08-31,1099,1099,NO
INV-0350,20,Research Nester Private Limited,TTSPL6677,5PVDQ13,Dell Latitude 5400,2026-08,2026-08-01,2026-08-31,1099,1099,NO
INV-0251,21,RISK EDUCATORS PRIVATE LIMITED,TTSPL4057,C329LL3,Dell Precision 3571 (with Nvidia T600 4 GB graphic),2026-08,2026-08-01,2026-08-31,5299,5299,NO
INV-0361,178,MNR Solutions Pvt. Ltd.,TTSPL3152,PF26LL1D,T-490,2026-08,2026-08-01,2026-08-31,999,999,NO
INV-0361,178,MNR Solutions Pvt. Ltd.,TTSPL5652,G2LMM53,Dell Latitude 5400,2026-08,2026-08-01,2026-08-31,999,999,NO
INV-0361,178,MNR Solutions Pvt. Ltd.,TTSPL7126,F0FBNW2,Dell Latitude 3400,2026-08,2026-08-01,2026-08-31,1200,1200,NO
INV-0361,178,MNR Solutions Pvt. Ltd.,TTSPL5663,9Y75Y33,Dell Latitude 5400,2026-08,2026-08-01,2026-08-31,999,999,NO
INV-0361,178,MNR Solutions Pvt. Ltd.,TTSPL6086,G7FFN73,Dell Latitude 5400,2026-08,2026-08-01,2026-08-31,999,999,NO
INV-0361,178,MNR Solutions Pvt. Ltd.,TTSPL6593,8KTZP13,Dell Latitude 5400,2026-08,2026-08-01,2026-08-31,999,999,NO
INV-0361,178,MNR Solutions Pvt. Ltd.,TTSPL6713,J7XDL13,Dell Latitude 5400,2026-08,2026-08-01,2026-08-31,999,999,NO
INV-0361,178,MNR Solutions Pvt. Ltd.,TTSPL6587,DVWDQ13,Dell Latitude 5400,2026-08,2026-08-01,2026-08-31,999,999,NO
INV-0361,178,MNR Solutions Pvt. Ltd.,TTSPL2063,1F01NF2,Dell Latitude 5490,2026-08,2026-08-01,2026-08-31,999,999,NO
INV-0361,178,MNR Solutions Pvt. Ltd.,TTSPL6718,1SSZP13,Dell Latitude 5400,2026-08,2026-08-01,2026-08-31,999,999,NO
INV-0361,178,MNR Solutions Pvt. Ltd.,TTSPL7587,CGT2ZY2,Latitude 7400 (Touch Screen),2026-08,2026-08-01,2026-08-31,1600,1600,NO
INV-0361,178,MNR Solutions Pvt. Ltd.,TTSPL7586,JVNXK13,Latitude 7400 (Touch Screen),2026-08,2026-08-01,2026-08-31,1600,1600,NO
INV-0361,178,MNR Solutions Pvt. Ltd.,TTSPL7390,5CG0278JWM,HP ProBook 640 G5,2026-07,2026-07-23,2026-07-31,1250,362.9,YES
INV-0361,178,MNR Solutions Pvt. Ltd.,TTSPL7390,5CG0278JWM,HP ProBook 640 G5,2026-08,2026-08-01,2026-08-31,1250,1250,NO
INV-0361,178,MNR Solutions Pvt. Ltd.,TTSPL7125,G4PSVZ2,Dell Latitude 3400,2026-07,2026-07-23,2026-07-31,1600,464.52,YES
INV-0361,178,MNR Solutions Pvt. Ltd.,TTSPL7125,G4PSVZ2,Dell Latitude 3400,2026-08,2026-08-01,2026-08-31,1600,1600,NO
INV-0361,178,MNR Solutions Pvt. Ltd.,TTSPL7401,5CG0278NQ3,HP ProBook 640 G5,2026-07,2026-07-26,2026-07-31,1250,241.94,YES
INV-0361,178,MNR Solutions Pvt. Ltd.,TTSPL7401,5CG0278NQ3,HP ProBook 640 G5,2026-08,2026-08-01,2026-08-31,1250,1250,NO
INV-0361,178,MNR Solutions Pvt. Ltd.,TTSPL7396,5CG0278H3Q,HP ProBook 640 G5,2026-07,2026-07-21,2026-07-31,1250,443.55,YES
INV-0361,178,MNR Solutions Pvt. Ltd.,TTSPL7396,5CG0278H3Q,HP ProBook 640 G5,2026-08,2026-08-01,2026-08-31,1250,1250,NO
INV-0361,178,MNR Solutions Pvt. Ltd.,TTSPL7490,5CG0274HQ7,HP ProBook 640 G5,2026-07,2026-07-21,2026-07-31,1250,443.55,YES
INV-0361,178,MNR Solutions Pvt. Ltd.,TTSPL7490,5CG0274HQ7,HP ProBook 640 G5,2026-08,2026-08-01,2026-08-31,1250,1250,NO
INV-0361,178,MNR Solutions Pvt. Ltd.,TTSPL7397,5CG0274G3Z,HP ProBook 640 G5,2026-07,2026-07-23,2026-07-31,1250,362.9,YES
INV-0361,178,MNR Solutions Pvt. Ltd.,TTSPL7397,5CG0274G3Z,HP ProBook 640 G5,2026-08,2026-08-01,2026-08-31,1250,1250,NO
INV-0361,178,MNR Solutions Pvt. Ltd.,TTSPL6709,3ZJYN13,Dell Latitude 5400,2026-08,2026-08-01,2026-08-31,999,999,NO
INV-0361,178,MNR Solutions Pvt. Ltd.,TTSPL6596,CXWDQ13,Dell Latitude 5400,2026-08,2026-08-01,2026-08-31,999,999,NO
INV-0361,178,MNR Solutions Pvt. Ltd.,TTSPL6591,1DSZP13,Dell Latitude 5400,2026-08,2026-08-01,2026-08-31,999,999,NO
INV-0361,178,MNR Solutions Pvt. Ltd.,TTSPL6674,HVY11Z2,Dell Latitude 5400,2026-08,2026-08-01,2026-08-31,999,999,NO
INV-0361,178,MNR Solutions Pvt. Ltd.,TTSPL6710,FGSZP13,Dell Latitude 5400,2026-08,2026-08-01,2026-08-31,999,999,NO
INV-0361,178,MNR Solutions Pvt. Ltd.,TTSPL3080,54J2M13,Dell Latitude 7400 (Touch Screen),2026-08,2026-08-01,2026-08-31,999,999,NO
INV-0361,178,MNR Solutions Pvt. Ltd.,TTSPL3079,3T25YY2,Dell Latitude 7400 (Touch Screen),2026-08,2026-08-01,2026-08-31,999,999,NO
INV-0361,178,MNR Solutions Pvt. Ltd.,TTSPL2686,CZV1NF2,Dell Latitude 5490,2026-08,2026-08-01,2026-08-31,999,999,NO
INV-0361,178,MNR Solutions Pvt. Ltd.,TTSPL3681,5CG9127RM5,HP Elitebook 840 G5,2026-08,2026-08-01,2026-08-31,999,999,NO
INV-0361,178,MNR Solutions Pvt. Ltd.,TTSPL5197,5NBLHR2,Dell Latitude 5490,2026-08,2026-08-01,2026-08-31,999,999,NO
INV-0361,178,MNR Solutions Pvt. Ltd.,TTSPL5423,CZPYVZ2,Dell Latitude 3400,2026-08,2026-08-01,2026-08-31,999,999,NO
INV-0361,178,MNR Solutions Pvt. Ltd.,TTSPL7119,FBPSVZ2,Dell Latitude 3400,2026-08,2026-08-01,2026-08-31,1200,1200,NO
INV-0337,24,24X7 STORE PRIVATE LIMITED,TTSPL3832,DKXYZY2,Dell Latitude 7490,2026-08,2026-08-01,2026-08-31,1399,1399,NO
INV-0337,24,24X7 STORE PRIVATE LIMITED,TTSPL5395,HXTKLN3,Dell Latitude 5420 (Touch Screen),2026-08,2026-08-01,2026-08-31,1900,1900,NO
INV-0337,24,24X7 STORE PRIVATE LIMITED,TTSPL3506,9RL00Z2,Dell Latitude 7490,2026-08,2026-08-01,2026-08-31,1399,1399,NO
INV-0337,24,24X7 STORE PRIVATE LIMITED,TTSPL4880,81381X2,Dell Latitude 7490,2026-08,2026-08-01,2026-08-31,1399,1399,NO
INV-0337,24,24X7 STORE PRIVATE LIMITED,TTSPL3426,PC1HPYMD,Lenovo Thinkpad X390,2026-08,2026-08-01,2026-08-31,1399,1399,NO
INV-0343,94,FLEET LABS TECHNOLOGIES PRIVATE LIMITED,TTSPL5001,PG04FE32,Lenovo V14 (Gen 3),2026-08,2026-08-01,2026-08-31,2499,2499,NO
INV-0343,94,FLEET LABS TECHNOLOGIES PRIVATE LIMITED,TTSPL4792,GY5WZH3,Dell Latitude 5420,2026-08,2026-08-01,2026-08-31,2699,2699,NO
INV-0343,94,FLEET LABS TECHNOLOGIES PRIVATE LIMITED,TTSPL7041,5CG2162G47,HP Elitebook 830 G8,2026-08,2026-08-01,2026-08-31,2699,2699,NO
INV-0343,94,FLEET LABS TECHNOLOGIES PRIVATE LIMITED,TTSPL7043,JC9X4B3,Dell Latitude 5320 (Touch),2026-08,2026-08-01,2026-08-31,2699,2699,NO
INV-0343,94,FLEET LABS TECHNOLOGIES PRIVATE LIMITED,TTSPL6971,BSNK6G3,Dell Latitude 7420,2026-08,2026-08-01,2026-08-31,2699,2699,NO
INV-0343,94,FLEET LABS TECHNOLOGIES PRIVATE LIMITED,TTSPL6877,5CG3050JT5,HP Elitebook 840 G8,2026-08,2026-08-01,2026-08-31,2699,2699,NO
INV-0343,94,FLEET LABS TECHNOLOGIES PRIVATE LIMITED,TTSPL6872,5CG2417HWV,HP Elitebook 840 G8,2026-08,2026-08-01,2026-08-31,2699,2699,NO
INV-0343,94,FLEET LABS TECHNOLOGIES PRIVATE LIMITED,TTSPL3468,975K1J3,Dell Latitude 5420,2026-08,2026-08-01,2026-08-31,2199,2199,NO
INV-0343,94,FLEET LABS TECHNOLOGIES PRIVATE LIMITED,TTSPL6969,1080C93,Dell Latitude 7420,2026-08,2026-08-01,2026-08-31,2699,2699,NO
INV-0343,94,FLEET LABS TECHNOLOGIES PRIVATE LIMITED,TTSPL5530,T5NRCX06E781218,Asus TUF Gaming A15,2026-08,2026-08-01,2026-08-31,6999,6999,NO
INV-0343,94,FLEET LABS TECHNOLOGIES PRIVATE LIMITED,TTSPL4323,PF2R358E,Lenovo Thinkpad T14,2026-08,2026-08-01,2026-08-31,2199,2199,NO
INV-0343,94,FLEET LABS TECHNOLOGIES PRIVATE LIMITED,TTSPL4593,3BYP2F3,Dell Latitude 5420,2026-08,2026-08-01,2026-08-31,2699,2699,NO
INV-0343,94,FLEET LABS TECHNOLOGIES PRIVATE LIMITED,TTSPL5782,255J2J3,Dell Latitude 5420 (Touch Screen),2026-08,2026-08-01,2026-08-31,2699,2699,NO
INV-0343,94,FLEET LABS TECHNOLOGIES PRIVATE LIMITED,TTSPL5008,PG04FH33,Lenovo V14 (Gen 3),2026-08,2026-08-01,2026-08-31,2499,2499,NO
INV-0343,94,FLEET LABS TECHNOLOGIES PRIVATE LIMITED,TTSPL4673,81TTPN3,Dell Latitude 5420,2026-08,2026-08-01,2026-08-31,2699,2699,NO
INV-0343,94,FLEET LABS TECHNOLOGIES PRIVATE LIMITED,TTSPL6964,D9XR0T3,Dell Latitude 7420,2026-08,2026-08-01,2026-08-31,2699,2699,NO
INV-0343,94,FLEET LABS TECHNOLOGIES PRIVATE LIMITED,TTSPL4654,JH0C4M3,Dell Latitude 5420 (Touch Screen),2026-08,2026-08-01,2026-08-31,2699,2699,NO
INV-0343,94,FLEET LABS TECHNOLOGIES PRIVATE LIMITED,TTSPL4814,1M970J3,Dell Latitude 5420,2026-08,2026-08-01,2026-08-31,2699,2699,NO
INV-0343,94,FLEET LABS TECHNOLOGIES PRIVATE LIMITED,TTSPL6433,32PXVM3,Dell Latitude 5420,2026-08,2026-08-01,2026-08-31,2699,2699,NO
INV-0343,94,FLEET LABS TECHNOLOGIES PRIVATE LIMITED,TTSPL4337,PF2R3LSM,Lenovo Thinkpad T14,2026-08,2026-08-01,2026-08-31,2199,2199,NO
INV-0343,94,FLEET LABS TECHNOLOGIES PRIVATE LIMITED,TTSPL4325,PF2R16LG,Lenovo Thinkpad T14,2026-08,2026-08-01,2026-08-31,2199,2199,NO
INV-0343,94,FLEET LABS TECHNOLOGIES PRIVATE LIMITED,TTSPL4985,PG04FH3A,Lenovo V14 (Gen 3),2026-08,2026-08-01,2026-08-31,2499,2499,NO
INV-0343,94,FLEET LABS TECHNOLOGIES PRIVATE LIMITED,TTSPL4658,3S4G2F3,Dell Latitude 5420 (Touch Screen),2026-08,2026-08-01,2026-08-31,2699,2699,NO
INV-0343,94,FLEET LABS TECHNOLOGIES PRIVATE LIMITED,TTSPL4643,2NCD4M3,Dell Latitude 5420 (Touch Screen),2026-08,2026-08-01,2026-08-31,2199,2199,NO
INV-0343,94,FLEET LABS TECHNOLOGIES PRIVATE LIMITED,TTSPL6574,9FH1LR3,Dell Latitude 7430,2026-08,2026-08-01,2026-08-31,2499,2499,NO
INV-0343,94,FLEET LABS TECHNOLOGIES PRIVATE LIMITED,TTSPL4329,PF2R3LT8,Lenovo Thinkpad T14,2026-08,2026-08-01,2026-08-31,2199,2199,NO
INV-0343,94,FLEET LABS TECHNOLOGIES PRIVATE LIMITED,TTSPL6362,FH2SHK3,Dell Latitude 5420,2026-08,2026-08-01,2026-08-31,2699,2699,NO
INV-0343,94,FLEET LABS TECHNOLOGIES PRIVATE LIMITED,TTSPL5118,PG04GTEC,Lenovo V14 (Gen 3),2026-08,2026-08-01,2026-08-31,2499,2499,NO
INV-0343,94,FLEET LABS TECHNOLOGIES PRIVATE LIMITED,TTSPL4835,DG0WZH3,Dell Latitude 5420,2026-08,2026-08-01,2026-08-31,2199,2199,NO
INV-0343,94,FLEET LABS TECHNOLOGIES PRIVATE LIMITED,TTSPL4982,PG04FGY9,Lenovo V14 (Gen 3),2026-08,2026-08-01,2026-08-31,2499,2499,NO
INV-0343,94,FLEET LABS TECHNOLOGIES PRIVATE LIMITED,TTSPL3729,FXCM1J3,Dell Latitude 5420,2026-08,2026-08-01,2026-08-31,2699,2699,NO
INV-0343,94,FLEET LABS TECHNOLOGIES PRIVATE LIMITED,TTSPL4265,BYZVY93,Dell Latitude 5320,2026-08,2026-08-01,2026-08-31,2699,2699,NO
INV-0343,94,FLEET LABS TECHNOLOGIES PRIVATE LIMITED,TTSPL4579,BH2H2F3,Dell Latitude 5420,2026-08,2026-08-01,2026-08-31,2699,2699,NO
INV-0343,94,FLEET LABS TECHNOLOGIES PRIVATE LIMITED,TTSPL4349,PF2R3G4X,Lenovo Thinkpad T14,2026-08,2026-08-01,2026-08-31,2199,2199,NO
INV-0343,94,FLEET LABS TECHNOLOGIES PRIVATE LIMITED,TTSPL4748,C70WZH3,Dell Latitude 5420,2026-08,2026-08-01,2026-08-31,2699,2699,NO
INV-0343,94,FLEET LABS TECHNOLOGIES PRIVATE LIMITED,TTSPL4852,4YJWZH3,Dell Latitude 5420,2026-08,2026-08-01,2026-08-31,2699,2699,NO
INV-0343,94,FLEET LABS TECHNOLOGIES PRIVATE LIMITED,TTSPL4970,PG04GTK3,Lenovo V14 (Gen 3),2026-08,2026-08-01,2026-08-31,2499,2499,NO
INV-0343,94,FLEET LABS TECHNOLOGIES PRIVATE LIMITED,TTSPL4594,CWMT5D3,Dell Latitude 5420,2026-08,2026-08-01,2026-08-31,2699,2699,NO
INV-0343,94,FLEET LABS TECHNOLOGIES PRIVATE LIMITED,TTSPL6688,J94N2T3,Dell Latitude 7330,2026-08,2026-08-01,2026-08-31,2699,2699,NO
INV-0343,94,FLEET LABS TECHNOLOGIES PRIVATE LIMITED,TTSPL6955,4DFB4G3,Dell Latitude 7420,2026-08,2026-08-01,2026-08-31,2699,2699,NO
INV-0343,94,FLEET LABS TECHNOLOGIES PRIVATE LIMITED,TTSPL7036,5CG1417LKV,HP Elitebook 830 G8,2026-08,2026-08-01,2026-08-31,2699,2699,NO
INV-0343,94,FLEET LABS TECHNOLOGIES PRIVATE LIMITED,TTSPL7038,5CG1426Z5T,HP Elitebook 830 G8,2026-08,2026-08-01,2026-08-31,2699,2699,NO
INV-0343,94,FLEET LABS TECHNOLOGIES PRIVATE LIMITED,TTSPL7239,R913GZBJ,Lenovo Thinkpad L13,2026-08,2026-08-01,2026-08-31,1899,1899,NO
INV-0343,94,FLEET LABS TECHNOLOGIES PRIVATE LIMITED,TTSPL7372,2TK24609NR,HP ELITEBOOK 640 G9,2026-08,2026-08-01,2026-08-31,2699,2699,NO
INV-0343,94,FLEET LABS TECHNOLOGIES PRIVATE LIMITED,TTSPL7369,2TK25007L8,HP ELITEBOOK 640 G9,2026-08,2026-08-01,2026-08-31,2699,2699,NO
INV-0343,94,FLEET LABS TECHNOLOGIES PRIVATE LIMITED,TTSPL7034,5CG1417RM2,HP Elitebook 830 G8,2026-08,2026-08-01,2026-08-31,2699,2699,NO
INV-0343,94,FLEET LABS TECHNOLOGIES PRIVATE LIMITED,TTSPL5103,PF55FX5X,Lenovo V14 (Gen 3),2026-08,2026-08-01,2026-08-31,2499,2499,NO
INV-0343,94,FLEET LABS TECHNOLOGIES PRIVATE LIMITED,TTSPL7374,2TK2500DBJ,HP ELITEBOOK 640 G9,2026-08,2026-08-01,2026-08-31,2699,2699,NO
INV-0343,94,FLEET LABS TECHNOLOGIES PRIVATE LIMITED,TTSPL4851,9P0YZH3,Dell Latitude 5420,2026-08,2026-08-01,2026-08-31,2699,2699,NO
INV-0343,94,FLEET LABS TECHNOLOGIES PRIVATE LIMITED,TTSPL4083,JJRBXZ2,Dell Latitude 5310,2026-08,2026-08-01,2026-08-31,1899,1899,NO
INV-0343,94,FLEET LABS TECHNOLOGIES PRIVATE LIMITED,TTSPL6525,GVX5HK3,Dell Latitude 5420,2026-08,2026-08-01,2026-08-31,2699,2699,NO
INV-0343,94,FLEET LABS TECHNOLOGIES PRIVATE LIMITED,TTSPL4597,B0XD2F3,Dell Latitude 5420,2026-08,2026-08-01,2026-08-31,2699,2699,NO
INV-0343,94,FLEET LABS TECHNOLOGIES PRIVATE LIMITED,TTSPL4834,BDM50J3,Dell Latitude 5420,2026-08,2026-08-01,2026-08-31,2699,2699,NO
INV-0343,94,FLEET LABS TECHNOLOGIES PRIVATE LIMITED,TTSPL4973,PG04FGYN,Lenovo V14 (Gen 3),2026-08,2026-08-01,2026-08-31,2499,2499,NO
INV-0343,94,FLEET LABS TECHNOLOGIES PRIVATE LIMITED,TTSPL4804,GZMVZH3,Dell Latitude 5420,2026-08,2026-08-01,2026-08-31,2199,2199,NO
INV-0343,94,FLEET LABS TECHNOLOGIES PRIVATE LIMITED,TTSPL4253,CND1234M2H,HP Elitebook X360 1040 G8,2026-08,2026-08-01,2026-08-31,2699,2699,NO
INV-0343,94,FLEET LABS TECHNOLOGIES PRIVATE LIMITED,TTSPL4968,PF55GD4N,Lenovo V14 (Gen 3),2026-08,2026-08-01,2026-08-31,2499,2499,NO
INV-0343,94,FLEET LABS TECHNOLOGIES PRIVATE LIMITED,TTSPL6862,5CG3050KGF,HP Elitebook 840 G8,2026-08,2026-08-01,2026-08-31,2699,2699,NO
INV-0343,94,FLEET LABS TECHNOLOGIES PRIVATE LIMITED,TTSPL6891,B1Z32F3,Dell Latitude 5420,2026-08,2026-08-01,2026-08-31,2699,2699,NO
INV-0343,94,FLEET LABS TECHNOLOGIES PRIVATE LIMITED,TTSPL3762,DD5YYD3,Dell Latitude 5420,2026-08,2026-08-01,2026-08-31,2699,2699,NO
INV-0343,94,FLEET LABS TECHNOLOGIES PRIVATE LIMITED,TTSPL5009,PG04FGYK,Lenovo V14 (Gen 3),2026-08,2026-08-01,2026-08-31,2499,2499,NO
INV-0343,94,FLEET LABS TECHNOLOGIES PRIVATE LIMITED,TTSPL4761,533XZH3,Dell Latitude 5420,2026-08,2026-08-01,2026-08-31,2699,2699,NO
INV-0343,94,FLEET LABS TECHNOLOGIES PRIVATE LIMITED,TTSPL6984_A,5CG2146Y91_A,HP Elitebook 840 G8,2026-08,2026-08-01,2026-08-31,2699,2699,NO
INV-0343,94,FLEET LABS TECHNOLOGIES PRIVATE LIMITED,TTSPL7370,2TK2450F00,HP ELITEBOOK 640 G9,2026-08,2026-08-01,2026-08-31,2699,2699,NO
INV-0343,94,FLEET LABS TECHNOLOGIES PRIVATE LIMITED,TTSPL6523,47PXVM3,Dell Latitude 5420,2026-08,2026-08-01,2026-08-31,2699,2699,NO
INV-0343,94,FLEET LABS TECHNOLOGIES PRIVATE LIMITED,TTSPL6298,D3PXVM3,Dell Latitude 5420,2026-08,2026-08-01,2026-08-31,2699,2699,NO
INV-0343,94,FLEET LABS TECHNOLOGIES PRIVATE LIMITED,TTSPL6962,19J89K3,Dell Latitude 7420,2026-08,2026-08-01,2026-08-31,2699,2699,NO
INV-0343,94,FLEET LABS TECHNOLOGIES PRIVATE LIMITED,TTSPL6957,G2QD4J3,Dell Latitude 7420,2026-08,2026-08-01,2026-08-31,2699,2699,NO
INV-0343,94,FLEET LABS TECHNOLOGIES PRIVATE LIMITED,TTSPL6973,1HCB4G3,Dell Latitude 7420,2026-08,2026-08-01,2026-08-31,2699,2699,NO
INV-0343,94,FLEET LABS TECHNOLOGIES PRIVATE LIMITED,TTSPL5116,PG04GTJM,V14 (Gen 3),2026-08,2026-08-01,2026-08-31,2499,2499,NO
INV-0343,94,FLEET LABS TECHNOLOGIES PRIVATE LIMITED,TTSPL7347,2TK2450DTX,HP ELITEBOOK 640 G9,2026-08,2026-08-01,2026-08-31,2699,2699,NO
INV-0343,94,FLEET LABS TECHNOLOGIES PRIVATE LIMITED,TTSPL7464,2TK2450F9N,HP EliteBook 640 14 inch G9 Notebook PC,2026-07,2026-07-16,2026-07-31,2699,1393.03,YES
INV-0343,94,FLEET LABS TECHNOLOGIES PRIVATE LIMITED,TTSPL7464,2TK2450F9N,HP EliteBook 640 14 inch G9 Notebook PC,2026-08,2026-08-01,2026-08-31,2699,2699,NO
INV-0343,94,FLEET LABS TECHNOLOGIES PRIVATE LIMITED,TTSPL7376,2TK2450DT1,HP ELITEBOOK 640 G9,2026-08,2026-08-01,2026-08-31,2699,2699,NO
INV-0343,94,FLEET LABS TECHNOLOGIES PRIVATE LIMITED,TTSPL4603,63TP3F3,Dell Latitude 5420 (Touch Screen),2026-08,2026-08-01,2026-08-31,2699,2699,NO
INV-0343,94,FLEET LABS TECHNOLOGIES PRIVATE LIMITED,TTSPL4619,905MNQ3,Dell Latitude 5420 (Touch Screen),2026-08,2026-08-01,2026-08-31,2699,2699,NO
INV-0343,94,FLEET LABS TECHNOLOGIES PRIVATE LIMITED,TTSPL4586,15HB4M3,Dell Latitude 5420,2026-08,2026-08-01,2026-08-31,2849,2849,NO
INV-0343,94,FLEET LABS TECHNOLOGIES PRIVATE LIMITED,TTSPL3761,G8XYYD3,Dell Latitude 5420,2026-08,2026-08-01,2026-08-31,2699,2699,NO
INV-0343,94,FLEET LABS TECHNOLOGIES PRIVATE LIMITED,TTSPL7373,2TK2450F46,HP ELITEBOOK 640 G9,2026-08,2026-08-01,2026-08-31,2699,2699,NO
INV-0343,94,FLEET LABS TECHNOLOGIES PRIVATE LIMITED,TTSPL7368,2TK24501D4,HP ELITEBOOK 640 G9,2026-08,2026-08-01,2026-08-31,2699,2699,NO
INV-0343,94,FLEET LABS TECHNOLOGIES PRIVATE LIMITED,TTSPL7371,2TK24500R6,HP ELITEBOOK 640 G9,2026-08,2026-08-01,2026-08-31,2699,2699,NO
INV-0343,94,FLEET LABS TECHNOLOGIES PRIVATE LIMITED,TTSPL4330,PF2R3CXS,Lenovo Thinkpad T14,2026-08,2026-08-01,2026-08-31,2199,2199,NO
INV-0343,94,FLEET LABS TECHNOLOGIES PRIVATE LIMITED,TTSPL4342,PF2R17M9,Lenovo Thinkpad T14,2026-08,2026-08-01,2026-08-31,2199,2199,NO
INV-0343,94,FLEET LABS TECHNOLOGIES PRIVATE LIMITED,TTSPL6770,BKBX0F3,Dell Latitude 7420,2026-08,2026-08-01,2026-08-31,2699,2699,NO
INV-0343,94,FLEET LABS TECHNOLOGIES PRIVATE LIMITED,TTSPL6368,H292LR3,Dell Latitude 7430,2026-08,2026-08-01,2026-08-31,2499,2499,NO
INV-0343,94,FLEET LABS TECHNOLOGIES PRIVATE LIMITED,TTSPL6575,3V2NKR3,Dell Latitude 7430,2026-07,2026-07-11,2026-07-31,2499,1692.87,YES
INV-0343,94,FLEET LABS TECHNOLOGIES PRIVATE LIMITED,TTSPL6575,3V2NKR3,Dell Latitude 7430,2026-08,2026-08-01,2026-08-31,2499,2499,NO
INV-0343,94,FLEET LABS TECHNOLOGIES PRIVATE LIMITED,TTSPL5339,45YWMS3,Dell Latitude 5430,2026-07,2026-07-14,2026-07-31,2499,1451.03,YES
INV-0343,94,FLEET LABS TECHNOLOGIES PRIVATE LIMITED,TTSPL5339,45YWMS3,Dell Latitude 5430,2026-08,2026-08-01,2026-08-31,2499,2499,NO
INV-0343,94,FLEET LABS TECHNOLOGIES PRIVATE LIMITED,TTSPL7456,2TK2460B1Z,HP EliteBook 640 14 inch G9 Notebook PC,2026-07,2026-07-16,2026-07-31,2699,1393.03,YES
INV-0343,94,FLEET LABS TECHNOLOGIES PRIVATE LIMITED,TTSPL7456,2TK2460B1Z,HP EliteBook 640 14 inch G9 Notebook PC,2026-08,2026-08-01,2026-08-31,2699,2699,NO
INV-0343,94,FLEET LABS TECHNOLOGIES PRIVATE LIMITED,TTSPL7458,2TK2450F88,HP EliteBook 640 14 inch G9 Notebook PC,2026-07,2026-07-16,2026-07-31,2699,1393.03,YES
INV-0343,94,FLEET LABS TECHNOLOGIES PRIVATE LIMITED,TTSPL7458,2TK2450F88,HP EliteBook 640 14 inch G9 Notebook PC,2026-08,2026-08-01,2026-08-31,2699,2699,NO
INV-0343,94,FLEET LABS TECHNOLOGIES PRIVATE LIMITED,TTSPL7465,2TK25009HY,HP EliteBook 640 14 inch G9 Notebook PC,2026-07,2026-07-16,2026-07-31,2699,1393.03,YES
INV-0343,94,FLEET LABS TECHNOLOGIES PRIVATE LIMITED,TTSPL7465,2TK25009HY,HP EliteBook 640 14 inch G9 Notebook PC,2026-08,2026-08-01,2026-08-31,2699,2699,NO
INV-0343,94,FLEET LABS TECHNOLOGIES PRIVATE LIMITED,TTSPL6809,G0BK6D3,Dell Latitude 5420,2026-07,2026-07-17,2026-07-31,2699,1305.97,YES
INV-0343,94,FLEET LABS TECHNOLOGIES PRIVATE LIMITED,TTSPL6809,G0BK6D3,Dell Latitude 5420,2026-08,2026-08-01,2026-08-31,2699,2699,NO
INV-0343,94,FLEET LABS TECHNOLOGIES PRIVATE LIMITED,TTSPL4751,D2NVZH3,Latitude 5420,2026-07,2026-07-30,2026-07-31,2699,174.13,YES
INV-0343,94,FLEET LABS TECHNOLOGIES PRIVATE LIMITED,TTSPL4751,D2NVZH3,Latitude 5420,2026-08,2026-08-01,2026-08-31,2699,2699,NO
INV-0343,94,FLEET LABS TECHNOLOGIES PRIVATE LIMITED,TTSPL7339,2TK2460D8R,HP ELITEBOOK 640 G9,2026-07,2026-07-11,2026-07-31,2699,1828.35,YES
INV-0343,94,FLEET LABS TECHNOLOGIES PRIVATE LIMITED,TTSPL7339,2TK2460D8R,HP ELITEBOOK 640 G9,2026-08,2026-08-01,2026-08-31,2699,2699,NO
INV-0343,94,FLEET LABS TECHNOLOGIES PRIVATE LIMITED,TTSPL4598,7MVN3F3,Dell Latitude 5420,2026-07,2026-07-14,2026-07-31,2199,1276.84,YES
INV-0343,94,FLEET LABS TECHNOLOGIES PRIVATE LIMITED,TTSPL4598,7MVN3F3,Dell Latitude 5420,2026-08,2026-08-01,2026-08-31,2199,2199,NO
INV-0343,94,FLEET LABS TECHNOLOGIES PRIVATE LIMITED,TTSPL3730,9P6C2J3,Dell Latitude 5420,2026-08,2026-08-01,2026-08-31,2699,2699,NO
INV-0343,94,FLEET LABS TECHNOLOGIES PRIVATE LIMITED,TTSPL6970,2NV72J3,Dell Latitude 7420,2026-08,2026-08-01,2026-08-31,2699,2699,NO
INV-0343,94,FLEET LABS TECHNOLOGIES PRIVATE LIMITED,TTSPL5789,64PXVM3,Dell Latitude 5420,2026-08,2026-08-01,2026-08-31,2699,2699,NO
INV-0343,94,FLEET LABS TECHNOLOGIES PRIVATE LIMITED,TTSPL4664,DP791F3,Dell Latitude 5420 (Touch Screen),2026-08,2026-08-01,2026-08-31,2699,2699,NO
INV-0343,94,FLEET LABS TECHNOLOGIES PRIVATE LIMITED,TTSPL6516,GWNXVM3,Dell Latitude 5420,2026-08,2026-08-01,2026-08-31,2699,2699,NO
INV-0343,94,FLEET LABS TECHNOLOGIES PRIVATE LIMITED,TTSPL5127,PG04GTJG,Lenovo V14 (Gen 3),2026-08,2026-08-01,2026-08-31,2499,2499,NO
INV-0343,94,FLEET LABS TECHNOLOGIES PRIVATE LIMITED,TTSPL6882,5CG208B2CX,HP Elitebook 840 G8,2026-08,2026-08-01,2026-08-31,2699,2699,NO
INV-0343,94,FLEET LABS TECHNOLOGIES PRIVATE LIMITED,TTSPL4333,PF2R1F7Z,Lenovo Thinkpad T14,2026-08,2026-08-01,2026-08-31,2199,2199,NO
INV-0343,94,FLEET LABS TECHNOLOGIES PRIVATE LIMITED,TTSPL6061,JFTT1B3,Dell Latitude 3420,2026-08,2026-08-01,2026-08-31,1899,1899,NO
INV-0343,94,FLEET LABS TECHNOLOGIES PRIVATE LIMITED,TTSPL6222,B6V02J3,Dell Latitude 5420,2026-08,2026-08-01,2026-08-31,2199,2199,NO
INV-0343,94,FLEET LABS TECHNOLOGIES PRIVATE LIMITED,TTSPL4381,PC261P45,Lenovo Thinkpad X-13,2026-08,2026-08-01,2026-08-31,1899,1899,NO
INV-0343,94,FLEET LABS TECHNOLOGIES PRIVATE LIMITED,TTSPL6364,63CJ2J3,Dell Latitude 5420,2026-08,2026-08-01,2026-08-31,2699,2699,NO
INV-0343,94,FLEET LABS TECHNOLOGIES PRIVATE LIMITED,TTSPL4399,PF2BTDYN,Lenovo Thinkpad T490,2026-08,2026-08-01,2026-08-31,2199,2199,NO
INV-0343,94,FLEET LABS TECHNOLOGIES PRIVATE LIMITED,TTSPL4509,78J73J3,Dell Latitude 5420,2026-08,2026-08-01,2026-08-31,2699,2699,NO
INV-0343,94,FLEET LABS TECHNOLOGIES PRIVATE LIMITED,TTSPL4587,2W3C2F3,Dell Latitude 5420,2026-08,2026-08-01,2026-08-31,2699,2699,NO
INV-0343,94,FLEET LABS TECHNOLOGIES PRIVATE LIMITED,TTSPL4599,CY131F3,Dell Latitude 5420,2026-08,2026-08-01,2026-08-31,2699,2699,NO
INV-0343,94,FLEET LABS TECHNOLOGIES PRIVATE LIMITED,TTSPL4624,HGZP2F3,Dell Latitude 5420 (Touch Screen),2026-08,2026-08-01,2026-08-31,2199,2199,NO
INV-0343,94,FLEET LABS TECHNOLOGIES PRIVATE LIMITED,TTSPL4844,8XKYZH3,Dell Latitude 5420,2026-08,2026-08-01,2026-08-31,2699,2699,NO
INV-0343,94,FLEET LABS TECHNOLOGIES PRIVATE LIMITED,TTSPL4820,DFM50J3,Dell Latitude 5420,2026-08,2026-08-01,2026-08-31,2699,2699,NO
INV-0343,94,FLEET LABS TECHNOLOGIES PRIVATE LIMITED,TTSPL4709,PF319C1N,Lenovo Thinkpad T14,2026-08,2026-08-01,2026-08-31,1899,1899,NO
INV-0343,94,FLEET LABS TECHNOLOGIES PRIVATE LIMITED,TTSPL4522,B5CL9K3,Dell Latitude 5420,2026-08,2026-08-01,2026-08-31,2699,2699,NO
INV-0343,94,FLEET LABS TECHNOLOGIES PRIVATE LIMITED,TTSPL4853,2ZJ60J3,Dell Latitude 5420,2026-08,2026-08-01,2026-08-31,2699,2699,NO
INV-0343,94,FLEET LABS TECHNOLOGIES PRIVATE LIMITED,TTSPL4767,9TZ50J3,Dell Latitude 5420,2026-08,2026-08-01,2026-08-31,2699,2699,NO
INV-0343,94,FLEET LABS TECHNOLOGIES PRIVATE LIMITED,TTSPL4778,18GVZH3,Dell Latitude 5420,2026-08,2026-08-01,2026-08-31,2699,2699,NO
INV-0343,94,FLEET LABS TECHNOLOGIES PRIVATE LIMITED,TTSPL4849,B2DYZH3,Dell Latitude 5420,2026-08,2026-08-01,2026-08-31,2699,2699,NO
INV-0343,94,FLEET LABS TECHNOLOGIES PRIVATE LIMITED,TTSPL4980,PG04GTHN,Lenovo V14 (Gen 3),2026-08,2026-08-01,2026-08-31,2499,2499,NO
INV-0343,94,FLEET LABS TECHNOLOGIES PRIVATE LIMITED,TTSPL4998,PG04FAHX,Lenovo V14 (Gen 3),2026-08,2026-08-01,2026-08-31,2499,2499,NO
INV-0343,94,FLEET LABS TECHNOLOGIES PRIVATE LIMITED,TTSPL4595,42T04M3,Dell Latitude 5420,2026-08,2026-08-01,2026-08-31,2699,2699,NO
INV-0343,94,FLEET LABS TECHNOLOGIES PRIVATE LIMITED,TTSPL5010,PG04FGZ1,Lenovo V14 (Gen 3),2026-08,2026-08-01,2026-08-31,2499,2499,NO
INV-0343,94,FLEET LABS TECHNOLOGIES PRIVATE LIMITED,TTSPL3721,5RGL1J3,Dell Latitude 5420,2026-08,2026-08-01,2026-08-31,2699,2699,NO
INV-0343,94,FLEET LABS TECHNOLOGIES PRIVATE LIMITED,TTSPL5133,5CD211D3MT,HP Probook 440 G8,2026-08,2026-08-01,2026-08-31,2699,2699,NO
INV-0343,94,FLEET LABS TECHNOLOGIES PRIVATE LIMITED,TTSPL5102,PG04GTGY,Lenovo V14 (Gen 3),2026-08,2026-08-01,2026-08-31,2499,2499,NO
INV-0343,94,FLEET LABS TECHNOLOGIES PRIVATE LIMITED,TTSPL5012,PG04FE21,Lenovo V14 (Gen 3),2026-08,2026-08-01,2026-08-31,2499,2499,NO
INV-0343,94,FLEET LABS TECHNOLOGIES PRIVATE LIMITED,TTSPL4254,3MB93B3,Dell Latitude 5320,2026-08,2026-08-01,2026-08-31,2699,2699,NO
INV-0343,94,FLEET LABS TECHNOLOGIES PRIVATE LIMITED,TTSPL5003,PG04FH31,Lenovo V14 (Gen 3),2026-08,2026-08-01,2026-08-31,2499,2499,NO
INV-0343,94,FLEET LABS TECHNOLOGIES PRIVATE LIMITED,TTSPL4997,PG04FAMY,Lenovo V14 (Gen 3),2026-08,2026-08-01,2026-08-31,2499,2499,NO
INV-0343,94,FLEET LABS TECHNOLOGIES PRIVATE LIMITED,TTSPL4286,9CF7S93,Dell Latitude 5320,2026-08,2026-08-01,2026-08-31,2699,2699,NO
INV-0343,94,FLEET LABS TECHNOLOGIES PRIVATE LIMITED,TTSPL5005,PG04FGZ8,Lenovo V14 (Gen 3),2026-08,2026-08-01,2026-08-31,2499,2499,NO
INV-0343,94,FLEET LABS TECHNOLOGIES PRIVATE LIMITED,TTSPL6894,CG4D4G3,Dell Latitude 5420,2026-08,2026-08-01,2026-08-31,2699,2699,NO
INV-0343,94,FLEET LABS TECHNOLOGIES PRIVATE LIMITED,TTSPL7039,5CG2064VQM,HP Elitebook 830 G8,2026-08,2026-08-01,2026-08-31,2699,2699,NO
INV-0343,94,FLEET LABS TECHNOLOGIES PRIVATE LIMITED,TTSPL7045,2PLVFG3,Dell Latitude 5320 (Touch),2026-08,2026-08-01,2026-08-31,2699,2699,NO
INV-0343,94,FLEET LABS TECHNOLOGIES PRIVATE LIMITED,TTSPL7375,2TK2440K05,HP ELITEBOOK 640 G9,2026-08,2026-08-01,2026-08-31,2699,2699,NO
INV-0343,94,FLEET LABS TECHNOLOGIES PRIVATE LIMITED,TTSPL6767,1H9C4G3,Dell Latitude 7420,2026-08,2026-08-01,2026-08-31,2699,2699,NO
INV-0343,94,FLEET LABS TECHNOLOGIES PRIVATE LIMITED,TTSPL4350,PF2R3EJW,Lenovo Thinkpad T14,2026-08,2026-08-01,2026-08-31,2199,2199,NO
INV-0343,94,FLEET LABS TECHNOLOGIES PRIVATE LIMITED,TTSPL4384,PC28VS3X,Lenovo Thinkpad X-13,2026-08,2026-08-01,2026-08-31,1899,1899,NO
INV-0343,94,FLEET LABS TECHNOLOGIES PRIVATE LIMITED,TTSPL4975,PF55GAWA,Lenovo V14 (Gen 3),2026-08,2026-08-01,2026-08-31,2499,2499,NO
INV-0343,94,FLEET LABS TECHNOLOGIES PRIVATE LIMITED,TTSPL4302,DR4ZR93,Dell Latitude 5320,2026-08,2026-08-01,2026-08-31,2699,2699,NO
INV-0343,94,FLEET LABS TECHNOLOGIES PRIVATE LIMITED,TTSPL4630,DVKP3F3,Dell Latitude 5420 (Touch Screen),2026-08,2026-08-01,2026-08-31,2699,2699,NO
INV-0343,94,FLEET LABS TECHNOLOGIES PRIVATE LIMITED,TTSPL4631,7XPM3F3,Dell Latitude 5420 (Touch Screen),2026-08,2026-08-01,2026-08-31,2699,2699,NO
INV-0343,94,FLEET LABS TECHNOLOGIES PRIVATE LIMITED,TTSPL5120,PG04FAJD,Lenovo V14 (Gen 3),2026-08,2026-08-01,2026-08-31,2499,2499,NO
INV-0343,94,FLEET LABS TECHNOLOGIES PRIVATE LIMITED,TTSPL5015,PG04FGY4,Lenovo V14 (Gen 3),2026-08,2026-08-01,2026-08-31,2499,2499,NO
INV-0343,94,FLEET LABS TECHNOLOGIES PRIVATE LIMITED,TTSPL3722,6MBP1J3,Dell Latitude 5420,2026-08,2026-08-01,2026-08-31,2199,2199,NO
INV-0343,94,FLEET LABS TECHNOLOGIES PRIVATE LIMITED,TTSPL5105,PF54RFCH,Lenovo V14 (Gen 3),2026-08,2026-08-01,2026-08-31,2499,2499,NO
INV-0343,94,FLEET LABS TECHNOLOGIES PRIVATE LIMITED,TTSPL4668,95WP2F3,Dell Latitude 5420 (Touch Screen),2026-08,2026-08-01,2026-08-31,2699,2699,NO
INV-0343,94,FLEET LABS TECHNOLOGIES PRIVATE LIMITED,TTSPL6888,5CG2311825,HP Elitebook 840 G8,2026-08,2026-08-01,2026-08-31,2699,2699,NO
INV-0343,94,FLEET LABS TECHNOLOGIES PRIVATE LIMITED,TTSPL4276,1DF7S93,Dell Latitude 5320,2026-08,2026-08-01,2026-08-31,2699,2699,NO
INV-0343,94,FLEET LABS TECHNOLOGIES PRIVATE LIMITED,TTSPL4671,DLWN3F3,Dell Latitude 5420 (Touch Screen),2026-08,2026-08-01,2026-08-31,2699,2699,NO
INV-0343,94,FLEET LABS TECHNOLOGIES PRIVATE LIMITED,TTSPL4605,2W2P8G3,Dell Latitude 5420,2026-08,2026-08-01,2026-08-31,2699,2699,NO
INV-0343,94,FLEET LABS TECHNOLOGIES PRIVATE LIMITED,TTSPL7031,5CG14661WP,HP Elitebook 830 G8,2026-08,2026-08-01,2026-08-31,2699,2699,NO
INV-0343,94,FLEET LABS TECHNOLOGIES PRIVATE LIMITED,TTSPL6313,1PX5HK3,Dell Latitude 5420,2026-08,2026-08-01,2026-08-31,2699,2699,NO
INV-0343,94,FLEET LABS TECHNOLOGIES PRIVATE LIMITED,TTSPL5140,5CD211D3PV,HP Probook 440 G8,2026-08,2026-08-01,2026-08-31,2699,2699,NO
INV-0343,94,FLEET LABS TECHNOLOGIES PRIVATE LIMITED,TTSPL6254,7RC82J3,Dell Latitude 5420,2026-08,2026-08-01,2026-08-31,2699,2699,NO
INV-0343,94,FLEET LABS TECHNOLOGIES PRIVATE LIMITED,TTSPL4380,PC28HPYZ,Lenovo Thinkpad X-13,2026-08,2026-08-01,2026-08-31,1899,1899,NO
INV-0343,94,FLEET LABS TECHNOLOGIES PRIVATE LIMITED,TTSPL4396,PC261MHD,Lenovo Thinkpad X-13,2026-08,2026-08-01,2026-08-31,1899,1899,NO
INV-0343,94,FLEET LABS TECHNOLOGIES PRIVATE LIMITED,TTSPL4120,3VZP963,Dell Latitude 5310,2026-08,2026-08-01,2026-08-31,2199,2199,NO
INV-0343,94,FLEET LABS TECHNOLOGIES PRIVATE LIMITED,TTSPL4512,FVWK6G3,Dell Latitude 5420,2026-08,2026-08-01,2026-08-31,2199,2199,NO
INV-0343,94,FLEET LABS TECHNOLOGIES PRIVATE LIMITED,TTSPL4596,4GWN3F3,Dell Latitude 5420,2026-08,2026-08-01,2026-08-31,2699,2699,NO
INV-0343,94,FLEET LABS TECHNOLOGIES PRIVATE LIMITED,TTSPL4737,D7NXZH3,Dell Latitude 5420,2026-08,2026-08-01,2026-08-31,2699,2699,NO
INV-0343,94,FLEET LABS TECHNOLOGIES PRIVATE LIMITED,TTSPL4784,HKQWZH3,Dell Latitude 5420,2026-08,2026-08-01,2026-08-31,2699,2699,NO
INV-0343,94,FLEET LABS TECHNOLOGIES PRIVATE LIMITED,TTSPL4757,8WQWZH3,Dell Latitude 5420,2026-08,2026-08-01,2026-08-31,2699,2699,NO
INV-0343,94,FLEET LABS TECHNOLOGIES PRIVATE LIMITED,TTSPL5141,5CD211D3RC,HP Probook 440 G8,2026-08,2026-08-01,2026-08-31,2699,2699,NO
INV-0343,94,FLEET LABS TECHNOLOGIES PRIVATE LIMITED,TTSPL5693,CKRZ1J3,Dell Latitude 5420,2026-08,2026-08-01,2026-08-31,2699,2699,NO
INV-0343,94,FLEET LABS TECHNOLOGIES PRIVATE LIMITED,TTSPL5691,2PN4HK3,Dell Latitude 5420,2026-08,2026-08-01,2026-08-31,2699,2699,NO
INV-0343,94,FLEET LABS TECHNOLOGIES PRIVATE LIMITED,TTSPL5697,7F05HK3,Dell Latitude 5420,2026-08,2026-08-01,2026-08-31,2699,2699,NO
INV-0343,94,FLEET LABS TECHNOLOGIES PRIVATE LIMITED,TTSPL5780,FZQ5HK3,Dell Latitude 5420,2026-08,2026-08-01,2026-08-31,2699,2699,NO
INV-0343,94,FLEET LABS TECHNOLOGIES PRIVATE LIMITED,TTSPL6269,2C28HK3,Dell Latitude 5420,2026-08,2026-08-01,2026-08-31,2699,2699,NO
INV-0343,94,FLEET LABS TECHNOLOGIES PRIVATE LIMITED,TTSPL6322,F0PXVM3,Dell Latitude 5420,2026-08,2026-08-01,2026-08-31,2699,2699,NO
INV-0343,94,FLEET LABS TECHNOLOGIES PRIVATE LIMITED,TTSPL6315,DCJB2J3,Dell Latitude 5420,2026-08,2026-08-01,2026-08-31,2699,2699,NO
INV-0343,94,FLEET LABS TECHNOLOGIES PRIVATE LIMITED,TTSPL6432,4QFC2J3,Dell Latitude 5420,2026-08,2026-08-01,2026-08-31,2699,2699,NO
INV-0343,94,FLEET LABS TECHNOLOGIES PRIVATE LIMITED,TTSPL4977,PG04FHAB,Lenovo V14 (Gen 3),2026-08,2026-08-01,2026-08-31,2499,2499,NO
INV-0343,94,FLEET LABS TECHNOLOGIES PRIVATE LIMITED,TTSPL6437,4V3TRG3,Dell Latitude 3420,2026-08,2026-08-01,2026-08-31,2699,2699,NO
INV-0343,94,FLEET LABS TECHNOLOGIES PRIVATE LIMITED,TTSPL6436,9N25HK3,Dell Latitude 5420,2026-08,2026-08-01,2026-08-31,2699,2699,NO
INV-0343,94,FLEET LABS TECHNOLOGIES PRIVATE LIMITED,TTSPL4400,PF2AZAZC,Lenovo Thinkpad T490,2026-08,2026-08-01,2026-08-31,2699,2699,NO
INV-0343,94,FLEET LABS TECHNOLOGIES PRIVATE LIMITED,TTSPL6762,DPWR5D3,Dell Latitude 7420,2026-08,2026-08-01,2026-08-31,2699,2699,NO
INV-0343,94,FLEET LABS TECHNOLOGIES PRIVATE LIMITED,TTSPL6766,89756G3,Dell Latitude 7420,2026-08,2026-08-01,2026-08-31,2699,2699,NO
INV-0343,94,FLEET LABS TECHNOLOGIES PRIVATE LIMITED,TTSPL6768,71JB4G3,Dell Latitude 7420,2026-08,2026-08-01,2026-08-31,2699,2699,NO
INV-0342,122,RATHAM TECHNOLOGIES LLP,TTSPL4041,4GF4763,Dell Latitude 3410,2026-08,2026-08-01,2026-08-31,1800,1800,NO
INV-0342,122,RATHAM TECHNOLOGIES LLP,TTSPL6908,PF254WZ0,Lenovo Thinkpad T14,2026-08,2026-08-01,2026-08-31,1800,1800,NO
INV-0342,122,RATHAM TECHNOLOGIES LLP,TTSPL3009,9SN7M63,Dell Latitude 5410,2026-08,2026-08-01,2026-08-31,1800,1800,NO
INV-0342,122,RATHAM TECHNOLOGIES LLP,TTSPL3856,F0ZK163,Dell Latitude 5410,2026-08,2026-08-01,2026-08-31,1800,1800,NO
INV-0342,122,RATHAM TECHNOLOGIES LLP,TTSPL4314,JC7J3B3,Dell Latitude 5320,2026-08,2026-08-01,2026-08-31,3199,3199,NO
INV-0342,122,RATHAM TECHNOLOGIES LLP,TTSPL5145,PF2PR1C4,Lenovo Thinkpad T14,2026-08,2026-08-01,2026-08-31,1800,1800,NO
INV-0342,122,RATHAM TECHNOLOGIES LLP,TTSPL3777,GQYQ793,Dell Latitude 5410,2026-08,2026-08-01,2026-08-31,1800,1800,NO
INV-0342,122,RATHAM TECHNOLOGIES LLP,TTSPL6933,5CG3050K9Y,HP Elitebook 840 G8,2026-07,2026-07-07,2026-07-31,3199,2579.84,YES
INV-0342,122,RATHAM TECHNOLOGIES LLP,TTSPL6933,5CG3050K9Y,HP Elitebook 840 G8,2026-08,2026-08-01,2026-08-31,3199,3199,NO
INV-0342,122,RATHAM TECHNOLOGIES LLP,TTSPL4809,DYTXZH3,Dell Latitude 5420,2026-07,2026-07-04,2026-07-31,3199,2889.42,YES
INV-0342,122,RATHAM TECHNOLOGIES LLP,TTSPL4809,DYTXZH3,Dell Latitude 5420,2026-08,2026-08-01,2026-08-31,3199,3199,NO
INV-0342,122,RATHAM TECHNOLOGIES LLP,TTSPL3995,CND12350P1,HP Elitebook 1040 G8,2026-07,2026-07-11,2026-07-31,3199,2167.06,YES
INV-0342,122,RATHAM TECHNOLOGIES LLP,TTSPL3995,CND12350P1,HP Elitebook 1040 G8,2026-08,2026-08-01,2026-08-31,3199,3199,NO
INV-0342,122,RATHAM TECHNOLOGIES LLP,TTSPL3113,PF1XA922,T-490,2026-08,2026-08-01,2026-08-31,2199,2199,NO
INV-0342,122,RATHAM TECHNOLOGIES LLP,TTSPL3115,PF225C13,T-490,2026-08,2026-08-01,2026-08-31,2199,2199,NO
INV-0342,122,RATHAM TECHNOLOGIES LLP,TTSPL3347,5CG2221RSG,HP 240 G8,2026-08,2026-08-01,2026-08-31,2399,2399,NO
INV-0342,122,RATHAM TECHNOLOGIES LLP,TTSPL2852,D2V5PQ2,Dell Latitude 7490,2026-08,2026-08-01,2026-08-31,2199,2199,NO
INV-0342,122,RATHAM TECHNOLOGIES LLP,TTSPL2864,68S8SF2,Dell Latitude E7470,2026-08,2026-08-01,2026-08-31,1099,1099,NO
INV-0342,122,RATHAM TECHNOLOGIES LLP,TTSPL3021,95NV2G2,Dell Latitude E7470,2026-08,2026-08-01,2026-08-31,1099,1099,NO
INV-0342,122,RATHAM TECHNOLOGIES LLP,TTSPL3337,CDKN1Z2,Dell Latitude 7400,2026-08,2026-08-01,2026-08-31,2399,2399,NO
INV-0342,122,RATHAM TECHNOLOGIES LLP,TTSPL3433,F4R1F63,Dell Latitude 5310 (TOUCH SCREEN),2026-08,2026-08-01,2026-08-31,1800,1800,NO
INV-0342,122,RATHAM TECHNOLOGIES LLP,TTSPL4055,54T5Z93,Dell Latitude 3410,2026-08,2026-08-01,2026-08-31,1800,1800,NO
INV-0342,122,RATHAM TECHNOLOGIES LLP,TTSPL4053,C9Z3L13,Dell Latitude 5400,2026-08,2026-08-01,2026-08-31,1800,1800,NO
INV-0342,122,RATHAM TECHNOLOGIES LLP,TTSPL4056,9WN6L13,Dell Latitude 5400,2026-08,2026-08-01,2026-08-31,1800,1800,NO
INV-0342,122,RATHAM TECHNOLOGIES LLP,TTSPL4089,HTP5XZ2,Dell Latitude 5310,2026-08,2026-08-01,2026-08-31,1800,1800,NO
INV-0342,122,RATHAM TECHNOLOGIES LLP,TTSPL4156,1XSN163,Dell Latitude 5410,2026-08,2026-08-01,2026-08-31,1800,1800,NO
INV-0342,122,RATHAM TECHNOLOGIES LLP,TTSPL3420,DYT1F63,Dell Latitude 5310,2026-08,2026-08-01,2026-08-31,1800,1800,NO
INV-0342,122,RATHAM TECHNOLOGIES LLP,TTSPL4241,356SQ73,Dell Latitude 5410,2026-08,2026-08-01,2026-08-31,1800,1800,NO
INV-0342,122,RATHAM TECHNOLOGIES LLP,TTSPL2026,GF58PQ2,Dell Latitude 7390,2026-08,2026-08-01,2026-08-31,1800,1800,NO
INV-0342,122,RATHAM TECHNOLOGIES LLP,TTSPL4311,CVD7S93,Dell Latitude 5320,2026-08,2026-08-01,2026-08-31,3199,3199,NO
INV-0342,122,RATHAM TECHNOLOGIES LLP,TTSPL4309,DWD4TG3,Dell Latitude 5320,2026-08,2026-08-01,2026-08-31,3199,3199,NO
INV-0342,122,RATHAM TECHNOLOGIES LLP,TTSPL4356,PC27MNRG,Lenovo Thinkpad X-13,2026-08,2026-08-01,2026-08-31,1800,1800,NO
INV-0342,122,RATHAM TECHNOLOGIES LLP,TTSPL4357,PC28VSSB,Lenovo Thinkpad X-13,2026-08,2026-08-01,2026-08-31,1800,1800,NO
INV-0342,122,RATHAM TECHNOLOGIES LLP,TTSPL4435,PF2AK73L,Lenovo Thinkpad L14,2026-08,2026-08-01,2026-08-31,1800,1800,NO
INV-0342,122,RATHAM TECHNOLOGIES LLP,TTSPL4433,PF2C8WBA,Lenovo Thinkpad L14,2026-08,2026-08-01,2026-08-31,1800,1800,NO
INV-0342,122,RATHAM TECHNOLOGIES LLP,TTSPL4690,PF2R8225,Lenovo Thinkpad T14,2026-08,2026-08-01,2026-08-31,1800,1800,NO
INV-0342,122,RATHAM TECHNOLOGIES LLP,TTSPL4542,9JHMFB3,Dell Latitude 5420,2026-08,2026-08-01,2026-08-31,1800,1800,NO
INV-0342,122,RATHAM TECHNOLOGIES LLP,TTSPL4085,JM8P563,Dell Latitude 5310,2026-08,2026-08-01,2026-08-31,1800,1800,NO
INV-0342,122,RATHAM TECHNOLOGIES LLP,TTSPL3450,3WR1F63,Dell Latitude 5310 (TOUCH SCREEN),2026-08,2026-08-01,2026-08-31,1800,1800,NO
INV-0342,122,RATHAM TECHNOLOGIES LLP,TTSPL4485,FXSVFB3,Dell Latitude 5410 (Touch),2026-08,2026-08-01,2026-08-31,1800,1800,NO
INV-0342,122,RATHAM TECHNOLOGIES LLP,TTSPL5819,B641QG3,Dell Latitude 3420,2026-08,2026-08-01,2026-08-31,2399,2399,NO
INV-0342,122,RATHAM TECHNOLOGIES LLP,TTSPL5322,FHS4JG3,Dell Latitude 3420,2026-08,2026-08-01,2026-08-31,2399,2399,NO
INV-0342,122,RATHAM TECHNOLOGIES LLP,TTSPL3846,BW6FYY2,Dell Latitude 7400,2026-08,2026-08-01,2026-08-31,2499,2499,NO
INV-0342,122,RATHAM TECHNOLOGIES LLP,TTSPL5688,8SPD5B3,Dell Latitude 3410,2026-08,2026-08-01,2026-08-31,1800,1800,NO
INV-0342,122,RATHAM TECHNOLOGIES LLP,TTSPL5319,8FFRHG3,Dell Latitude 3420,2026-08,2026-08-01,2026-08-31,1800,1800,NO
INV-0342,122,RATHAM TECHNOLOGIES LLP,TTSPL6208,1743C63,Dell Latitude 3410,2026-08,2026-08-01,2026-08-31,1800,1800,NO
INV-0342,122,RATHAM TECHNOLOGIES LLP,TTSPL6267,JBRD2B3,Dell Latitude 3420,2026-08,2026-08-01,2026-08-31,1800,1800,NO
INV-0342,122,RATHAM TECHNOLOGIES LLP,TTSPL6552,GBQ1T93,Dell Latitude 3410,2026-08,2026-08-01,2026-08-31,1800,1800,NO
INV-0342,122,RATHAM TECHNOLOGIES LLP,TTSPL4740,3CK60J3,Dell Latitude 5420,2026-08,2026-08-01,2026-08-31,3199,3199,NO
INV-0342,122,RATHAM TECHNOLOGIES LLP,TTSPL6206,BQ83C63,Dell Latitude 3410,2026-08,2026-08-01,2026-08-31,1800,1800,NO
INV-0342,122,RATHAM TECHNOLOGIES LLP,TTSPL6724,GB63C63,Dell Latitude 3410,2026-08,2026-08-01,2026-08-31,1800,1800,NO
INV-0342,122,RATHAM TECHNOLOGIES LLP,TTSPL6487,JH6BC63,Dell Latitude 3410,2026-08,2026-08-01,2026-08-31,1800,1800,NO
INV-0342,122,RATHAM TECHNOLOGIES LLP,TTSPL6464,8N33C63,Dell Latitude 3410,2026-08,2026-08-01,2026-08-31,1800,1800,NO
INV-0342,122,RATHAM TECHNOLOGIES LLP,TTSPL6544,1VPD5B3,Dell Latitude 3410,2026-08,2026-08-01,2026-08-31,1800,1800,NO
INV-0342,122,RATHAM TECHNOLOGIES LLP,TTSPL6987,5CG3128D98,HP Elitebook 840 G8,2026-08,2026-08-01,2026-08-31,3199,3199,NO
INV-0342,122,RATHAM TECHNOLOGIES LLP,TTSPL6228,D7QS103,Dell Latitude 3410,2026-08,2026-08-01,2026-08-31,1800,1800,NO
INV-0342,122,RATHAM TECHNOLOGIES LLP,TTSPL6627,5MK5QG3,Dell Latitude 3420,2026-08,2026-08-01,2026-08-31,1800,1800,NO
INV-0342,122,RATHAM TECHNOLOGIES LLP,TTSPL6723,7GTM763,Dell Latitude 3410,2026-08,2026-08-01,2026-08-31,1800,1800,NO
INV-0342,122,RATHAM TECHNOLOGIES LLP,TTSPL6481,8H3BW93,Dell Latitude 3410,2026-08,2026-08-01,2026-08-31,1800,1800,NO
INV-0342,122,RATHAM TECHNOLOGIES LLP,TTSPL4842,JWX60J3,Dell Latitude 5420,2026-08,2026-08-01,2026-08-31,3199,3199,NO
INV-0342,122,RATHAM TECHNOLOGIES LLP,TTSPL3089,PF40J5FK,Lenovo Ideapad 3,2026-08,2026-08-01,2026-08-31,3199,3199,NO
INV-0342,122,RATHAM TECHNOLOGIES LLP,TTSPL7242,R913GZCQ,Lenovo Thinkpad L13,2026-08,2026-08-01,2026-08-31,1800,1800,NO
INV-0263,960,IN KNOW TECH PRIVATE LIMITED,TTSPL4338,PF2R3K6T,Lenovo Thinkpad T14,2026-07,2026-07-17,2026-07-31,2500,1209.68,YES
INV-0263,960,IN KNOW TECH PRIVATE LIMITED,TTSPL4338,PF2R3K6T,Lenovo Thinkpad T14,2026-08,2026-08-01,2026-08-31,2500,2500,NO
INV-0207,22,NUTRITIONALAB PRIVATE LIMITED,TTSPL4741,71660J3,Dell Latitude 5420,2026-08,2026-08-01,2026-08-31,2999,2999,NO
INV-0207,22,NUTRITIONALAB PRIVATE LIMITED,TTSPL4890,LT4HMHNH2F,Apple Macbook Pro,2026-08,2026-08-01,2026-08-31,8999,8999,NO
INV-0207,22,NUTRITIONALAB PRIVATE LIMITED,TTSPL7017,HM943P59RC,Apple Macbook Pro,2026-08,2026-08-01,2026-08-31,10999,10999,NO
INV-0207,22,NUTRITIONALAB PRIVATE LIMITED,TTSPL4463,PC2830NM,Lenovo Thinkpad X-13,2026-08,2026-08-01,2026-08-31,1999,1999,NO
INV-0207,22,NUTRITIONALAB PRIVATE LIMITED,TTSPL5853,HDYTXTNX92,Apple Macbook Pro,2026-08,2026-08-01,2026-08-31,8999,8999,NO
INV-0207,22,NUTRITIONALAB PRIVATE LIMITED,TTSPL5797,FXNXVM3,Dell Latitude 5420,2026-08,2026-08-01,2026-08-31,2999,2999,NO
INV-0207,22,NUTRITIONALAB PRIVATE LIMITED,TTSPL6981,K6GW6PH3QQ,Apple Macbook Pro,2026-08,2026-08-01,2026-08-31,10999,10999,NO
INV-0207,22,NUTRITIONALAB PRIVATE LIMITED,TTSPL6415,PG02JQ8Z,Lenovo Thinkpad E-14 Gen 2,2026-08,2026-08-01,2026-08-31,1999,1999,NO
INV-0207,22,NUTRITIONALAB PRIVATE LIMITED,TTSPL5908,GYVKGVQ3HM,Macbook Air,2026-07,2026-07-03,2026-07-31,6500,6080.65,YES
INV-0207,22,NUTRITIONALAB PRIVATE LIMITED,TTSPL5908,GYVKGVQ3HM,Macbook Air,2026-08,2026-08-01,2026-08-31,6500,6500,NO
INV-0207,22,NUTRITIONALAB PRIVATE LIMITED,TTSPL7513,MT9JLQV7H3,"Mac17,2",2026-07,2026-07-23,2026-07-31,12999,3773.9,YES
INV-0207,22,NUTRITIONALAB PRIVATE LIMITED,TTSPL7513,MT9JLQV7H3,"Mac17,2",2026-08,2026-08-01,2026-08-31,12999,12999,NO
INV-0207,22,NUTRITIONALAB PRIVATE LIMITED,TTSPL5791,6928HK3,Dell Latitude 5420,2026-07,2026-07-29,2026-07-31,2999,290.23,YES
INV-0207,22,NUTRITIONALAB PRIVATE LIMITED,TTSPL5791,6928HK3,Dell Latitude 5420,2026-08,2026-08-01,2026-08-31,2999,2999,NO
INV-0207,22,NUTRITIONALAB PRIVATE LIMITED,TTSPL6869,5CG2139NT6,HP Elitebook 840 G8,2026-08,2026-08-01,2026-08-31,2999,2999,NO
INV-0207,22,NUTRITIONALAB PRIVATE LIMITED,TTSPL5704,6RZ3JL3,Dell Latitude 3420,2026-08,2026-08-01,2026-08-31,1999,1999,NO
INV-0207,22,NUTRITIONALAB PRIVATE LIMITED,TTSPL5768,6XZBRG3,Dell Latitude 3420,2026-08,2026-08-01,2026-08-31,1999,1999,NO
INV-0207,22,NUTRITIONALAB PRIVATE LIMITED,TTSPL6305,FZ7C2J3,Dell Latitude 5420,2026-08,2026-08-01,2026-08-31,2999,2999,NO
INV-0207,22,NUTRITIONALAB PRIVATE LIMITED,TTSPL4514,434S9K3,Dell Latitude 5420 (Touch Screen),2026-08,2026-08-01,2026-08-31,2999,2999,NO
INV-0207,22,NUTRITIONALAB PRIVATE LIMITED,TTSPL7283,G7MC6KGJY6,Apple Macbook Pro,2026-08,2026-08-01,2026-08-31,11000,11000,NO
INV-0207,22,NUTRITIONALAB PRIVATE LIMITED,TTSPL4464,PC261P3Y,Lenovo Thinkpad X-13,2026-08,2026-08-01,2026-08-31,1999,1999,NO
INV-0207,22,NUTRITIONALAB PRIVATE LIMITED,TTSPL4467,PC2830NL,Lenovo Thinkpad X-13,2026-08,2026-08-01,2026-08-31,1999,1999,NO
INV-0207,22,NUTRITIONALAB PRIVATE LIMITED,TTSPL4580,53GN3F3,Dell Latitude 5420 (Touch Screen),2026-08,2026-08-01,2026-08-31,2999,2999,NO
INV-0207,22,NUTRITIONALAB PRIVATE LIMITED,TTSPL4772,H1B50J3,Dell Latitude 5420,2026-08,2026-08-01,2026-08-31,2999,2999,NO
INV-0207,22,NUTRITIONALAB PRIVATE LIMITED,TTSPL4466,PC261P3M,Lenovo Thinkpad X-13,2026-08,2026-08-01,2026-08-31,1999,1999,NO
INV-0207,22,NUTRITIONALAB PRIVATE LIMITED,TTSPL5101,PG04GTJ1,Lenovo V14 (Gen 3),2026-08,2026-08-01,2026-08-31,2499,2499,NO
INV-0207,22,NUTRITIONALAB PRIVATE LIMITED,TTSPL4889,KDF0CHX2NF,Apple Macbook Pro,2026-08,2026-08-01,2026-08-31,8999,8999,NO
INV-0207,22,NUTRITIONALAB PRIVATE LIMITED,TTSPL5611,PF3BLMBL,Lenovo Thinkpad E14,2026-08,2026-08-01,2026-08-31,1999,1999,NO
INV-0207,22,NUTRITIONALAB PRIVATE LIMITED,TTSPL5630,PF3C6PTM,Lenovo Thinkpad E14,2026-08,2026-08-01,2026-08-31,1999,1999,NO
INV-0207,22,NUTRITIONALAB PRIVATE LIMITED,TTSPL6806,4LT84D3,Dell Latitude 5420,2026-08,2026-08-01,2026-08-31,2999,2999,NO
INV-0207,22,NUTRITIONALAB PRIVATE LIMITED,TTSPL4557,J54H2F3,Dell Latitude 5420,2026-08,2026-08-01,2026-08-31,1999,1999,NO
INV-0207,22,NUTRITIONALAB PRIVATE LIMITED,TTSPL5628,PG02S239,Lenovo Thinkpad E14,2026-08,2026-08-01,2026-08-31,1999,1999,NO
INV-0207,22,NUTRITIONALAB PRIVATE LIMITED,TTSPL6930,JZHS3T3,Dell Latitude 7330 (Touch),2026-08,2026-08-01,2026-08-31,3500,3500,NO
INV-0207,22,NUTRITIONALAB PRIVATE LIMITED,TTSPL6979,GV6FH7XQT2,Apple Macbook Pro,2026-08,2026-08-01,2026-08-31,10999,10999,NO
INV-0207,22,NUTRITIONALAB PRIVATE LIMITED,TTSPL6308,J58C2J3,Dell Latitude 5420,2026-08,2026-08-01,2026-08-31,2999,2999,NO
INV-0207,22,NUTRITIONALAB PRIVATE LIMITED,TTSPL4282,C1F7S93,Dell Latitude 5320,2026-08,2026-08-01,2026-08-31,2999,2999,NO
INV-0207,22,NUTRITIONALAB PRIVATE LIMITED,TTSPL4625,G1P04M3,Dell Latitude 5420 (Touch Screen),2026-08,2026-08-01,2026-08-31,2999,2999,NO
INV-0207,22,NUTRITIONALAB PRIVATE LIMITED,TTSPL6849,5CG2225S44,HP Elitebook 840 G8,2026-08,2026-08-01,2026-08-31,2999,2999,NO
INV-0207,22,NUTRITIONALAB PRIVATE LIMITED,TTSPL4697,PF31PDTR,Lenovo Thinkpad T14,2026-08,2026-08-01,2026-08-31,1999,1999,NO
INV-0207,22,NUTRITIONALAB PRIVATE LIMITED,TTSPL4459,PC261P34,Lenovo Thinkpad X-13,2026-08,2026-08-01,2026-08-31,1999,1999,NO
INV-0207,22,NUTRITIONALAB PRIVATE LIMITED,TTSPL5016,PF34JQ3G,Lenovo THinkpad X1 Carbon,2026-08,2026-08-01,2026-08-31,5299,5299,NO
INV-0207,22,NUTRITIONALAB PRIVATE LIMITED,TTSPL6251,H9PXVM3,Dell Latitude 5420,2026-08,2026-08-01,2026-08-31,2999,2999,NO
INV-0207,22,NUTRITIONALAB PRIVATE LIMITED,TTSPL6558,PF5T3Q7R,Lenovo Thinkpad X1 Carbon,2026-08,2026-08-01,2026-08-31,8499,8499,NO
INV-0207,22,NUTRITIONALAB PRIVATE LIMITED,TTSPL5327,5CD1315YTV,HP Probook 440 G8,2026-08,2026-08-01,2026-08-31,1999,1999,NO
INV-0207,22,NUTRITIONALAB PRIVATE LIMITED,TTSPL6295,DIPXVM3,Dell Latitude 5420,2026-08,2026-08-01,2026-08-31,2999,2999,NO
INV-0207,22,NUTRITIONALAB PRIVATE LIMITED,TTSPL4462,PC261MHL,Lenovo Thinkpad X-13,2026-08,2026-08-01,2026-08-31,1999,1999,NO
INV-0207,22,NUTRITIONALAB PRIVATE LIMITED,TTSPL4744,JTS50J3,Dell Latitude 5420,2026-08,2026-08-01,2026-08-31,2499,2499,NO
INV-0207,22,NUTRITIONALAB PRIVATE LIMITED,TTSPL4471,PC27MNS8,Lenovo Thinkpad X-13,2026-08,2026-08-01,2026-08-31,1999,1999,NO
INV-0207,22,NUTRITIONALAB PRIVATE LIMITED,TTSPL5013,PG04FE4R,Lenovo V14 (Gen 3),2026-08,2026-08-01,2026-08-31,2499,2499,NO
INV-0207,22,NUTRITIONALAB PRIVATE LIMITED,TTSPL4837,CSJ60J3,Dell Latitude 5420,2026-08,2026-08-01,2026-08-31,2999,2999,NO
INV-0207,22,NUTRITIONALAB PRIVATE LIMITED,TTSPL5175,PG02SKCK,Lenovo Thinkpad E14 (Gen 2),2026-08,2026-08-01,2026-08-31,1999,1999,NO
INV-0207,22,NUTRITIONALAB PRIVATE LIMITED,TTSPL4674,H2XC2F3,Dell Latitude 5420 (Touch Screen),2026-08,2026-08-01,2026-08-31,2999,2999,NO
INV-0288,163,Truetech Services Pvt. Ltd.,TTSPL3589,PC11LLRZ,Lenovo Thinkpad T480s,2026-08,2026-08-01,2026-08-31,1,1,NO
INV-0288,163,Truetech Services Pvt. Ltd.,TTSPL5083,NO S/N-ERP2958,Assemble W042,2026-08,2026-08-01,2026-08-31,1,1,NO
INV-0288,163,Truetech Services Pvt. Ltd.,TTSPL2380,G1RYBG2,Dell Latitude E5470,2026-08,2026-08-01,2026-08-31,1,1,NO
INV-0288,163,Truetech Services Pvt. Ltd.,TTSPL7300,8WZK2J3,Dell Latitude 5420,2026-08,2026-08-01,2026-08-31,1,1,NO
INV-0288,163,Truetech Services Pvt. Ltd.,TTSPL5345,7QDRDK3,Dell Latitude 5430,2026-08,2026-08-01,2026-08-31,1,1,NO
INV-0288,163,Truetech Services Pvt. Ltd.,TTSPL4169,6M3Y1F3,Dell Latitude 7310,2026-08,2026-08-01,2026-08-31,1,1,NO
INV-0288,163,Truetech Services Pvt. Ltd.,TTSPL4229,G9J1BC3,Dell Latitude 5410,2026-08,2026-08-01,2026-08-31,1,1,NO
INV-0288,163,Truetech Services Pvt. Ltd.,TTSPL5620,PG02SK9X,Lenovo Thinkpad E14,2026-08,2026-08-01,2026-08-31,1,1,NO
INV-0288,163,Truetech Services Pvt. Ltd.,TTSPL6260,DZ33C63,Dell Latitude 3410,2026-08,2026-08-01,2026-08-31,1,1,NO
INV-0288,163,Truetech Services Pvt. Ltd.,TTSPL6790,M6K7F3CWH9,Apple Macbook Air,2026-08,2026-08-01,2026-08-31,1,1,NO
INV-0288,163,Truetech Services Pvt. Ltd.,TTSPL3492,85PR3J3,Dell Latitude 5420,2026-08,2026-08-01,2026-08-31,1,1,NO
INV-0262,5,Indicold Private Limited (HR),TTSPL4901,JGSS7Y2,Dell Latitude 5490,2026-08,2026-08-01,2026-08-31,1990,1990,NO
INV-0262,5,Indicold Private Limited (HR),TTSPL2828,BX9Y4H2,Dell Latitude E7470,2026-08,2026-08-01,2026-08-31,1990,1990,NO
INV-0262,5,Indicold Private Limited (HR),TTSPL2797,HFLFQF2,Dell Latitude E7470,2026-08,2026-08-01,2026-08-31,1990,1990,NO
INV-0262,5,Indicold Private Limited (HR),TTSPL1047,G4Z56H2,Dell Latitude E7480,2026-08,2026-08-01,2026-08-31,2390,2390,NO
INV-0262,5,Indicold Private Limited (HR),TTSPL3456,7PBJMH2,Dell Latitude E5480,2026-08,2026-08-01,2026-08-31,1990,1990,NO
INV-0262,5,Indicold Private Limited (HR),TTSPL2304,780ZVD2,Dell Latitude E5470,2026-08,2026-08-01,2026-08-31,1990,1990,NO
INV-0262,5,Indicold Private Limited (HR),TTSPL2628,CBXMFC2,Dell Latitude E5470,2026-08,2026-08-01,2026-08-31,1990,1990,NO
INV-0262,5,Indicold Private Limited (HR),TTSPL1931,5CD702021X,HP Laptop Probook 430 G3,2026-08,2026-08-01,2026-08-31,1990,1990,NO
INV-0262,5,Indicold Private Limited (HR),TTSPL1768,61JYPC2,Dell Latitude E5470,2026-08,2026-08-01,2026-08-31,1990,1990,NO
INV-0262,5,Indicold Private Limited (HR),TTSPL2855,4ZX62H2,Dell Latitude E7470,2026-08,2026-08-01,2026-08-31,1990,1990,NO
INV-0262,5,Indicold Private Limited (HR),TTSPL2651,5CD9094LZ1,HP Elitebook X360 1030 G3,2026-08,2026-08-01,2026-08-31,3499,3499,NO
INV-0262,5,Indicold Private Limited (HR),TTSPL2271,3490MH2,Dell Laptop Latitude E5280,2026-08,2026-08-01,2026-08-31,1990,1990,NO
INV-0325,7,PEOPLE STAFFING SOLUTIONS,TTSPL4153,CW9LLH2,Dell Latitude 7480,2026-08,2026-08-01,2026-08-31,999,999,NO
INV-0325,7,PEOPLE STAFFING SOLUTIONS,TTSPL3045,HZQ8KC2,Dell Latitude E7470,2026-08,2026-08-01,2026-08-31,950,950,NO
INV-0325,7,PEOPLE STAFFING SOLUTIONS,TTSPL1625,GDS8CG2,Dell Latitude E5470,2026-08,2026-08-01,2026-08-31,950,950,NO
INV-0325,7,PEOPLE STAFFING SOLUTIONS,TTSPL3204,R90MQYC1,Lenovo Thinkpad T560,2026-08,2026-08-01,2026-08-31,999,999,NO
INV-0325,7,PEOPLE STAFFING SOLUTIONS,TTSPL2845,5Z550G2,Dell Latitude E7470,2026-08,2026-08-01,2026-08-31,999,999,NO
INV-0325,7,PEOPLE STAFFING SOLUTIONS,TTSPL2862,3YST6H2,Dell Latitude E7470,2026-08,2026-08-01,2026-08-31,999,999,NO
INV-0325,7,PEOPLE STAFFING SOLUTIONS,TTSPL1044,DTX5ZM2,Dell Latitude E7480,2026-08,2026-08-01,2026-08-31,950,950,NO
INV-0325,7,PEOPLE STAFFING SOLUTIONS,TTSPL2952,CG95WD2,Dell Latitude E7470,2026-08,2026-08-01,2026-08-31,999,999,NO
INV-0325,7,PEOPLE STAFFING SOLUTIONS,TTSPL2098,B8865H2,Dell Latitude E7280,2026-08,2026-08-01,2026-08-31,999,999,NO
INV-0325,7,PEOPLE STAFFING SOLUTIONS,TTSPL2834,CJP00G2,Dell Latitude E7470,2026-08,2026-08-01,2026-08-31,999,999,NO
INV-0325,7,PEOPLE STAFFING SOLUTIONS,TTSPL4136,957ZFH2,Dell Latitude E5480,2026-08,2026-08-01,2026-08-31,999,999,NO
INV-0325,7,PEOPLE STAFFING SOLUTIONS,TTSPL4049,5CG7021JXT,HP Elitebook 820 G3,2026-08,2026-08-01,2026-08-31,999,999,NO
INV-0325,7,PEOPLE STAFFING SOLUTIONS,TTSPL1640,GF97PH2,Dell Latitude E5480,2026-08,2026-08-01,2026-08-31,999,999,NO
INV-0325,7,PEOPLE STAFFING SOLUTIONS,TTSPL2839,H8ZZZF2,Dell Latitude E7470,2026-08,2026-08-01,2026-08-31,999,999,NO
INV-0325,7,PEOPLE STAFFING SOLUTIONS,TTSPL2329,5CD6420JXW,HP Probook 440 G3,2026-08,2026-08-01,2026-08-31,999,999,NO
INV-0325,7,PEOPLE STAFFING SOLUTIONS,TTSPL1620,9DP7CG2,Dell Latitude E5470,2026-08,2026-08-01,2026-08-31,999,999,NO
INV-0325,7,PEOPLE STAFFING SOLUTIONS,TTSPLGR0145,5CG9020960,HP Elitebook 820 G3,2026-08,2026-08-01,2026-08-31,999,999,NO
INV-0325,7,PEOPLE STAFFING SOLUTIONS,TTSPL1083,HWZJMC2,Dell Latitude E5470,2026-08,2026-08-01,2026-08-31,950,950,NO
INV-0325,7,PEOPLE STAFFING SOLUTIONS,TTSPL2840,FD4N7H2,Dell Latitude E7470,2026-08,2026-08-01,2026-08-31,950,950,NO
INV-0325,7,PEOPLE STAFFING SOLUTIONS,TTSPL2959,J795WD2,Dell Latitude E7470,2026-08,2026-08-01,2026-08-31,950,950,NO
INV-0325,7,PEOPLE STAFFING SOLUTIONS,TTSPLGR0142,5CG8291L7Q,HP Elitebook 820 G3,2026-08,2026-08-01,2026-08-31,950,950,NO
INV-0325,7,PEOPLE STAFFING SOLUTIONS,TTSPL1617,57Z8CG2,Dell Latitude E5470,2026-08,2026-08-01,2026-08-31,999,999,NO
INV-0325,7,PEOPLE STAFFING SOLUTIONS,TTSPL3297,PC0CF2MG,Lenovo Thinkpad T450,2026-08,2026-08-01,2026-08-31,999,999,NO
INV-0325,7,PEOPLE STAFFING SOLUTIONS,TTSPL2843,GFW4BG2,Dell Latitude E7470,2026-08,2026-08-01,2026-08-31,999,999,NO
INV-0325,7,PEOPLE STAFFING SOLUTIONS,TTSPL2392,PC0L756G,Lenovo Thinkpad T460 (Touch Screen),2026-08,2026-08-01,2026-08-31,999,999,NO
INV-0325,7,PEOPLE STAFFING SOLUTIONS,TTSPL1654,PC0C78EP,Lenovo Thinkpad T450,2026-08,2026-08-01,2026-08-31,999,999,NO
INV-0325,7,PEOPLE STAFFING SOLUTIONS,TTSPLGR0137,5CG75246K3,HP Elitebook 820 G3,2026-08,2026-08-01,2026-08-31,999,999,NO
INV-0325,7,PEOPLE STAFFING SOLUTIONS,TTSPL3884,G2QS0N2,Dell Latitude 7480,2026-08,2026-08-01,2026-08-31,999,999,NO
INV-0325,7,PEOPLE STAFFING SOLUTIONS,TTSPL1489,5CG7021SD6,HP Elitebook 820 G3,2026-08,2026-08-01,2026-08-31,999,999,NO
INV-0325,7,PEOPLE STAFFING SOLUTIONS,TTSPL1639,791YFC2,Dell Latitude E5470,2026-08,2026-08-01,2026-08-31,999,999,NO
INV-0325,7,PEOPLE STAFFING SOLUTIONS,TTSPL1981,5CG642091L,HP Elitebook 820 G3,2026-08,2026-08-01,2026-08-31,950,950,NO
INV-0325,7,PEOPLE STAFFING SOLUTIONS,TTSPL2243,DC37GH2,Dell Latitude E5480,2026-08,2026-08-01,2026-08-31,950,950,NO
INV-0325,7,PEOPLE STAFFING SOLUTIONS,TTSPL2802,64R50G2,Dell Latitude E7470,2026-08,2026-08-01,2026-08-31,950,950,NO
INV-0325,7,PEOPLE STAFFING SOLUTIONS,TTSPL3887,7WGFHD2,Dell Latitude 7480,2026-08,2026-08-01,2026-08-31,999,999,NO
INV-0325,7,PEOPLE STAFFING SOLUTIONS,TTSPL2954,18DLRC2,Dell Latitude E7470,2026-08,2026-08-01,2026-08-31,950,950,NO
INV-0233,9,Quest Solutions Private Limited,TTSPL4061,6CGV5Q2,Dell Latitude 7490,2026-08,2026-08-01,2026-08-31,1449,1449,NO
INV-0233,9,Quest Solutions Private Limited,TTSPL5161,PF367QND,Lenovo Thinkpad T14,2026-08,2026-08-01,2026-08-31,1999,1999,NO
INV-0233,9,Quest Solutions Private Limited,TTSPL5771,F2B8SL3,Dell Latitude 3420,2026-08,2026-08-01,2026-08-31,2099,2099,NO
INV-0233,9,Quest Solutions Private Limited,TTSPL4133,CND1234N3H,HP Elitebook 1040 G8,2026-08,2026-08-01,2026-08-31,3499,3499,NO
INV-0233,9,Quest Solutions Private Limited,TTSPL4134,CND1262L1C,HP Elitebook 1040 G8,2026-08,2026-08-01,2026-08-31,3499,3499,NO
INV-0233,9,Quest Solutions Private Limited,TTSPL3876,8D8THR2,Dell Latitude 7490,2026-08,2026-08-01,2026-08-31,1299,1299,NO
INV-0233,9,Quest Solutions Private Limited,TTSPL3894,GX52MQ2,Dell Latitude 7490,2026-08,2026-08-01,2026-08-31,1449,1449,NO
INV-0233,9,Quest Solutions Private Limited,TTSPL3795,4RJHDB3,Dell Latitude 5410,2026-08,2026-08-01,2026-08-31,1999,1999,NO
INV-0233,9,Quest Solutions Private Limited,TTSPL3465,8LT1F63,Dell Latitude 5310 (TOUCH SCREEN),2026-08,2026-08-01,2026-08-31,1999,1999,NO
INV-0233,9,Quest Solutions Private Limited,TTSPL7535,42X53D3,Latitude 5420,2026-07,2026-07-27,2026-07-31,2099,338.55,YES
INV-0233,9,Quest Solutions Private Limited,TTSPL7535,42X53D3,Latitude 5420,2026-08,2026-08-01,2026-08-31,2099,2099,NO
INV-0233,9,Quest Solutions Private Limited,TTSPL7527,9F9ZZH3,Latitude 5420,2026-07,2026-07-27,2026-07-31,2099,338.55,YES
INV-0233,9,Quest Solutions Private Limited,TTSPL7527,9F9ZZH3,Latitude 5420,2026-08,2026-08-01,2026-08-31,2099,2099,NO
INV-0233,9,Quest Solutions Private Limited,TTSPL7561,7WRJZH3,Latitude 5420,2026-07,2026-07-30,2026-07-31,1609.23,103.82,YES
INV-0233,9,Quest Solutions Private Limited,TTSPL7561,7WRJZH3,Latitude 5420,2026-08,2026-08-01,2026-08-31,1609.23,1609.23,NO
INV-0233,9,Quest Solutions Private Limited,TTSPL6560,5CD112KF9P,Probook 440 G8,2026-07,2026-07-30,2026-07-31,1999,128.97,YES
INV-0233,9,Quest Solutions Private Limited,TTSPL6560,5CD112KF9P,Probook 440 G8,2026-08,2026-08-01,2026-08-31,1999,1999,NO
INV-0233,9,Quest Solutions Private Limited,TTSPL4442,PF2AKKBF,Lenovo Thinkpad L14,2026-08,2026-08-01,2026-08-31,1999,1999,NO
INV-0233,9,Quest Solutions Private Limited,TTSPL3700,PF29P8KH,Lenovo Thinkpad L14,2026-08,2026-08-01,2026-08-31,1999,1999,NO
INV-0233,9,Quest Solutions Private Limited,TTSPL6319,3BJB2J3,Dell Latitude 5420,2026-08,2026-08-01,2026-08-31,2199,2199,NO
INV-0233,9,Quest Solutions Private Limited,TTSPL4493,GLPKZH3,Dell Latitude 5420,2026-08,2026-08-01,2026-08-31,1999,1999,NO
INV-0233,9,Quest Solutions Private Limited,TTSPL5615,PG0324MA,Lenovo Thinkpad E14,2026-08,2026-08-01,2026-08-31,2099,2099,NO
INV-0233,9,Quest Solutions Private Limited,TTSPL4494,6BCH2J3,Dell Latitude 5420,2026-08,2026-08-01,2026-08-31,2099,2099,NO
INV-0233,9,Quest Solutions Private Limited,TTSPL2593,CLTHGJ3,Dell Vostro 3500,2026-08,2026-08-01,2026-08-31,2999,2999,NO
INV-0233,9,Quest Solutions Private Limited,TTSPL4064,DSSLPQ2,Dell Latitude 7490,2026-08,2026-08-01,2026-08-31,1299,1299,NO
INV-0233,9,Quest Solutions Private Limited,TTSPL3230,2THX2D3,Dell Latitude 5420,2026-08,2026-08-01,2026-08-31,1999,1999,NO
INV-0233,9,Quest Solutions Private Limited,TTSPL6385,PG02VJDL,Lenovo Thinkpad E-14 Gen 2,2026-08,2026-08-01,2026-08-31,1900,1900,NO
INV-0233,9,Quest Solutions Private Limited,TTSPL5366,5CD14120CJ,HP Probook 440 G8,2026-08,2026-08-01,2026-08-31,2099,2099,NO
INV-0233,9,Quest Solutions Private Limited,TTSPL4457,PC28HQ8T,Lenovo Thinkpad X-13,2026-08,2026-08-01,2026-08-31,2099,2099,NO
INV-0233,9,Quest Solutions Private Limited,TTSPL5528,T7NRCX02W958297,Asus TUF Gaming A15,2026-08,2026-08-01,2026-08-31,7299,7299,NO
INV-0233,9,Quest Solutions Private Limited,TTSPL4857,5J2WZ33,Dell Latitude 5410,2026-08,2026-08-01,2026-08-31,1999,1999,NO
INV-0233,9,Quest Solutions Private Limited,TTSPL4929,PC164BDV,Lenovo Thinkpad T480s,2026-08,2026-08-01,2026-08-31,1449,1449,NO
INV-0233,9,Quest Solutions Private Limited,TTSPL3260,5C5QVT2,Dell Latitude 7490,2026-08,2026-08-01,2026-08-31,1299,1299,NO
INV-0233,9,Quest Solutions Private Limited,TTSPL3431,2ZT1F63,Dell Latitude 5310 (TOUCH SCREEN),2026-08,2026-08-01,2026-08-31,1999,1999,NO
INV-0233,9,Quest Solutions Private Limited,TTSPL4717,PF31NC8P,Lenovo Thinkpad T14,2026-08,2026-08-01,2026-08-31,2199,2199,NO
INV-0233,9,Quest Solutions Private Limited,TTSPL3035,JY0DK63,Dell Latitude 5410,2026-08,2026-08-01,2026-08-31,2299,2299,NO
INV-0233,9,Quest Solutions Private Limited,TTSPL3698,PF2E4K23,Lenovo Thinkpad L14,2026-08,2026-08-01,2026-08-31,1999,1999,NO
INV-0233,9,Quest Solutions Private Limited,TTSPL6052,5CD112KFGH,HP Probook 440 G8,2026-08,2026-08-01,2026-08-31,2099,2099,NO
INV-0233,9,Quest Solutions Private Limited,TTSPL6413,PG02JQ89,Lenovo Thinkpad E-14 Gen 2,2026-08,2026-08-01,2026-08-31,2099,2099,NO
INV-0233,9,Quest Solutions Private Limited,TTSPL3446,1NQ1F63,Dell Latitude 5310 (TOUCH SCREEN),2026-08,2026-08-01,2026-08-31,1999,1999,NO
INV-0233,9,Quest Solutions Private Limited,TTSPL4441,PF2AKVX2,Lenovo Thinkpad L14,2026-08,2026-08-01,2026-08-31,1999,1999,NO
INV-0233,9,Quest Solutions Private Limited,TTSPLGR0166,DLBY0B3,Dell Latitude 5310,2026-08,2026-08-01,2026-08-31,1999,1999,NO
INV-0233,9,Quest Solutions Private Limited,TTSPL6049,5CD112LTT7,HP Probook 440 G8,2026-08,2026-08-01,2026-08-31,2099,2099,NO
INV-0233,9,Quest Solutions Private Limited,TTSPL2945,77BX7S2,Dell Latitude 7490,2026-08,2026-08-01,2026-08-31,1299,1299,NO
